wavenumber_cm-1,实验：SDBS 粉末 Raman,"参考理论：ORCA B3LYP/6-31+G(d,p)",构型 1：Gaussian B3LYP/6-31G(d),构型 2：Gaussian B3LYP/6-31G(d),二聚体：Gaussian B3LYP/6-31G(d)
0.0,0.00000000,0.00000000,0.00000000,0.00000000,0.00000000
1.0,0.00000000,0.00000000,0.00000000,0.00000000,0.00000000
2.0,0.00000000,0.00000000,0.00000000,0.00000000,0.00000000
3.0,0.00000000,0.00000000,0.00000000,0.00000000,0.00000000
4.0,0.00000000,0.00000000,0.00000000,0.00000000,0.00000000
5.0,1.00000000,0.00000000,0.00000000,0.00000000,0.00000000
6.0,1.00000000,0.00000000,0.00000000,0.00000000,0.00000000
7.0,1.00000000,0.00000000,0.00000000,0.00000000,0.00000000
8.0,1.00000000,0.00000000,0.00000000,0.00000000,0.00000000
9.0,1.00000000,0.00000000,0.00000000,0.00000000,0.00000000
10.0,1.00000000,0.00000000,0.00000000,0.00000000,0.00000001
11.0,1.00000000,0.00000000,0.00000000,0.00000000,0.00000002
12.0,1.00000000,0.00000000,0.00000000,0.00000000,0.00000004
13.0,1.00000000,0.00000000,0.00000000,0.00000000,0.00000007
14.0,1.00000000,0.00000000,0.00000000,0.00000000,0.00000013
15.0,1.00000000,0.00000000,0.00000001,0.00000001,0.00000026
16.0,1.00000000,0.00000000,0.00000002,0.00000001,0.00000048
17.0,1.00000000,0.00000001,0.00000003,0.00000003,0.00000090
18.0,1.00000000,0.00000001,0.00000007,0.00000005,0.00000165
19.0,1.00000000,0.00000003,0.00000013,0.00000010,0.00000298
20.0,1.00000000,0.00000006,0.00000025,0.00000020,0.00000532
21.0,1.00000000,0.00000011,0.00000047,0.00000039,0.00000935
22.0,1.00000000,0.00000021,0.00000088,0.00000073,0.00001622
23.0,1.00000000,0.00000039,0.00000163,0.00000135,0.00002774
24.0,1.00000000,0.00000073,0.00000297,0.00000247,0.00004681
25.0,1.00000000,0.00000135,0.00000534,0.00000447,0.00007788
26.0,1.00000000,0.00000244,0.00000947,0.00000796,0.00012782
27.0,1.00000000,0.00000436,0.00001656,0.00001398,0.00020691
28.0,1.00000000,0.00000768,0.00002858,0.00002423,0.00033035
29.0,1.00000000,0.00001334,0.00004863,0.00004140,0.00052023
30.0,1.00000000,0.00002286,0.00008163,0.00006978,0.00080809
31.0,1.00000000,0.00003862,0.00013511,0.00011600,0.00123812
32.0,1.00000000,0.00006435,0.00022056,0.00019017,0.00187119
33.0,1.00000000,0.00010574,0.00035510,0.00030747,0.00278953
34.0,1.00000000,0.00017137,0.00056384,0.00049027,0.00410214
35.0,1.00000000,0.00027392,0.00088295,0.00077101,0.00595070
36.0,1.00000000,0.00043179,0.00136362,0.00119580,0.00851560
37.0,1.00000000,0.00067129,0.00207698,0.00182909,0.01202168
38.0,1.00000000,0.00102926,0.00311996,0.00275926,0.01674295
39.0,1.00000000,0.00155640,0.00462217,0.00410515,0.02300548
40.0,1.00000000,0.00232110,0.00675340,0.00602346,0.03118756
41.0,1.00000000,0.00341388,0.00973147,0.00871649,0.04171589
42.0,1.00000000,0.00495200,0.01382973,0.01243989,0.05505709
43.0,1.00000000,0.00708423,0.01938333,0.01750940,0.07170353
44.0,1.00000000,0.00999503,0.02679306,0.02430553,0.09215300
45.0,1.00000000,0.01390769,0.03652547,0.03327503,0.11688235
46.0,1.00000000,0.01908558,0.04910760,0.04492739,0.14631552
47.0,1.00000000,0.02583063,0.06511498,0.05982509,0.18078744
48.0,1.00000000,0.03447816,0.08515156,0.07856605,0.22050573
49.0,1.00000000,0.04538712,0.10982056,0.10175736,0.26551301
50.0,1.00000000,0.05892512,0.13968639,0.12997989,0.31565288
51.0,1.00000000,0.07544801,0.17522818,0.16374418,0.37054307
52.0,1.00000000,0.09527402,0.21678698,0.20343938,0.42955899
53.0,1.00000000,0.11865351,0.26450985,0.24927777,0.49183041
54.0,1.00000000,0.14573575,0.31829507,0.30123920,0.55625335
55.0,1.00000000,0.17653507,0.37774381,0.35902014,0.62151770
56.0,1.00000000,0.21089937,0.44212412,0.42199329,0.68615016
57.0,1.00000000,0.24848432,0.51035276,0.48918336,0.74857040
58.0,1.00000000,0.28873676,0.58099998,0.55926444,0.80715725
59.0,1.00000000,0.33089072,0.65232072,0.63058283,0.86032062
60.0,1.00000000,0.37397837,0.72231332,0.70120737,0.90657438
61.0,1.00000000,0.41685765,0.78880468,0.76900684,0.94460530
62.0,1.00000000,0.45825633,0.84955741,0.83175101,0.97333334
63.0,1.00000000,0.49683087,0.90239231,0.88722929,0.99195976
64.0,1.00000000,0.53123670,0.94531694,0.93337852,1.00000000
65.0,1.00000000,0.56020498,0.97664986,0.96840971,0.99730022
66.0,1.00000000,0.58261983,0.99512983,0.99092291,0.98403699
67.0,1.00000000,0.59758951,1.00000000,1.00000000,0.96070130
68.0,1.00000000,0.60450523,0.99105933,0.99526684,0.92806857
69.0,1.00000000,0.60308227,0.96867638,0.97691880,0.88715735
70.0,1.00000000,0.59337939,0.93376408,0.94570743,0.83917960
71.0,1.00000000,0.57579482,0.88771798,0.90288935,0.78548547
72.0,0.99463600,0.55103915,0.83232372,0.85014238,0.72750595
73.0,0.98189650,0.52008766,0.76964229,0.78945649,0.66669589
74.0,0.96915700,0.48411669,0.70188341,0.72300971,0.60448011
75.0,0.95641750,0.44442957,0.63127768,0.65303952,0.54220488
76.0,0.93505737,0.40237895,0.55995779,0.58172027,0.48109634
77.0,0.88136977,0.35929150,0.48985725,0.51105581,0.42222758
78.0,0.82768218,0.31640114,0.42263280,0.44279414,0.36649493
79.0,0.77399459,0.27479482,0.35961372,0.37836835,0.31460415
80.0,0.72030700,0.23537398,0.30177879,0.31886521,0.26706632
81.0,0.69027821,0.19883267,0.24975866,0.26502013,0.22420263
82.0,0.66024942,0.16565191,0.20385991,0.21723510,0.18615722
83.0,0.63022063,0.13610828,0.16410525,0.17561457,0.15291640
84.0,0.60019184,0.11029404,0.13028443,0.14001368,0.12433243
85.0,0.61039288,0.08814526,0.10200982,0.11009303,0.10015010
86.0,0.63132185,0.06947447,0.07877181,0.08537457,0.08003408
87.0,0.65225082,0.05400462,0.05999003,0.06529451,0.06359543
88.0,0.67317979,0.04140150,0.04505746,0.04924977,0.05041584
89.0,0.68673341,0.03130261,0.03337596,0.03663626,0.04006852
90.0,0.69492312,0.02334127,0.02438261,0.02687803,0.03213526
91.0,0.70311284,0.01716516,0.01756734,0.01944747,0.02621932
92.0,0.71130255,0.01244946,0.01248278,0.01387741,0.02195438
93.0,0.71345774,0.00890497,0.00874774,0.00976636,0.01900996
94.0,0.70526802,0.00628194,0.00604589,0.00677855,0.01709394
95.0,0.69707831,0.00437054,0.00412101,0.00464002,0.01595278
96.0,0.68888860,0.00299885,0.00277030,0.00313244,0.01537018
97.0,0.67509544,0.00202934,0.00183666,0.00208558,0.01516481
98.0,0.63141730,0.00135436,0.00120091,0.00136946,0.01518751
99.0,0.58773915,0.00089144,0.00077441,0.00088687,0.01531831
100.0,0.54406101,0.00057867,0.00049251,0.00056646,0.01546355
101.0,0.50038287,0.00037047,0.00030891,0.00035687,0.01555311
102.0,0.49204950,0.00023393,0.00019109,0.00022183,0.01553782
103.0,0.48567975,0.00014569,0.00011658,0.00013615,0.01538687
104.0,0.47931000,0.00008952,0.00007015,0.00008273,0.01508537
105.0,0.47294025,0.00005431,0.00004165,0.00005016,0.01463183
106.0,0.50478892,0.00003261,0.00002441,0.00003102,0.01403558
107.0,0.55028704,0.00001953,0.00001417,0.00002073,0.01331422
108.0,0.59578515,0.00001194,0.00000821,0.00001669,0.01249108
109.0,0.64128327,0.00000793,0.00000489,0.00001780,0.01159283
110.0,0.66618750,0.00000644,0.00000323,0.00002425,0.01064720
111.0,0.67255725,0.00000706,0.00000271,0.00003750,0.00968119
112.0,0.67892700,0.00000996,0.00000318,0.00006053,0.00871943
113.0,0.68529675,0.00001589,0.00000476,0.00009830,0.00778317
114.0,0.68793090,0.00002637,0.00000788,0.00015850,0.00688958
115.0,0.68247125,0.00004393,0.00001342,0.00025261,0.00605148
116.0,0.67701160,0.00007258,0.00002282,0.00039732,0.00527746
117.0,0.67155195,0.00011848,0.00003843,0.00061648,0.00457225
118.0,0.66455970,0.00019086,0.00006388,0.00094342,0.00393727
119.0,0.64454035,0.00030327,0.00010477,0.00142392,0.00337132
120.0,0.62452100,0.00047527,0.00016947,0.00211957,0.00287127
121.0,0.60450165,0.00073459,0.00027037,0.00311164,0.00243269
122.0,0.58448230,0.00111977,0.00042541,0.00450518,0.00205041
123.0,0.54736562,0.00168342,0.00066015,0.00643301,0.00171902
124.0,0.50823749,0.00249597,0.00101031,0.00905932,0.00143312
125.0,0.46910936,0.00364975,0.00152491,0.01258219,0.00118762
126.0,0.42998123,0.00526341,0.00226995,0.01723442,0.00097780
127.0,0.39583374,0.00748602,0.00333247,0.02328178,0.00079938
128.0,0.36398499,0.01050059,0.00482497,0.03101811,0.00064853
129.0,0.33213625,0.01452633,0.00688975,0.04075620,0.00052180
130.0,0.30028750,0.01981881,0.00970268,0.05281430,0.00041612
131.0,0.27490435,0.02666728,0.01347595,0.06749766,0.00032870
132.0,0.25670520,0.03538825,0.01845891,0.08507567,0.00025706
133.0,0.23850605,0.04631471,0.02493632,0.10575512,0.00019893
134.0,0.22030690,0.05978031,0.03322294,0.12965128,0.00015226
135.0,0.20306556,0.07609863,0.04365391,0.15675870,0.00011523
136.0,0.18850610,0.09553772,0.05657020,0.18692434,0.00008622
137.0,0.17394663,0.11829117,0.07229888,0.21982622,0.00006379
138.0,0.15938717,0.14444721,0.09112864,0.25496027,0.00004671
139.0,0.14525875,0.17395840,0.11328113,0.29163856,0.00003396
140.0,0.13888900,0.20661462,0.13887998,0.32900066,0.00002469
141.0,0.13251925,0.24202270,0.16791951,0.36603953,0.00001826
142.0,0.12614950,0.27959573,0.20023595,0.40164153,0.00001426
143.0,0.11977975,0.31855497,0.23548451,0.43463895,0.00001248
144.0,0.11417620,0.35794610,0.27312536,0.46387190,0.00001302
145.0,0.10871631,0.39667084,0.31242165,0.48825522,0.00001628
146.0,0.10325643,0.43353316,0.35245171,0.50684495,0.00002313
147.0,0.09779654,0.46729783,0.39213672,0.51889890,0.00003505
148.0,0.09348625,0.49675770,0.43028361,0.52392578,0.00005431
149.0,0.08984656,0.52080465,0.46564130,0.52171845,0.00008428
150.0,0.08620687,0.53849851,0.49696704,0.51236803,0.00012983
151.0,0.08256719,0.54912795,0.52309803,0.49625769,0.00019774
152.0,0.07892740,0.55225797,0.54302269,0.47403660,0.00029735
153.0,0.07528747,0.54775940,0.55594557,0.44657654,0.00044116
154.0,0.07164755,0.53581774,0.56133997,0.41491518,0.00064563
155.0,0.06800763,0.51692047,0.55898359,0.38019128,0.00093192
156.0,0.06475085,0.49182407,0.54897372,0.34357724,0.00132667
157.0,0.06293089,0.46150374,0.53172055,0.30621468,0.00186265
158.0,0.06111093,0.42709066,0.50791933,0.26915784,0.00257917
159.0,0.05929096,0.38980223,0.47850385,0.23332833,0.00352217
160.0,0.05747100,0.35087140,0.44458574,0.19948364,0.00474372
161.0,0.05565104,0.31148061,0.40738499,0.16820021,0.00630099
162.0,0.05383107,0.27270523,0.36815773,0.13987019,0.00825424
163.0,0.05201111,0.23546986,0.32812719,0.11471051,0.01066412
164.0,0.05019115,0.20051949,0.28842303,0.09278134,0.01358790
165.0,0.04837137,0.16840589,0.25003284,0.07401122,0.01707494
166.0,0.04655165,0.13948819,0.21376845,0.05822560,0.02116145
167.0,0.04473193,0.11394548,0.18024765,0.04517623,0.02586492
168.0,0.04291220,0.09179867,0.14989086,0.03456893,0.03117857
169.0,0.04109234,0.07293831,0.12293069,0.02608811,0.03706641
170.0,0.03927238,0.05715517,0.09943183,0.01941697,0.04345946
171.0,0.03745241,0.04417103,0.07931788,0.01425300,0.05025365
172.0,0.03563245,0.03366702,0.06240199,0.01031873,0.05730997
173.0,0.03481821,0.02530836,0.04841836,0.00736821,0.06445731
174.0,0.03572808,0.01876424,0.03705197,0.00518992,0.07149795
175.0,0.03663794,0.01372267,0.02796490,0.00360690,0.07821579
176.0,0.03754780,0.00990056,0.02081800,0.00247480,0.08438682
177.0,0.03860136,0.00704945,0.01528751,0.00167869,0.08979130
178.0,0.04042133,0.00495761,0.01107663,0.00112926,0.09422654
179.0,0.04224129,0.00344961,0.00792249,0.00075869,0.09751955
180.0,0.04406125,0.00238381,0.00559932,0.00051688,0.09953813
181.0,0.04588121,0.00164888,0.00391858,0.00036787,0.10019977
182.0,0.05114952,0.00115965,0.00272692,0.00028689,0.09947715
183.0,0.05660941,0.00085291,0.00190281,0.00025783,0.09740008
184.0,0.06206930,0.00068345,0.00135231,0.00027134,0.09405345
185.0,0.06752919,0.00062053,0.00100476,0.00032324,0.08957144
186.0,0.07969385,0.00064471,0.00080847,0.00041333,0.08412862
187.0,0.09425308,0.00074531,0.00072682,0.00054456,0.07792869
188.0,0.10881230,0.00091823,0.00073480,0.00072220,0.07119187
189.0,0.12337153,0.00116408,0.00081605,0.00095330,0.06414205
190.0,0.13745188,0.00148664,0.00096040,0.00124599,0.05699472
191.0,0.15110124,0.00189145,0.00116180,0.00160892,0.04994659
192.0,0.16475060,0.00238457,0.00141662,0.00205050,0.04316746
193.0,0.17839996,0.00297129,0.00172229,0.00257813,0.03679480
194.0,0.18687695,0.00365503,0.00207620,0.00319733,0.03093114
195.0,0.18414713,0.00443623,0.00247479,0.00391090,0.02564394
196.0,0.18141730,0.00531136,0.00291293,0.00471798,0.02096780
197.0,0.17868748,0.00627218,0.00338347,0.00561333,0.01690832
198.0,0.17452088,0.00730516,0.00387702,0.00658667,0.01344707
199.0,0.15814169,0.00839128,0.00438201,0.00762239,0.01054712
200.0,0.14176250,0.00950628,0.00488492,0.00869955,0.00815868
201.0,0.12538331,0.01062121,0.00537073,0.00979223,0.00622422
202.0,0.10900412,0.01170354,0.00582366,0.01087041,0.00468306
203.0,0.09588150,0.01271864,0.00622789,0.01190118,0.00347499
204.0,0.08314200,0.01363150,0.00656851,0.01285030,0.00254306
205.0,0.07040250,0.01440873,0.00683239,0.01368409,0.00183544
206.0,0.05766299,0.01502061,0.00700904,0.01437136,0.00130648
207.0,0.04990429,0.01544290,0.00709127,0.01488536,0.00091716
208.0,0.04444440,0.01565847,0.00707569,0.01520549,0.00063500
209.0,0.03898451,0.01565847,0.00696295,0.01531865,0.00043360
210.0,0.03352463,0.01544290,0.00675766,0.01522020,0.00029201
211.0,0.03022001,0.01502061,0.00646814,0.01491418,0.00019398
212.0,0.02931015,0.01440873,0.00610579,0.01441311,0.00012712
213.0,0.02840029,0.01363149,0.00568439,0.01373712,0.00008224
214.0,0.02749042,0.01271863,0.00521922,0.01291258,0.00005261
215.0,0.02634106,0.01170353,0.00472613,0.01197043,0.00003341
216.0,0.02452110,0.01062118,0.00422071,0.01094424,0.00002130
217.0,0.02270114,0.00950622,0.00371745,0.00986828,0.00001399
218.0,0.02088117,0.00839117,0.00322912,0.00877559,0.00001001
219.0,0.01910911,0.00730494,0.00276632,0.00769645,0.00000847
220.0,0.01819925,0.00627177,0.00233722,0.00665708,0.00000894
221.0,0.01728939,0.00531059,0.00194750,0.00567881,0.00001135
222.0,0.01637953,0.00443481,0.00160042,0.00477760,0.00001594
223.0,0.01546966,0.00365247,0.00129709,0.00396407,0.00002328
224.0,0.01455960,0.00296673,0.00103678,0.00324379,0.00003425
225.0,0.01364950,0.00237655,0.00081730,0.00261784,0.00005012
226.0,0.01273940,0.00187758,0.00063541,0.00208360,0.00007254
227.0,0.01182930,0.00146294,0.00048720,0.00163555,0.00010368
228.0,0.01149400,0.00112418,0.00036842,0.00126617,0.00014620
229.0,0.01149400,0.00085197,0.00027476,0.00096672,0.00020336
230.0,0.01149400,0.00063678,0.00020209,0.00072793,0.00027898
231.0,0.01149400,0.00046939,0.00014659,0.00054057,0.00037747
232.0,0.01111090,0.00034124,0.00010487,0.00039591,0.00050369
233.0,0.01020104,0.00024466,0.00007399,0.00028597,0.00066288
234.0,0.00929118,0.00017300,0.00005149,0.00020372,0.00086037
235.0,0.00838131,0.00012065,0.00003533,0.00014313,0.00110132
236.0,0.00747140,0.00008298,0.00002391,0.00009917,0.00139034
237.0,0.00656130,0.00005628,0.00001596,0.00006777,0.00173105
238.0,0.00565120,0.00003765,0.00001051,0.00004567,0.00212557
239.0,0.00474110,0.00002484,0.00000682,0.00003036,0.00257408
240.0,0.00383100,0.00001616,0.00000437,0.00001990,0.00307431
241.0,0.00383100,0.00001037,0.00000276,0.00001286,0.00362121
242.0,0.00383100,0.00000656,0.00000172,0.00000820,0.00420666
243.0,0.00383100,0.00000410,0.00000106,0.00000516,0.00481949
244.0,0.00383100,0.00000252,0.00000064,0.00000320,0.00544559
245.0,0.00383100,0.00000153,0.00000038,0.00000196,0.00606831
246.0,0.00383100,0.00000092,0.00000023,0.00000118,0.00666913
247.0,0.00383100,0.00000054,0.00000013,0.00000070,0.00722855
248.0,0.00383100,0.00000032,0.00000007,0.00000041,0.00772702
249.0,0.00383100,0.00000018,0.00000004,0.00000024,0.00814614
250.0,0.00383100,0.00000010,0.00000002,0.00000014,0.00846977
251.0,0.00383100,0.00000006,0.00000001,0.00000008,0.00868502
252.0,0.00383100,0.00000003,0.00000001,0.00000004,0.00878313
253.0,0.00383100,0.00000002,0.00000000,0.00000002,0.00876006
254.0,0.00383100,0.00000001,0.00000000,0.00000001,0.00861677
255.0,0.00383100,0.00000000,0.00000000,0.00000001,0.00835913
256.0,0.00383100,0.00000000,0.00000000,0.00000000,0.00799755
257.0,0.00397470,0.00000000,0.00000000,0.00000000,0.00754628
258.0,0.00488480,0.00000000,0.00000000,0.00000000,0.00702243
259.0,0.00579490,0.00000000,0.00000000,0.00000000,0.00644498
260.0,0.00670500,0.00000000,0.00000000,0.00000000,0.00583358
261.0,0.00761510,0.00000000,0.00000000,0.00000000,0.00520749
262.0,0.00680080,0.00000000,0.00000000,0.00000000,0.00458460
263.0,0.00589070,0.00000000,0.00000000,0.00000000,0.00398064
264.0,0.00498060,0.00000000,0.00000000,0.00000000,0.00340866
265.0,0.00407050,0.00000000,0.00000000,0.00000000,0.00287869
266.0,0.00316058,0.00000000,0.00000000,0.00000000,0.00239764
267.0,0.00225071,0.00000000,0.00000000,0.00000000,0.00196949
268.0,0.00134085,0.00000000,0.00000000,0.00000000,0.00159552
269.0,0.00043099,0.00000000,0.00000000,0.00000000,0.00127477
270.0,0.00000000,0.00000000,0.00000000,0.00000000,0.00100448
271.0,0.00000000,0.00000000,0.00000000,0.00000000,0.00078060
272.0,0.00000000,0.00000000,0.00000000,0.00000000,0.00059826
273.0,0.00000000,0.00000000,0.00000000,0.00000000,0.00045221
274.0,0.00000000,0.00000000,0.00000000,0.00000000,0.00033710
275.0,0.00000000,0.00000000,0.00000000,0.00000000,0.00024784
276.0,0.00000000,0.00000000,0.00000000,0.00000000,0.00017970
277.0,0.00000000,0.00000000,0.00000000,0.00000000,0.00012850
278.0,0.00000000,0.00000000,0.00000000,0.00000000,0.00009063
279.0,0.00000000,0.00000000,0.00000000,0.00000000,0.00006303
280.0,0.00000000,0.00000000,0.00000000,0.00000000,0.00004324
281.0,0.00000000,0.00000000,0.00000000,0.00000000,0.00002925
282.0,0.00000000,0.00000000,0.00000000,0.00000000,0.00001952
283.0,0.00000000,0.00000000,0.00000000,0.00000000,0.00001284
284.0,0.00000000,0.00000000,0.00000000,0.00000000,0.00000833
285.0,0.00000000,0.00000000,0.00000000,0.00000000,0.00000533
286.0,0.00000000,0.00000000,0.00000000,0.00000000,0.00000337
287.0,0.00000000,0.00000000,0.00000000,0.00000000,0.00000210
288.0,0.00000000,0.00000000,0.00000000,0.00000000,0.00000129
289.0,0.00000000,0.00000000,0.00000000,0.00000000,0.00000078
290.0,0.00000000,0.00000000,0.00000000,0.00000000,0.00000047
291.0,0.00000000,0.00000000,0.00000000,0.00000000,0.00000027
292.0,0.00000000,0.00000000,0.00000000,0.00000000,0.00000016
293.0,0.00000000,0.00000000,0.00000000,0.00000000,0.00000009
294.0,0.00000000,0.00000000,0.00000000,0.00000000,0.00000005
295.0,0.00000000,0.00000000,0.00000000,0.00000000,0.00000003
296.0,0.00000000,0.00000000,0.00000000,0.00000000,0.00000002
297.0,0.00000000,0.00000000,0.00000000,0.00000000,0.00000001
298.0,0.00000000,0.00000000,0.00000000,0.00000000,0.00000000
299.0,0.00000000,0.00000000,0.00000000,0.00000000,0.00000000
300.0,0.00000000,0.00000000,0.00000000,0.00000000,0.00000000
301.0,0.00000000,0.00000000,0.00000000,0.00000000,0.00000000
302.0,0.00000000,0.00000000,0.00000000,0.00000000,0.00000000
303.0,0.00000000,0.00000000,0.00000000,0.00000000,0.00000000
304.0,0.00000000,0.00000000,0.00000000,0.00000000,0.00000000
305.0,0.00000000,0.00000000,0.00000000,0.00000000,0.00000000
306.0,0.00000000,0.00000000,0.00000000,0.00000000,0.00000000
307.0,0.00000000,0.00000000,0.00000000,0.00000000,0.00000000
308.0,0.00000000,0.00000000,0.00000000,0.00000000,0.00000000
309.0,0.00000000,0.00000000,0.00000000,0.00000000,0.00000000
310.0,0.00000000,0.00000000,0.00000000,0.00000000,0.00000000
311.0,0.00000000,0.00000000,0.00000000,0.00000000,0.00000000
312.0,0.00000000,0.00000000,0.00000000,0.00000000,0.00000000
313.0,0.00000000,0.00000000,0.00000000,0.00000001,0.00000000
314.0,0.00000000,0.00000000,0.00000000,0.00000002,0.00000000
315.0,0.00000000,0.00000000,0.00000000,0.00000003,0.00000000
316.0,0.00000000,0.00000000,0.00000000,0.00000006,0.00000000
317.0,0.00000000,0.00000000,0.00000000,0.00000011,0.00000000
318.0,0.00000000,0.00000000,0.00000000,0.00000020,0.00000000
319.0,0.00000000,0.00000000,0.00000000,0.00000036,0.00000000
320.0,0.00000000,0.00000000,0.00000001,0.00000064,0.00000000
321.0,0.00000000,0.00000000,0.00000002,0.00000113,0.00000000
322.0,0.00000000,0.00000001,0.00000003,0.00000198,0.00000000
323.0,0.00000000,0.00000002,0.00000006,0.00000340,0.00000000
324.0,0.00000000,0.00000004,0.00000012,0.00000576,0.00000000
325.0,0.00000000,0.00000007,0.00000023,0.00000964,0.00000000
326.0,0.00000000,0.00000013,0.00000042,0.00001589,0.00000000
327.0,0.00000000,0.00000024,0.00000075,0.00002585,0.00000000
328.0,0.00000000,0.00000045,0.00000134,0.00004147,0.00000000
329.0,0.00000000,0.00000082,0.00000235,0.00006561,0.00000000
330.0,0.00000000,0.00000147,0.00000408,0.00010236,0.00000000
331.0,0.00000000,0.00000261,0.00000697,0.00015751,0.00000000
332.0,0.00000000,0.00000458,0.00001176,0.00023903,0.00000000
333.0,0.00000000,0.00000791,0.00001957,0.00035775,0.00000000
334.0,0.00000000,0.00001347,0.00003209,0.00052807,0.00000000
335.0,0.00000000,0.00002263,0.00005192,0.00076874,0.00000000
336.0,0.00000000,0.00003750,0.00008285,0.00110369,0.00000000
337.0,0.00000000,0.00006129,0.00013036,0.00156277,0.00000000
338.0,0.00000000,0.00009878,0.00020231,0.00218234,0.00000000
339.0,0.00000000,0.00015701,0.00030965,0.00300559,0.00000000
340.0,0.00000000,0.00024614,0.00046741,0.00408240,0.00000000
341.0,0.00000000,0.00038055,0.00069582,0.00546866,0.00000000
342.0,0.00000000,0.00058025,0.00102160,0.00722479,0.00000000
343.0,0.00000000,0.00087258,0.00147926,0.00941346,0.00000000
344.0,0.00000000,0.00129411,0.00211246,0.01209631,0.00000000
345.0,0.00000000,0.00189284,0.00297515,0.01532977,0.00000000
346.0,0.00000000,0.00273048,0.00413248,0.01916011,0.00000000
347.0,0.00000000,0.00388457,0.00566098,0.02361781,0.00000000
348.0,0.00000000,0.00545037,0.00764806,0.02871182,0.00000000
349.0,0.00000000,0.00754204,0.01019039,0.03442400,0.00000000
350.0,0.00000000,0.01029274,0.01339090,0.04070438,0.00000000
351.0,0.00000000,0.01385327,0.01735434,0.04746795,0.00000000
352.0,0.00000000,0.01838879,0.02218123,0.05459327,0.00000000
353.0,0.00000000,0.02407318,0.02796036,0.06192375,0.00000000
354.0,0.00000000,0.03108087,0.03475996,0.06927152,0.00000000
355.0,0.00000000,0.03957603,0.04261820,0.07642432,0.00000000
356.0,0.00000000,0.04969934,0.05153358,0.08315491,0.00000000
357.0,0.00000000,0.06155290,0.06145610,0.08923262,0.00000000
358.0,0.00000000,0.07518406,0.07228015,0.09443626,0.00000000
359.0,0.00000000,0.09056960,0.08384024,0.09856742,0.00000000
360.0,0.00000000,0.10760155,0.09591034,0.10146295,0.00000000
361.0,0.00000000,0.12607646,0.10820759,0.10300566,0.00000000
362.0,0.00000000,0.14568972,0.12040083,0.10313222,0.00000001
363.0,0.00000000,0.16603636,0.13212368,0.10183744,0.00000001
364.0,0.00000000,0.18661947,0.14299186,0.09917466,0.00000002
365.0,0.00000000,0.20686648,0.15262352,0.09525212,0.00000004
366.0,0.00000000,0.22615321,0.16066126,0.09022568,0.00000006
367.0,0.00000000,0.24383435,0.16679405,0.08428862,0.00000010
368.0,0.00000000,0.25927852,0.17077714,0.07765934,0.00000017
369.0,0.00000000,0.27190537,0.17244829,0.07056824,0.00000027
370.0,0.00000000,0.28122164,0.17173879,0.06324470,0.00000045
371.0,0.00000000,0.28685308,0.16867812,0.05590527,0.00000073
372.0,0.00000000,0.28856945,0.16339199,0.04874392,0.00000118
373.0,0.00000000,0.28630015,0.15609378,0.04192480,0.00000189
374.0,0.00000000,0.28013906,0.14707036,0.03557792,0.00000300
375.0,0.00000000,0.27033815,0.13666344,0.02979761,0.00000473
376.0,0.00000000,0.25729046,0.12524825,0.02464349,0.00000741
377.0,0.00000000,0.24150401,0.11321137,0.02014365,0.00001152
378.0,0.00000000,0.22356907,0.10092952,0.01629922,0.00001775
379.0,0.00000000,0.20412185,0.08875092,0.01308989,0.00002714
380.0,0.00000000,0.18380745,0.07698031,0.01047976,0.00004112
381.0,0.00000000,0.16324534,0.06586861,0.00842289,0.00006174
382.0,0.00000000,0.14299961,0.05560723,0.00686825,0.00009184
383.0,0.00000000,0.12355600,0.04632696,0.00576385,0.00013525
384.0,0.00076620,0.10530664,0.03810088,0.00505964,0.00019715
385.0,0.00167606,0.08854271,0.03095037,0.00470949,0.00028431
386.0,0.00258592,0.07345459,0.02485331,0.00467202,0.00040552
387.0,0.00349579,0.06013829,0.01975346,0.00491059,0.00057186
388.0,0.00383100,0.04860677,0.01557017,0.00539260,0.00079709
389.0,0.00383100,0.03880438,0.01220751,0.00608824,0.00109783
390.0,0.00383100,0.03062292,0.00956250,0.00696904,0.00149374
391.0,0.00383100,0.02391770,0.00753198,0.00800636,0.00200738
392.0,0.00344790,0.01852250,0.00601794,0.00917004,0.00266386
393.0,0.00253804,0.01426264,0.00493141,0.01042740,0.00349018
394.0,0.00162818,0.01096555,0.00419504,0.01174263,0.00451413
395.0,0.00071831,0.00846872,0.00374449,0.01307682,0.00576277
396.0,0.00000000,0.00662514,0.00352887,0.01438847,0.00726058
397.0,0.00000000,0.00530642,0.00351052,0.01563464,0.00902716
398.0,0.00000000,0.00440399,0.00366419,0.01677240,0.01107474
399.0,0.00000000,0.00382880,0.00397578,0.01776080,0.01340560
400.0,0.00000000,0.00350993,0.00444083,0.01856284,0.01600965
401.0,0.00090986,0.00339238,0.00506256,0.01914752,0.01886238
402.0,0.00181973,0.00343455,0.00584984,0.01949161,0.02192351
403.0,0.00272959,0.00360551,0.00681476,0.01958106,0.02513651
404.0,0.00363945,0.00388225,0.00797007,0.01941185,0.02842931
405.0,0.00454950,0.00424720,0.00932654,0.01899025,0.03171622
406.0,0.00545960,0.00468591,0.01089017,0.01833240,0.03490111
407.0,0.00636970,0.00518520,0.01265968,0.01746323,0.03788179
408.0,0.00727980,0.00573167,0.01462420,0.01641494,0.04055526
409.0,0.00818976,0.00631069,0.01676153,0.01522495,0.04282355
410.0,0.00909962,0.00690580,0.01903710,0.01393372,0.04459961
411.0,0.01000949,0.00749864,0.02140381,0.01258247,0.04581285
412.0,0.01091935,0.00806927,0.02380293,0.01121101,0.04641384
413.0,0.01484647,0.00859684,0.02616600,0.00985591,0.04637755
414.0,0.02394605,0.00906057,0.02841778,0.00854899,0.04570518
415.0,0.03304563,0.00944089,0.03048001,0.00731632,0.04442401
416.0,0.04214520,0.00972061,0.03227577,0.00617764,0.04258559
417.0,0.05124481,0.00988610,0.03373412,0.00514634,0.04026229
418.0,0.06034463,0.00992815,0.03479464,0.00422975,0.03754255
419.0,0.06944444,0.00984267,0.03541134,0.00342975,0.03452529
420.0,0.07854425,0.00963100,0.03555587,0.00274371,0.03131399
421.0,0.08764406,0.00929980,0.03521940,0.00216538,0.02801087
422.0,0.08381268,0.00886063,0.03441324,0.00168595,0.02471165
423.0,0.07926289,0.00832913,0.03316808,0.00129499,0.02150127
424.0,0.07471310,0.00772403,0.03153185,0.00098127,0.01845076
425.0,0.07016331,0.00706596,0.02956651,0.00073352,0.01561541
426.0,0.05957900,0.00637615,0.02734401,0.00054091,0.01303417
427.0,0.04683950,0.00567530,0.02494184,0.00039349,0.01073018
428.0,0.03410000,0.00498253,0.02243845,0.00028237,0.00871221
429.0,0.02136050,0.00431449,0.01990908,0.00019989,0.00697675
430.0,0.01436812,0.00368484,0.01742208,0.00013958,0.00551047
431.0,0.01254816,0.00310394,0.01503615,0.00009615,0.00429285
432.0,0.01072820,0.00257873,0.01279850,0.00006533,0.00329866
433.0,0.00890824,0.00211298,0.01074401,0.00004379,0.00250026
434.0,0.00737560,0.00170756,0.00889524,0.00002895,0.00186945
435.0,0.00646550,0.00136097,0.00726328,0.00001888,0.00137898
436.0,0.00555540,0.00106983,0.00584915,0.00001215,0.00100362
437.0,0.00464530,0.00082943,0.00464561,0.00000771,0.00072079
438.0,0.00383100,0.00063425,0.00363907,0.00000483,0.00051093
439.0,0.00383100,0.00047842,0.00281163,0.00000299,0.00035756
440.0,0.00383100,0.00035607,0.00214288,0.00000184,0.00024713
441.0,0.00383100,0.00026164,0.00161144,0.00000114,0.00016877
442.0,0.00383100,0.00019009,0.00119636,0.00000074,0.00011395
443.0,0.00383100,0.00013703,0.00087797,0.00000055,0.00007613
444.0,0.00383100,0.00009881,0.00063868,0.00000052,0.00005039
445.0,0.00383100,0.00007254,0.00046334,0.00000066,0.00003308
446.0,0.00383100,0.00005615,0.00033946,0.00000101,0.00002157
447.0,0.00320846,0.00004841,0.00025734,0.00000164,0.00001401
448.0,0.00229860,0.00004897,0.00021001,0.00000273,0.00000908
449.0,0.00138874,0.00005845,0.00019317,0.00000452,0.00000589
450.0,0.00047888,0.00007859,0.00020518,0.00000741,0.00000384
451.0,0.00000000,0.00011242,0.00024697,0.00001199,0.00000252
452.0,0.00000000,0.00016458,0.00032205,0.00001916,0.00000168
453.0,0.00000000,0.00024158,0.00043649,0.00003018,0.00000115
454.0,0.00000000,0.00035220,0.00059895,0.00004689,0.00000082
455.0,0.00000000,0.00050795,0.00082064,0.00007186,0.00000065
456.0,0.00000000,0.00072339,0.00111519,0.00010861,0.00000060
457.0,0.00000000,0.00101656,0.00149843,0.00016188,0.00000066
458.0,0.00000000,0.00140919,0.00198793,0.00023797,0.00000086
459.0,0.00000000,0.00192675,0.00260236,0.00034501,0.00000125
460.0,0.00000000,0.00259822,0.00336057,0.00049331,0.00000190
461.0,0.00000000,0.00345553,0.00428039,0.00069565,0.00000292
462.0,0.00000000,0.00453248,0.00537716,0.00096749,0.00000449
463.0,0.00000000,0.00586324,0.00666209,0.00132706,0.00000685
464.0,0.00000000,0.00748031,0.00814052,0.00179526,0.00001032
465.0,0.00000000,0.00941197,0.00981012,0.00239525,0.00001537
466.0,0.00000000,0.01167942,0.01165942,0.00315189,0.00002257
467.0,0.00000000,0.01429360,0.01366657,0.00409063,0.00003271
468.0,0.00000000,0.01725206,0.01579871,0.00523615,0.00004674
469.0,0.00000000,0.02053619,0.01801204,0.00661063,0.00006588
470.0,0.00000000,0.02410895,0.02025274,0.00823174,0.00009158
471.0,0.00000000,0.02791361,0.02245868,0.01011038,0.00012555
472.0,0.00000000,0.03187375,0.02456201,0.01224849,0.00016975
473.0,0.00000000,0.03589465,0.02649251,0.01463701,0.00022635
474.0,0.00000000,0.03986627,0.02818134,0.01725426,0.00029767
475.0,0.00000000,0.04366777,0.02956511,0.02006499,0.00038608
476.0,0.00000000,0.04717324,0.03058981,0.02302028,0.00049385
477.0,0.00000000,0.05025854,0.03121430,0.02605849,0.00062300
478.0,0.00000000,0.05280845,0.03141302,0.02910734,0.00077511
479.0,0.00000000,0.05472381,0.03117778,0.03208705,0.00095109
480.0,0.00000000,0.05592792,0.03051829,0.03491444,0.00115095
481.0,0.00000000,0.05637161,0.02946147,0.03750765,0.00137363
482.0,0.00000000,0.05603658,0.02804970,0.03979122,0.00161683
483.0,0.00000000,0.05493664,0.02633791,0.04170098,0.00187689
484.0,0.00000000,0.05311682,0.02439012,0.04318835,0.00214877
485.0,0.00000000,0.05065023,0.02227541,0.04422360,0.00242618
486.0,0.00000000,0.04763324,0.02006398,0.04479771,0.00270168
487.0,0.00000000,0.04417925,0.01782329,0.04492257,0.00296705
488.0,0.00000000,0.04041158,0.01561486,0.04462960,0.00321362
489.0,0.00000000,0.03645632,0.01349173,0.04396668,0.00343277
490.0,0.00000000,0.03243539,0.01149679,0.04299390,0.00361638
491.0,0.00000000,0.02846065,0.00966195,0.04177840,0.00375736
492.0,0.00000000,0.02462918,0.00800816,0.04038891,0.00385008
493.0,0.00000000,0.02102009,0.00654605,0.03889047,0.00389079
494.0,0.00000000,0.01769288,0.00527723,0.03733988,0.00387779
495.0,0.00000000,0.01468730,0.00419577,0.03578223,0.00381162
496.0,0.00000000,0.01202443,0.00329001,0.03424891,0.00369501
497.0,0.00014366,0.00970883,0.00254426,0.03275709,0.00353265
498.0,0.00105353,0.00773122,0.00194047,0.03131068,0.00333092
499.0,0.00196339,0.00607168,0.00145959,0.02990249,0.00309748
500.0,0.00287325,0.00470272,0.00108276,0.02851736,0.00284074
501.0,0.00378311,0.00359227,0.00079216,0.02713572,0.00256941
502.0,0.00383100,0.00270625,0.00057158,0.02573723,0.00229201
503.0,0.00383100,0.00201070,0.00040674,0.02430412,0.00201640
504.0,0.00383100,0.00147335,0.00028546,0.02282380,0.00174951
505.0,0.00383100,0.00106474,0.00019758,0.02129061,0.00149705
506.0,0.00383100,0.00075886,0.00013487,0.01970669,0.00126339
507.0,0.00383100,0.00053340,0.00009080,0.01808174,0.00105152
508.0,0.00383100,0.00036977,0.00006029,0.01643206,0.00086313
509.0,0.00383100,0.00025280,0.00003948,0.01477898,0.00069873
510.0,0.00335212,0.00017046,0.00002549,0.01314681,0.00055786
511.0,0.00244226,0.00011335,0.00001624,0.01156081,0.00043926
512.0,0.00153240,0.00007434,0.00001020,0.01004511,0.00034112
513.0,0.00062254,0.00004808,0.00000632,0.00862108,0.00026125
514.0,0.00000000,0.00003067,0.00000386,0.00730599,0.00019733
515.0,0.00000000,0.00001930,0.00000233,0.00611227,0.00014700
516.0,0.00000000,0.00001197,0.00000138,0.00504715,0.00010799
517.0,0.00000000,0.00000733,0.00000081,0.00411284,0.00007825
518.0,0.00000000,0.00000442,0.00000047,0.00330701,0.00005591
519.0,0.00000000,0.00000263,0.00000027,0.00262350,0.00003941
520.0,0.00000000,0.00000154,0.00000015,0.00205326,0.00002739
521.0,0.00000000,0.00000089,0.00000008,0.00158525,0.00001877
522.0,0.00000000,0.00000051,0.00000005,0.00120731,0.00001269
523.0,0.00000000,0.00000029,0.00000002,0.00090696,0.00000846
524.0,0.00000000,0.00000016,0.00000001,0.00067203,0.00000556
525.0,0.00000000,0.00000010,0.00000001,0.00049115,0.00000361
526.0,0.00000000,0.00000006,0.00000000,0.00035405,0.00000231
527.0,0.00000000,0.00000005,0.00000000,0.00025171,0.00000146
528.0,0.00000000,0.00000007,0.00000000,0.00017651,0.00000091
529.0,0.00000000,0.00000011,0.00000000,0.00012207,0.00000056
530.0,0.00000000,0.00000019,0.00000000,0.00008326,0.00000034
531.0,0.00000000,0.00000035,0.00000000,0.00005601,0.00000020
532.0,0.00000000,0.00000062,0.00000000,0.00003716,0.00000012
533.0,0.00000000,0.00000109,0.00000000,0.00002432,0.00000007
534.0,0.00000000,0.00000190,0.00000000,0.00001569,0.00000004
535.0,0.00000000,0.00000327,0.00000000,0.00000999,0.00000002
536.0,0.00000000,0.00000555,0.00000000,0.00000627,0.00000001
537.0,0.00000000,0.00000929,0.00000000,0.00000388,0.00000001
538.0,0.00000000,0.00001532,0.00000001,0.00000237,0.00000000
539.0,0.00000000,0.00002492,0.00000001,0.00000143,0.00000000
540.0,0.00000000,0.00003998,0.00000003,0.00000085,0.00000000
541.0,0.00000000,0.00006326,0.00000005,0.00000050,0.00000000
542.0,0.00000000,0.00009872,0.00000010,0.00000029,0.00000000
543.0,0.00000000,0.00015194,0.00000018,0.00000016,0.00000000
544.0,0.00000000,0.00023061,0.00000033,0.00000009,0.00000000
545.0,0.00000000,0.00034521,0.00000060,0.00000005,0.00000000
546.0,0.00000000,0.00050964,0.00000108,0.00000003,0.00000000
547.0,0.00000000,0.00074202,0.00000191,0.00000001,0.00000000
548.0,0.00000000,0.00106550,0.00000333,0.00000001,0.00000000
549.0,0.00000000,0.00150894,0.00000575,0.00000000,0.00000000
550.0,0.00000000,0.00210751,0.00000977,0.00000000,0.00000000
551.0,0.00000000,0.00290298,0.00001638,0.00000000,0.00000000
552.0,0.00000000,0.00394366,0.00002708,0.00000000,0.00000000
553.0,0.00000000,0.00528366,0.00004415,0.00000000,0.00000000
554.0,0.00000000,0.00698150,0.00007101,0.00000000,0.00000000
555.0,0.00000000,0.00909792,0.00011262,0.00000000,0.00000000
556.0,0.00000000,0.01169271,0.00017617,0.00000000,0.00000000
557.0,0.00000000,0.01482065,0.00027177,0.00000000,0.00000000
558.0,0.00000000,0.01852674,0.00041349,0.00000000,0.00000000
559.0,0.00000000,0.02284074,0.00062045,0.00000000,0.00000000
560.0,0.00000000,0.02777158,0.00091818,0.00000001,0.00000000
561.0,0.00000000,0.03330202,0.00134007,0.00000002,0.00000001
562.0,0.00000000,0.03938401,0.00192889,0.00000003,0.00000001
563.0,0.00000000,0.04593555,0.00273822,0.00000005,0.00000003
564.0,0.00000000,0.05283934,0.00383364,0.00000010,0.00000005
565.0,0.00000000,0.05994399,0.00529340,0.00000018,0.00000009
566.0,0.00000000,0.06706774,0.00720844,0.00000033,0.00000016
567.0,0.00000000,0.07400515,0.00968123,0.00000059,0.00000028
568.0,0.00000000,0.08053615,0.01282346,0.00000103,0.00000050
569.0,0.00000000,0.08643733,0.01675196,0.00000178,0.00000086
570.0,0.00000000,0.09149443,0.02158315,0.00000303,0.00000145
571.0,0.00000000,0.09551534,0.02742555,0.00000509,0.00000243
572.0,0.00000000,0.09834232,0.03437090,0.00000844,0.00000402
573.0,0.00000000,0.09986256,0.04248412,0.00001379,0.00000655
574.0,0.00000000,0.10001611,0.05179275,0.00002222,0.00001052
575.0,0.00000000,0.09880041,0.06227683,0.00003532,0.00001666
576.0,0.00000000,0.09627117,0.07386019,0.00005536,0.00002603
577.0,0.00000000,0.09253951,0.08640436,0.00008559,0.00004012
578.0,0.00000000,0.08776574,0.09970605,0.00013049,0.00006096
579.0,0.00000000,0.08215051,0.11349940,0.00019621,0.00009137
580.0,0.00000000,0.07592420,0.12746332,0.00029097,0.00013506
581.0,0.00000000,0.06933563,0.14123434,0.00042555,0.00019688
582.0,0.00000000,0.06264115,0.15442444,0.00061381,0.00028305
583.0,0.00000000,0.05609507,0.16664305,0.00087318,0.00040134
584.0,0.00000000,0.04994198,0.17752156,0.00122504,0.00056123
585.0,0.00000000,0.04441146,0.18673857,0.00169503,0.00077401
586.0,0.00000000,0.03971522,0.19404347,0.00231305,0.00105276
587.0,0.00000000,0.03604619,0.19927628,0.00311297,0.00141220
588.0,0.00000000,0.03357919,0.20238141,0.00413186,0.00186827
589.0,0.00000000,0.03247209,0.20341398,0.00540878,0.00243760
590.0,0.00000000,0.03286687,0.20253752,0.00698291,0.00313664
591.0,0.00000000,0.03488938,0.20001288,0.00889113,0.00398059
592.0,0.00000000,0.03864731,0.19617919,0.01116512,0.00498206
593.0,0.00000000,0.04422573,0.19142809,0.01382792,0.00614964
594.0,0.00000000,0.05168023,0.18617359,0.01689038,0.00748635
595.0,0.00000000,0.06102777,0.18082012,0.02034763,0.00898814
596.0,0.00000000,0.07223618,0.17573156,0.02417595,0.01064263
597.0,0.00000000,0.08521314,0.17120406,0.02833042,0.01242818
598.0,0.00000000,0.09979628,0.16744500,0.03274368,0.01431349
599.0,0.00000000,0.11574574,0.16455981,0.03732625,0.01625784
600.0,0.00000000,0.13274084,0.16254780,0.04196839,0.01821208
601.0,0.00000000,0.15038211,0.16130705,0.04654392,0.02012036
602.0,0.00000000,0.16819956,0.16064766,0.05091558,0.02192256
603.0,0.00000000,0.18566758,0.16031203,0.05494195,0.02355734
604.0,0.00000000,0.20222611,0.16000003,0.05848527,0.02496552
605.0,0.00000000,0.21730698,0.15939659,0.06141970,0.02609363
606.0,0.00000000,0.23036365,0.15819938,0.06363930,0.02689726
607.0,0.00186778,0.24090227,0.15614392,0.06506499,0.02734394
608.0,0.00459760,0.24851128,0.15302416,0.06564986,0.02741535
609.0,0.00732743,0.25288706,0.14870713,0.06538237,0.02710856
610.0,0.01005725,0.25385332,0.14314054,0.06428703,0.02643623
611.0,0.02140783,0.25137234,0.13635343,0.06242253,0.02542571
612.0,0.04233705,0.24554700,0.12845018,0.05987744,0.02411729
613.0,0.06326626,0.23661346,0.11959903,0.05676401,0.02256144
614.0,0.08419548,0.22492502,0.11001667,0.05321043,0.02081567
615.0,0.10608250,0.21092892,0.09995039,0.04935246,0.01894099
616.0,0.13065140,0.19513783,0.08965979,0.04532513,0.01699845
617.0,0.15522031,0.17809891,0.07939946,0.04125504,0.01504597
618.0,0.17978921,0.16036269,0.06940405,0.03725409,0.01313561
619.0,0.20124506,0.14245444,0.05987657,0.03341485,0.01131159
620.0,0.16666649,0.12484979,0.05098052,0.02980793,0.00960904
621.0,0.13208792,0.10795629,0.04283584,0.02648122,0.00805347
622.0,0.09750935,0.09210129,0.03551848,0.02346089,0.00666095
623.0,0.06293078,0.07752665,0.02906295,0.02075385,0.00543882
624.0,0.04674300,0.06438933,0.02346727,0.01835123,0.00438685
625.0,0.03400350,0.05276732,0.01869932,0.01623234,0.00349868
626.0,0.02126400,0.04266927,0.01470400,0.01436884,0.00276329
627.0,0.00852450,0.03404676,0.01141037,0.01272860,0.00216651
628.0,0.00325635,0.02680761,0.00873834,0.01127900,0.00169234
629.0,0.00234649,0.02082927,0.00660442,0.00998951,0.00132414
630.0,0.00143662,0.01597114,0.00492641,0.00883344,0.00104550
631.0,0.00052676,0.01208525,0.00362685,0.00778891,0.00084090
632.0,0.00000000,0.00902498,0.00263541,0.00683906,0.00069617
633.0,0.00000000,0.00665151,0.00189018,0.00597177,0.00059870
634.0,0.00000000,0.00483827,0.00133818,0.00517897,0.00053753
635.0,0.00000000,0.00347351,0.00093520,0.00445564,0.00050332
636.0,0.00000000,0.00246133,0.00064522,0.00379892,0.00048823
637.0,0.00000000,0.00172149,0.00043954,0.00320709,0.00048579
638.0,0.00000000,0.00118847,0.00029575,0.00267881,0.00049076
639.0,0.00000000,0.00080990,0.00019673,0.00221257,0.00049895
640.0,0.00000000,0.00054482,0.00012963,0.00180623,0.00050711
641.0,0.00000000,0.00036181,0.00008507,0.00145691,0.00051281
642.0,0.00000000,0.00023721,0.00005632,0.00116094,0.00051433
643.0,0.00000000,0.00015356,0.00003873,0.00091399,0.00051059
644.0,0.00000000,0.00009819,0.00002926,0.00071124,0.00050106
645.0,0.00000000,0.00006207,0.00002611,0.00054765,0.00048567
646.0,0.00000000,0.00003887,0.00002852,0.00041816,0.00046477
647.0,0.00000000,0.00002424,0.00003656,0.00031790,0.00043902
648.0,0.00000000,0.00001524,0.00005117,0.00024240,0.00040932
649.0,0.00000000,0.00000993,0.00007406,0.00018768,0.00037672
650.0,0.00000000,0.00000708,0.00010786,0.00015032,0.00034234
651.0,0.00000000,0.00000591,0.00015620,0.00012750,0.00030733
652.0,0.00000000,0.00000601,0.00022380,0.00011697,0.00027274
653.0,0.00067051,0.00000717,0.00031665,0.00011702,0.00023952
654.0,0.00249048,0.00000935,0.00044207,0.00012640,0.00020850
655.0,0.00431044,0.00001265,0.00060877,0.00014427,0.00018030
656.0,0.00613040,0.00001724,0.00082687,0.00017008,0.00015537
657.0,0.00780666,0.00002338,0.00110768,0.00020355,0.00013400
658.0,0.00871653,0.00003137,0.00146343,0.00024460,0.00011631
659.0,0.00962639,0.00004159,0.00190684,0.00029334,0.00010229
660.0,0.01053625,0.00005442,0.00245040,0.00035004,0.00009184
661.0,0.01144611,0.00007025,0.00310555,0.00041527,0.00008482
662.0,0.00890785,0.00008946,0.00388169,0.00048992,0.00008106
663.0,0.00617803,0.00011240,0.00478502,0.00057541,0.00008048
664.0,0.00344820,0.00013935,0.00581739,0.00067386,0.00008308
665.0,0.00071838,0.00017050,0.00697514,0.00078835,0.00008906
666.0,0.00000000,0.00020591,0.00824821,0.00092314,0.00009886
667.0,0.00000000,0.00024556,0.00961945,0.00108399,0.00011327
668.0,0.00000000,0.00028927,0.01106434,0.00127831,0.00013350
669.0,0.00000000,0.00033684,0.01255127,0.00151536,0.00016126
670.0,0.00000000,0.00038800,0.01404235,0.00180625,0.00019886
671.0,0.00000000,0.00044258,0.01549482,0.00216382,0.00024926
672.0,0.00000000,0.00050060,0.01686295,0.00260229,0.00031614
673.0,0.00000000,0.00056245,0.01810047,0.00313664,0.00040390
674.0,0.00000000,0.00062910,0.01916317,0.00378185,0.00051760
675.0,0.00000000,0.00070228,0.02001165,0.00455175,0.00066290
676.0,0.00000000,0.00078476,0.02061392,0.00545777,0.00084582
677.0,0.00000000,0.00088053,0.02094756,0.00650747,0.00107250
678.0,0.00000000,0.00099502,0.02100142,0.00770315,0.00134882
679.0,0.00000000,0.00113525,0.02077646,0.00904039,0.00167999
680.0,0.00000000,0.00130984,0.02028590,0.01050698,0.00206995
681.0,0.00000000,0.00152896,0.01955440,0.01208209,0.00252089
682.0,0.00000000,0.00180406,0.01861658,0.01373612,0.00303268
683.0,0.00000000,0.00214755,0.01751483,0.01543104,0.00360230
684.0,0.00000000,0.00257210,0.01629670,0.01712146,0.00422352
685.0,0.00000000,0.00308995,0.01501200,0.01875649,0.00488663
686.0,0.00000000,0.00371190,0.01370994,0.02028206,0.00557841
687.0,0.00000000,0.00444627,0.01243643,0.02164379,0.00628240
688.0,0.00000000,0.00529773,0.01123178,0.02279020,0.00697936
689.0,0.00000000,0.00626620,0.01012895,0.02367582,0.00764812
690.0,0.00000000,0.00734583,0.00915227,0.02426411,0.00826652
691.0,0.00000000,0.00852429,0.00831696,0.02452995,0.00881263
692.0,0.00000000,0.00978234,0.00762916,0.02446127,0.00926601
693.0,0.00000000,0.01109383,0.00708645,0.02405994,0.00960900
694.0,0.00000000,0.01242631,0.00667894,0.02334158,0.00982778
695.0,0.00000000,0.01374210,0.00639063,0.02233448,0.00991338
696.0,0.00000000,0.01499986,0.00620097,0.02107776,0.00986221
697.0,0.00000000,0.01615664,0.00608658,0.01961868,0.00967633
698.0,0.00000000,0.01717026,0.00602293,0.01800977,0.00936333
699.0,0.00000000,0.01800176,0.00598590,0.01630556,0.00893576
700.0,0.00000000,0.01861784,0.00595320,0.01455964,0.00841035
701.0,0.00000000,0.01899298,0.00590549,0.01282185,0.00780687
702.0,0.00000000,0.01911118,0.00582724,0.01113613,0.00714695
703.0,0.00000000,0.01896699,0.00570723,0.00953896,0.00645274
704.0,0.00153260,0.01856590,0.00553877,0.00805841,0.00574576
705.0,0.00335256,0.01792393,0.00531959,0.00671397,0.00504580
706.0,0.00517252,0.01706652,0.00505148,0.00551683,0.00437012
707.0,0.00699249,0.01602688,0.00473970,0.00447076,0.00373281
708.0,0.00881245,0.01484379,0.00439228,0.00357317,0.00314454
709.0,0.01063241,0.01355922,0.00401920,0.00281650,0.00261251
710.0,0.01245238,0.01221594,0.00363168,0.00218952,0.00214062
711.0,0.01427234,0.01085524,0.00324142,0.00167873,0.00172981
712.0,0.01417650,0.00951502,0.00286014,0.00126947,0.00137860
713.0,0.01144644,0.00822836,0.00249923,0.00094693,0.00108357
714.0,0.00871638,0.00702267,0.00216973,0.00069690,0.00083996
715.0,0.00598631,0.00591946,0.00188258,0.00050632,0.00064215
716.0,0.00363945,0.00493466,0.00164918,0.00036365,0.00048416
717.0,0.00272959,0.00407961,0.00148232,0.00025903,0.00036002
718.0,0.00181973,0.00336251,0.00139738,0.00018440,0.00026402
719.0,0.00090986,0.00279042,0.00141389,0.00013344,0.00019096
720.0,0.00000000,0.00237163,0.00155729,0.00010158,0.00013621
721.0,0.00000000,0.00211847,0.00186096,0.00008596,0.00009582
722.0,0.00000000,0.00205045,0.00236823,0.00008543,0.00006648
723.0,0.00000000,0.00219781,0.00313444,0.00010065,0.00004549
724.0,0.00000000,0.00260527,0.00422867,0.00013426,0.00003070
725.0,0.00000000,0.00333604,0.00573499,0.00019116,0.00002043
726.0,0.00000000,0.00447586,0.00775283,0.00027891,0.00001341
727.0,0.00000000,0.00613676,0.01039632,0.00040823,0.00000869
728.0,0.00000000,0.00846037,0.01379197,0.00059357,0.00000556
729.0,0.00000000,0.01162008,0.01807471,0.00085378,0.00000352
730.0,0.00000000,0.01582157,0.02338179,0.00121269,0.00000222
731.0,0.00000000,0.02130103,0.02984462,0.00169966,0.00000142
732.0,0.00000000,0.02832035,0.03757863,0.00234991,0.00000096
733.0,0.00000000,0.03715866,0.04667153,0.00320447,0.00000077
734.0,0.00000000,0.04809974,0.05717058,0.00430981,0.00000079
735.0,0.00000000,0.06141516,0.06906983,0.00571672,0.00000105
736.0,0.00000000,0.07734339,0.08229852,0.00747854,0.00000162
737.0,0.00000000,0.09606559,0.09671180,0.00964869,0.00000265
738.0,0.00000000,0.11767946,0.11208531,0.01227721,0.00000437
739.0,0.00000000,0.14217305,0.12811458,0.01540674,0.00000718
740.0,0.00000000,0.16940081,0.14442039,0.01906785,0.00001165
741.0,0.00000000,0.19906467,0.16056030,0.02327409,0.00001868
742.0,0.00000000,0.23070278,0.17604652,0.02801714,0.00002955
743.0,0.00000000,0.26368847,0.19036899,0.03326252,0.00004609
744.0,0.00000000,0.29724119,0.20302262,0.03894639,0.00007092
745.0,0.00000000,0.33045042,0.21353648,0.04497387,0.00010761
746.0,0.00000000,0.36231229,0.22150276,0.05121945,0.00016104
747.0,0.00000000,0.39177727,0.22660299,0.05752967,0.00023768
748.0,0.00000000,0.41780614,0.22862913,0.06372828,0.00034597
749.0,0.00000000,0.43943011,0.22749766,0.06962372,0.00049667
750.0,0.00000000,0.45581039,0.22325529,0.07501856,0.00070318
751.0,0.00000000,0.46629208,0.21607579,0.07972033,0.00098185
752.0,0.00000000,0.47044764,0.20624815,0.08355291,0.00135209
753.0,0.00000000,0.46810579,0.19415730,0.08636753,0.00183631
754.0,0.00000000,0.45936323,0.18025917,0.08805249,0.00245960
755.0,0.00000000,0.44457805,0.16505222,0.08854068,0.00324909
756.0,0.00000000,0.42434542,0.14904809,0.08781413,0.00423292
757.0,0.00000000,0.39945786,0.13274360,0.08590537,0.00543872
758.0,0.00000000,0.37085384,0.11659634,0.08289516,0.00689181
759.0,0.00000000,0.33955935,0.10100517,0.07890707,0.00861290
760.0,0.00000000,0.30662743,0.08629692,0.07409924,0.01061560
761.0,0.00000000,0.27308070,0.07271927,0.06865422,0.01290386
762.0,0.00000000,0.23986105,0.06043970,0.06276759,0.01546941
763.0,0.00000000,0.20778983,0.04954972,0.05663662,0.01828974
764.0,0.00000000,0.17754041,0.04007306,0.05044954,0.02132656
765.0,0.00000000,0.14962378,0.03197682,0.04437655,0.02452526
766.0,0.00000000,0.12438654,0.02518390,0.03856274,0.02781543
767.0,0.00062254,0.10201971,0.01958579,0.03312367,0.03111269
768.0,0.00153240,0.08257587,0.01505459,0.02814322,0.03432172
769.0,0.00244226,0.06599209,0.01145352,0.02367389,0.03734049
770.0,0.00335212,0.05211583,0.00864561,0.01973908,0.04006550
771.0,0.00383100,0.04073123,0.00650014,0.01633679,0.04239756
772.0,0.00383100,0.03158386,0.00489722,0.01344436,0.04424772
773.0,0.00383100,0.02440232,0.00373035,0.01102367,0.04554290
774.0,0.00383100,0.01891571,0.00290751,0.00902627,0.04623069
775.0,0.00383100,0.01486673,0.00235108,0.00739818,0.04628284
776.0,0.00383100,0.01202027,0.00199685,0.00608399,0.04569721
777.0,0.00383100,0.01016804,0.00179261,0.00503013,0.04449790
778.0,0.00383100,0.00912993,0.00169645,0.00418728,0.04273362
779.0,0.00392679,0.00875267,0.00167507,0.00351190,0.04047439
780.0,0.00574675,0.00890681,0.00170217,0.00296699,0.03780696
781.0,0.00756671,0.00948270,0.00175711,0.00252227,0.03482924
782.0,0.00938667,0.01038604,0.00182376,0.00215380,0.03164445
783.0,0.01120664,0.01153378,0.00188967,0.00184332,0.02835519
784.0,0.01379300,0.01285053,0.00194540,0.00157739,0.02505819
785.0,0.01652306,0.01426590,0.00198407,0.00134650,0.02183982
786.0,0.01925312,0.01571295,0.00200098,0.00114410,0.01877291
787.0,0.02198319,0.01712761,0.00199341,0.00096583,0.01591467
788.0,0.03563265,0.01844910,0.00196037,0.00080880,0.01330603
789.0,0.05565177,0.01962110,0.00190239,0.00067105,0.01097197
790.0,0.07567088,0.02059349,0.00182132,0.00055115,0.00892292
791.0,0.09568999,0.02132428,0.00172005,0.00044790,0.00715679
792.0,0.12643711,0.02178154,0.00160226,0.00036020,0.00566134
793.0,0.17193522,0.02194488,0.00147216,0.00028697,0.00441685
794.0,0.21743332,0.02180652,0.00133418,0.00022715,0.00339863
795.0,0.26293143,0.02137154,0.00119273,0.00017979,0.00257928
796.0,0.29329541,0.02065735,0.00105200,0.00014412,0.00193069
797.0,0.26690631,0.01969244,0.00091577,0.00011975,0.00142553
798.0,0.24051720,0.01851438,0.00078732,0.00010676,0.00103837
799.0,0.21412810,0.01716739,0.00066945,0.00010596,0.00074643
800.0,0.18773900,0.01569956,0.00056445,0.00011912,0.00052994
801.0,0.14952073,0.01416005,0.00047433,0.00014920,0.00037224
802.0,0.11130247,0.01259644,0.00040097,0.00020067,0.00025975
803.0,0.07308420,0.01105242,0.00034646,0.00027984,0.00018168
804.0,0.03486594,0.00956604,0.00031342,0.00039522,0.00012982
805.0,0.02753831,0.00816850,0.00030552,0.00055781,0.00009821
806.0,0.02844818,0.00688359,0.00032795,0.00078146,0.00008284
807.0,0.02935804,0.00572771,0.00038804,0.00108301,0.00008145
808.0,0.03026790,0.00471038,0.00049590,0.00148242,0.00009330
809.0,0.03275832,0.00383518,0.00066508,0.00200256,0.00011908
810.0,0.03639825,0.00310090,0.00091328,0.00266884,0.00016076
811.0,0.04003817,0.00250286,0.00126291,0.00350836,0.00022162
812.0,0.04367810,0.00203422,0.00174157,0.00454880,0.00030617
813.0,0.04463598,0.00168719,0.00238227,0.00581680,0.00042010
814.0,0.04099605,0.00145405,0.00322334,0.00733597,0.00057025
815.0,0.03735612,0.00132794,0.00430779,0.00912460,0.00076442
816.0,0.03371620,0.00130337,0.00568218,0.01119311,0.00101118
817.0,0.02978895,0.00137640,0.00739475,0.01354154,0.00131950
818.0,0.02432930,0.00154460,0.00949285,0.01615716,0.00169831
819.0,0.01886965,0.00180671,0.01201966,0.01901261,0.00215589
820.0,0.01341000,0.00216208,0.01501028,0.02206468,0.00269912
821.0,0.00795035,0.00260994,0.01848741,0.02525417,0.00333273
822.0,0.00680080,0.00314855,0.02245683,0.02850677,0.00405845
823.0,0.00589070,0.00377436,0.02690313,0.03173528,0.00487417
824.0,0.00498060,0.00448117,0.03178617,0.03484304,0.00577325
825.0,0.00407050,0.00525943,0.03703851,0.03772846,0.00674404
826.0,0.00316058,0.00609579,0.04256462,0.04029040,0.00776960
827.0,0.00225071,0.00697286,0.04824180,0.04243395,0.00882789
828.0,0.00134085,0.00786941,0.05392347,0.04407627,0.00989224
829.0,0.00043099,0.00876088,0.05944448,0.04515185,0.01093230
830.0,0.00000000,0.00962019,0.06462859,0.04561688,0.01191539
831.0,0.00000000,0.01041904,0.06929745,0.04545222,0.01280808
832.0,0.00000000,0.01112927,0.07328063,0.04466466,0.01357811
833.0,0.00000000,0.01172448,0.07642590,0.04328648,0.01419626
834.0,0.00000000,0.01218161,0.07860883,0.04137329,0.01463821
835.0,0.00000000,0.01248239,0.07974097,0.03900023,0.01488612
836.0,0.00000000,0.01261455,0.07977578,0.03625715,0.01492981
837.0,0.00000000,0.01257262,0.07871183,0.03324295,0.01476749
838.0,0.00000000,0.01235833,0.07659288,0.03005971,0.01440583
839.0,0.00000000,0.01198046,0.07350488,0.02680708,0.01385956
840.0,0.00000000,0.01145425,0.06957021,0.02357728,0.01315043
841.0,0.00000000,0.01080038,0.06493964,0.02045112,0.01230580
842.0,0.00000000,0.01004364,0.05978275,0.01749524,0.01135689
843.0,0.00081409,0.00921133,0.05427768,0.01476054,0.01033686
844.0,0.00172395,0.00833170,0.04860109,0.01228186,0.00927892
845.0,0.00263381,0.00743231,0.04291906,0.01007871,0.00821460
846.0,0.00354368,0.00653873,0.03737952,0.00815691,0.00717227
847.0,0.00445370,0.00567339,0.03210678,0.00651067,0.00617602
848.0,0.00536380,0.00485479,0.02719813,0.00512513,0.00524499
849.0,0.00627390,0.00409712,0.02272275,0.00397890,0.00439308
850.0,0.00718400,0.00341009,0.01872242,0.00304650,0.00362902
851.0,0.00766300,0.00279919,0.01521397,0.00230048,0.00295680
852.0,0.00766300,0.00226610,0.01219278,0.00171323,0.00237624
853.0,0.00766300,0.00180927,0.00963700,0.00125832,0.00188386
854.0,0.00766300,0.00142465,0.00751209,0.00091148,0.00147363
855.0,0.00742350,0.00110635,0.00577509,0.00065115,0.00113785
856.0,0.00651340,0.00084734,0.00437861,0.00045877,0.00086787
857.0,0.00560330,0.00064003,0.00327411,0.00031878,0.00065479
858.0,0.00469320,0.00047678,0.00241451,0.00021846,0.00048989
859.0,0.00378311,0.00035029,0.00175609,0.00014765,0.00036509
860.0,0.00287325,0.00025381,0.00125962,0.00009843,0.00027310
861.0,0.00196339,0.00018137,0.00089108,0.00006472,0.00020766
862.0,0.00105353,0.00012782,0.00062168,0.00004200,0.00016346
863.0,0.00014366,0.00008884,0.00042776,0.00002692,0.00013618
864.0,0.00000000,0.00006090,0.00029028,0.00001709,0.00012234
865.0,0.00000000,0.00004117,0.00019427,0.00001084,0.00011921
866.0,0.00000000,0.00002745,0.00012823,0.00000700,0.00012467
867.0,0.00000000,0.00001805,0.00008347,0.00000483,0.00013705
868.0,0.00000000,0.00001171,0.00005359,0.00000389,0.00015499
869.0,0.00000000,0.00000749,0.00003393,0.00000395,0.00017739
870.0,0.00000000,0.00000472,0.00002119,0.00000501,0.00020322
871.0,0.00000000,0.00000294,0.00001305,0.00000724,0.00023151
872.0,0.00000000,0.00000180,0.00000793,0.00001102,0.00026130
873.0,0.00000000,0.00000109,0.00000475,0.00001699,0.00029158
874.0,0.00000000,0.00000065,0.00000281,0.00002608,0.00032131
875.0,0.00000000,0.00000038,0.00000165,0.00003961,0.00034946
876.0,0.00000000,0.00000022,0.00000097,0.00005942,0.00037498
877.0,0.00000000,0.00000013,0.00000059,0.00008795,0.00039690
878.0,0.00000000,0.00000007,0.00000040,0.00012840,0.00041438
879.0,0.00000000,0.00000004,0.00000034,0.00018489,0.00042669
880.0,0.00000000,0.00000002,0.00000040,0.00026256,0.00043334
881.0,0.00000000,0.00000001,0.00000060,0.00036774,0.00043404
882.0,0.00000000,0.00000001,0.00000097,0.00050795,0.00042878
883.0,0.00000000,0.00000000,0.00000162,0.00069197,0.00041777
884.0,0.00000000,0.00000000,0.00000270,0.00092968,0.00040147
885.0,0.00000000,0.00000000,0.00000446,0.00123186,0.00038055
886.0,0.00000000,0.00000000,0.00000726,0.00160978,0.00035585
887.0,0.00000000,0.00000000,0.00001166,0.00207468,0.00032832
888.0,0.00000000,0.00000000,0.00001847,0.00263702,0.00029900
889.0,0.00000000,0.00000000,0.00002887,0.00330565,0.00026895
890.0,0.00000000,0.00000001,0.00004449,0.00408677,0.00023923
891.0,0.00000000,0.00000001,0.00006762,0.00498289,0.00021085
892.0,0.00000000,0.00000002,0.00010136,0.00599188,0.00018482
893.0,0.00000000,0.00000003,0.00014985,0.00710598,0.00016207
894.0,0.00000000,0.00000006,0.00021849,0.00831121,0.00014358
895.0,0.00000000,0.00000010,0.00031418,0.00958702,0.00013033
896.0,0.00000000,0.00000016,0.00044555,0.01090643,0.00012342
897.0,0.00000000,0.00000025,0.00062316,0.01223661,0.00012413
898.0,0.00000000,0.00000040,0.00085958,0.01354000,0.00013394
899.0,0.00000000,0.00000062,0.00116935,0.01477597,0.00015466
900.0,0.00000000,0.00000096,0.00156887,0.01590277,0.00018843
901.0,0.00000000,0.00000146,0.00207591,0.01687986,0.00023777
902.0,0.00000000,0.00000219,0.00270899,0.01767032,0.00030554
903.0,0.00000000,0.00000323,0.00348648,0.01824315,0.00039495
904.0,0.00000000,0.00000471,0.00442533,0.01857526,0.00050937
905.0,0.00000000,0.00000677,0.00553967,0.01865305,0.00065223
906.0,0.00000000,0.00000960,0.00683915,0.01847333,0.00082678
907.0,0.00000000,0.00001342,0.00832720,0.01804354,0.00103583
908.0,0.00000000,0.00001850,0.00999944,0.01738122,0.00128138
909.0,0.00000000,0.00002516,0.01184217,0.01651289,0.00156436
910.0,0.00000000,0.00003373,0.01383142,0.01547223,0.00188423
911.0,0.00000000,0.00004461,0.01593242,0.01429800,0.00223872
912.0,0.00000000,0.00005818,0.01809990,0.01303165,0.00262359
913.0,0.00000000,0.00007484,0.02027918,0.01171493,0.00303249
914.0,0.00000000,0.00009494,0.02240805,0.01038775,0.00345698
915.0,0.00000000,0.00011878,0.02441955,0.00908630,0.00388671
916.0,0.00000000,0.00014656,0.02624529,0.00784164,0.00430976
917.0,0.00000000,0.00017834,0.02781925,0.00667882,0.00471309
918.0,0.00000000,0.00021403,0.02908172,0.00561644,0.00508322
919.0,0.00000000,0.00025333,0.02998308,0.00466682,0.00540697
920.0,0.00000000,0.00029572,0.03048699,0.00383637,0.00567218
921.0,0.00000000,0.00034045,0.03057290,0.00312641,0.00586849
922.0,0.00000000,0.00038655,0.03023737,0.00253408,0.00598804
923.0,0.00000000,0.00043284,0.02949440,0.00205334,0.00602594
924.0,0.00000000,0.00047801,0.02837445,0.00167595,0.00598065
925.0,0.00000000,0.00052062,0.02692236,0.00139236,0.00585405
926.0,0.00000000,0.00055923,0.02519448,0.00119237,0.00565134
927.0,0.00000000,0.00059243,0.02325499,0.00106574,0.00538068
928.0,0.00000000,0.00061896,0.02117207,0.00100249,0.00505264
929.0,0.00000000,0.00063777,0.01901397,0.00099315,0.00467951
930.0,0.00000000,0.00064811,0.01684543,0.00102876,0.00427458
931.0,0.00000000,0.00064955,0.01472467,0.00110091,0.00385133
932.0,0.00000000,0.00064203,0.01270113,0.00120162,0.00342272
933.0,0.00000000,0.00062586,0.01081401,0.00132322,0.00300056
934.0,0.00000000,0.00060170,0.00909169,0.00145835,0.00259504
935.0,0.00023944,0.00057052,0.00755190,0.00159986,0.00221438
936.0,0.00114930,0.00053350,0.00620250,0.00174090,0.00186472
937.0,0.00205916,0.00049204,0.00504281,0.00187500,0.00155006
938.0,0.00296903,0.00044757,0.00406523,0.00199626,0.00127247
939.0,0.00378311,0.00040156,0.00325694,0.00209954,0.00103228
940.0,0.00287325,0.00035541,0.00260173,0.00218074,0.00082842
941.0,0.00196339,0.00031041,0.00208159,0.00223707,0.00065876
942.0,0.00105353,0.00026768,0.00167824,0.00226727,0.00052051
943.0,0.00014366,0.00022822,0.00137435,0.00227193,0.00041054
944.0,0.00000000,0.00019292,0.00115468,0.00225364,0.00032574
945.0,0.00000000,0.00016265,0.00100688,0.00221726,0.00026330
946.0,0.00000000,0.00013840,0.00092239,0.00217010,0.00022104
947.0,0.00000000,0.00012147,0.00089710,0.00212214,0.00019759
948.0,0.00000000,0.00011387,0.00093217,0.00208635,0.00019272
949.0,0.00000000,0.00011871,0.00103489,0.00207902,0.00020757
950.0,0.00000000,0.00014089,0.00121978,0.00212025,0.00024494
951.0,0.00000000,0.00018801,0.00150985,0.00223448,0.00030964
952.0,0.00000000,0.00027168,0.00193814,0.00245124,0.00040884
953.0,0.00000000,0.00040916,0.00254945,0.00280586,0.00055254
954.0,0.00000000,0.00062562,0.00340229,0.00334024,0.00075397
955.0,0.00000000,0.00095704,0.00457074,0.00410344,0.00103006
956.0,0.00000000,0.00145383,0.00614630,0.00515211,0.00140187
957.0,0.00000000,0.00218515,0.00823907,0.00655037,0.00189489
958.0,0.00000000,0.00324407,0.01097832,0.00836914,0.00253912
959.0,0.00000000,0.00475326,0.01451168,0.01068454,0.00336894
960.0,0.00000000,0.00687102,0.01900277,0.01357537,0.00442252
961.0,0.00000000,0.00979726,0.02462664,0.01711937,0.00574079
962.0,0.00000000,0.01377862,0.03156292,0.02138834,0.00736583
963.0,0.00000000,0.01911208,0.03998618,0.02644215,0.00933861
964.0,0.00000000,0.02614590,0.05005382,0.03232192,0.01169620
965.0,0.00000000,0.03527677,0.06189161,0.03904277,0.01446834
966.0,0.00000000,0.04694198,0.07557771,0.04658662,0.01767373
967.0,0.00000000,0.06160565,0.09112601,0.05489582,0.02131610
968.0,0.00000000,0.07973802,0.10847042,0.06386831,0.02538054
969.0,0.00000000,0.10178782,0.12745151,0.07335513,0.02983031
970.0,0.00000000,0.12814783,0.14780731,0.08316087,0.03460466
971.0,0.00000000,0.15911516,0.16916994,0.09304763,0.03961799
972.0,0.00000000,0.19484826,0.19106952,0.10274270,0.04476070
973.0,0.00033521,0.23532391,0.21294608,0.11194979,0.04990194
974.0,0.00124508,0.28029807,0.23416983,0.12036323,0.05489429
975.0,0.00215494,0.32927499,0.25406900,0.12768455,0.05958022
976.0,0.00306480,0.38148914,0.27196400,0.13363980,0.06380009
977.0,0.00368734,0.43590401,0.28720543,0.13799670,0.06740105
978.0,0.00277747,0.49123075,0.29921314,0.14057978,0.07024614
979.0,0.00186761,0.54596830,0.30751320,0.14128238,0.07222307
980.0,0.00095775,0.59846451,0.31176944,0.14007440,0.07325162
981.0,0.00004789,0.64699564,0.31180688,0.13700493,0.07328919
982.0,0.00344835,0.68985946,0.30762471,0.13219972,0.07233394
983.0,0.00708827,0.72547545,0.29939776,0.12585368,0.07042521
984.0,0.01072820,0.75248414,0.28746628,0.11821911,0.06764116
985.0,0.01436812,0.76983728,0.27231514,0.10959083,0.06409403
986.0,0.01733745,0.77687092,0.25454428,0.10028956,0.05992314
987.0,0.02006728,0.77335480,0.23483324,0.09064500,0.05528672
988.0,0.02279710,0.75951346,0.21390297,0.08097996,0.05035288
989.0,0.02552693,0.73601718,0.19247790,0.07159663,0.04529077
990.0,0.02538325,0.70394356,0.17125131,0.06276589,0.04026247
991.0,0.02265343,0.66471330,0.15085617,0.05471987,0.03541617
992.0,0.01992360,0.62000590,0.13184294,0.04764793,0.03088103
993.0,0.01719378,0.57166249,0.11466492,0.04169552,0.02676384
994.0,0.02940640,0.52158371,0.09967095,0.03696546,0.02314742
995.0,0.07399442,0.47163033,0.08710458,0.03352067,0.02009055
996.0,0.11858244,0.42353312,0.07710819,0.03138767,0.01762908
997.0,0.16317045,0.37881740,0.06973071,0.03056001,0.01577791
998.0,0.22270100,0.33874518,0.06493708,0.03100121,0.01453326
999.0,0.40924325,0.30427657,0.06261841,0.03264678,0.01387508
1000.0,0.59578550,0.27605005,0.06260166,0.03540539,0.01376926
1001.0,0.78232775,0.25438003,0.06465855,0.03915944,0.01416949
1002.0,0.96887000,0.23926926,0.06851350,0.04376532,0.01501879
1003.0,0.87126462,0.23043350,0.07385112,0.04905418,0.01625083
1004.0,0.74023016,0.22733544,0.08032368,0.05483356,0.01779108
1005.0,0.60919570,0.22922574,0.08755933,0.06089061,0.01955816
1006.0,0.47816124,0.23518896,0.09517153,0.06699707,0.02146538
1007.0,0.36829536,0.24419268,0.10277019,0.07291632,0.02342277
1008.0,0.26819958,0.25513849,0.10997427,0.07841215,0.02533967
1009.0,0.16810380,0.26691332,0.11642567,0.08325889,0.02712767
1010.0,0.06800801,0.27843959,0.12180360,0.08725224,0.02870397
1011.0,0.01446391,0.28872256,0.12583832,0.09021981,0.02999494
1012.0,0.01264395,0.29689268,0.12832326,0.09203047,0.03093941
1013.0,0.01082399,0.30224114,0.12912426,0.09260169,0.03149163
1014.0,0.00900402,0.30424649,0.12818497,0.09190400,0.03162345
1015.0,0.00766300,0.30259063,0.12552781,0.08996215,0.03132554
1016.0,0.00766300,0.29716330,0.12125015,0.08685278,0.03060749
1017.0,0.00766300,0.28805452,0.11551608,0.08269874,0.02949677
1018.0,0.00766300,0.27553586,0.10854416,0.07766064,0.02803656
1019.0,0.00833351,0.26003190,0.10059248,0.07192620,0.02628268
1020.0,0.02107300,0.24208436,0.09194201,0.06569853,0.02429984
1021.0,0.03381250,0.22231162,0.08287972,0.05918418,0.02215760
1022.0,0.04655200,0.20136705,0.07368280,0.05258193,0.01992624
1023.0,0.05929150,0.17989905,0.06460499,0.04607319,0.01767298
1024.0,0.07203100,0.15851574,0.05586597,0.03981450,0.01545877
1025.0,0.08477050,0.13775632,0.04764417,0.03393259,0.01333585
1026.0,0.09751000,0.11807053,0.04007314,0.02852186,0.01134609
1027.0,0.11024950,0.09980665,0.03324138,0.02364446,0.00952033
1028.0,0.10574755,0.08320785,0.02719499,0.01933222,0.00787838
1029.0,0.09118808,0.06841583,0.02194253,0.01559035,0.00642987
1030.0,0.07662862,0.05548043,0.01746147,0.01240198,0.00517543
1031.0,0.06206916,0.04437330,0.01370524,0.00973343,0.00410839
1032.0,0.04904230,0.03500402,0.01061049,0.00753930,0.00321646
1033.0,0.03812276,0.02723698,0.00810375,0.00576741,0.00248351
1034.0,0.02720323,0.02090758,0.00610737,0.00436298,0.00189122
1035.0,0.01628369,0.01583672,0.00454429,0.00327209,0.00142040
1036.0,0.00747140,0.01184292,0.00334159,0.00244429,0.00105218
1037.0,0.00656130,0.00875171,0.00243305,0.00183436,0.00076880
1038.0,0.00565120,0.00640236,0.00176049,0.00140335,0.00055418
1039.0,0.00474110,0.00465198,0.00127442,0.00111899,0.00039423
1040.0,0.00383100,0.00337756,0.00093388,0.00095553,0.00027697
1041.0,0.00292114,0.00247619,0.00070592,0.00089334,0.00019246
1042.0,0.00201127,0.00186408,0.00056472,0.00091808,0.00013268
1043.0,0.00110141,0.00147469,0.00049049,0.00101984,0.00009132
1044.0,0.00019155,0.00125637,0.00046846,0.00119209,0.00006353
1045.0,0.00000000,0.00116981,0.00048777,0.00143066,0.00004564
1046.0,0.00000000,0.00118556,0.00054049,0.00173271,0.00003500
1047.0,0.00000000,0.00128164,0.00062080,0.00209576,0.00002971
1048.0,0.00000000,0.00144150,0.00072418,0.00251678,0.00002847
1049.0,0.00000000,0.00165224,0.00084687,0.00299151,0.00003041
1050.0,0.00000000,0.00190324,0.00098538,0.00351381,0.00003499
1051.0,0.00000000,0.00218511,0.00113619,0.00407536,0.00004185
1052.0,0.00000000,0.00248898,0.00129554,0.00466549,0.00005080
1053.0,0.00000000,0.00280612,0.00145936,0.00527133,0.00006170
1054.0,0.00000000,0.00312789,0.00162335,0.00587819,0.00007444
1055.0,0.00000000,0.00344591,0.00178309,0.00647020,0.00008887
1056.0,0.00000000,0.00375245,0.00193434,0.00703116,0.00010481
1057.0,0.00000000,0.00404107,0.00207331,0.00754550,0.00012200
1058.0,0.00000000,0.00430729,0.00219701,0.00799932,0.00014010
1059.0,0.00000000,0.00454931,0.00230364,0.00838142,0.00015871
1060.0,0.00000000,0.00476872,0.00239288,0.00868411,0.00017733
1061.0,0.00000000,0.00497109,0.00246619,0.00890386,0.00019541
1062.0,0.00086197,0.00516637,0.00252695,0.00904159,0.00021237
1063.0,0.00177184,0.00536899,0.00258057,0.00910262,0.00022763
1064.0,0.00268170,0.00559770,0.00263438,0.00909623,0.00024063
1065.0,0.00359156,0.00587501,0.00269739,0.00903488,0.00025087
1066.0,0.00383100,0.00622623,0.00277990,0.00893313,0.00025795
1067.0,0.00383100,0.00667819,0.00289298,0.00880637,0.00026157
1068.0,0.00383100,0.00725759,0.00304775,0.00866947,0.00026160
1069.0,0.00383100,0.00798903,0.00325467,0.00853549,0.00025802
1070.0,0.00383100,0.00889295,0.00352267,0.00841458,0.00025099
1071.0,0.00383100,0.00998347,0.00385832,0.00831316,0.00024080
1072.0,0.00383100,0.01126636,0.00426506,0.00823343,0.00022784
1073.0,0.00383100,0.01273730,0.00474255,0.00817333,0.00021263
1074.0,0.00383100,0.01438059,0.00528613,0.00812693,0.00019572
1075.0,0.00383100,0.01616851,0.00588665,0.00808508,0.00017772
1076.0,0.00383100,0.01806145,0.00653044,0.00803645,0.00015922
1077.0,0.00383100,0.02000889,0.00719972,0.00796870,0.00014080
1078.0,0.00373523,0.02195126,0.00787323,0.00786967,0.00012300
1079.0,0.00282536,0.02382262,0.00852724,0.00772863,0.00010631
1080.0,0.00191550,0.02555406,0.00913677,0.00753721,0.00009119
1081.0,0.00100564,0.02707752,0.00967699,0.00729015,0.00007806
1082.0,0.00009577,0.02832987,0.01012466,0.00698576,0.00006736
1083.0,0.00000000,0.02925680,0.01045963,0.00662598,0.00005959
1084.0,0.00000000,0.02981630,0.01066606,0.00621615,0.00005539
1085.0,0.00000000,0.02998135,0.01073345,0.00576456,0.00005561
1086.0,0.00000000,0.02974172,0.01065729,0.00528167,0.00006141
1087.0,0.00000000,0.02910447,0.01043932,0.00477935,0.00007440
1088.0,0.00000000,0.02809340,0.01008734,0.00426997,0.00009678
1089.0,0.00000000,0.02674729,0.00961461,0.00376560,0.00013148
1090.0,0.00000000,0.02511722,0.00903894,0.00327729,0.00018232
1091.0,0.00000000,0.02326321,0.00838146,0.00281449,0.00025417
1092.0,0.00000000,0.02125035,0.00766527,0.00238474,0.00035304
1093.0,0.00000000,0.01914502,0.00691406,0.00199342,0.00048623
1094.0,0.00000000,0.01701120,0.00615081,0.00164377,0.00066228
1095.0,0.00000000,0.01490735,0.00539661,0.00133704,0.00089093
1096.0,0.00000000,0.01288400,0.00466977,0.00107273,0.00118287
1097.0,0.00000000,0.01098206,0.00398524,0.00084892,0.00154945
1098.0,0.00000000,0.00923208,0.00335426,0.00066261,0.00200206
1099.0,0.00004789,0.00765414,0.00278433,0.00051011,0.00255153
1100.0,0.00095775,0.00625855,0.00227943,0.00038732,0.00320719
1101.0,0.00186761,0.00504700,0.00184041,0.00029005,0.00397593
1102.0,0.00277747,0.00401397,0.00146549,0.00021423,0.00486114
1103.0,0.00368734,0.00314846,0.00115091,0.00015605,0.00586165
1104.0,0.00383100,0.00243564,0.00089144,0.00011212,0.00697080
1105.0,0.00383100,0.00185836,0.00068101,0.00007947,0.00817571
1106.0,0.00383100,0.00139858,0.00051319,0.00005557,0.00945690
1107.0,0.00383100,0.00103839,0.00038157,0.00003838,0.01078827
1108.0,0.00383100,0.00076095,0.00028011,0.00002623,0.01213768
1109.0,0.00383100,0.00055099,0.00020332,0.00001784,0.01346791
1110.0,0.00383100,0.00039526,0.00014647,0.00001224,0.01473826
1111.0,0.00383100,0.00028268,0.00010561,0.00000875,0.01590652
1112.0,0.00421420,0.00020446,0.00007766,0.00000693,0.01693124
1113.0,0.00512430,0.00015412,0.00006048,0.00000657,0.01777421
1114.0,0.00603440,0.00012755,0.00005283,0.00000770,0.01840282
1115.0,0.00694450,0.00012312,0.00005455,0.00001059,0.01879224
1116.0,0.00785455,0.00014195,0.00006664,0.00001582,0.01892712
1117.0,0.00876441,0.00018825,0.00009153,0.00002432,0.01880274
1118.0,0.00967427,0.00027006,0.00013334,0.00003752,0.01842541
1119.0,0.01058414,0.00040011,0.00019837,0.00005749,0.01781225
1120.0,0.01149400,0.00059708,0.00029564,0.00008711,0.01699015
1121.0,0.01331396,0.00088714,0.00043758,0.00013030,0.01599429
1122.0,0.01513393,0.00130590,0.00064090,0.00019229,0.01486609
1123.0,0.01695389,0.00190062,0.00092749,0.00027991,0.01365103
1124.0,0.01877385,0.00273265,0.00132541,0.00040187,0.01239628
1125.0,0.02490406,0.00388001,0.00186998,0.00056903,0.01114858
1126.0,0.03218368,0.00543991,0.00260466,0.00079465,0.00995230
1127.0,0.03946329,0.00753087,0.00358187,0.00109446,0.00884787
1128.0,0.04674290,0.01029424,0.00486339,0.00148665,0.00787065
1129.0,0.05086166,0.01389452,0.00652042,0.00199159,0.00705022
1130.0,0.05268162,0.01851823,0.00863290,0.00263135,0.00640997
1131.0,0.05450159,0.02437074,0.01128814,0.00342884,0.00596697
1132.0,0.05632155,0.03167066,0.01457860,0.00440664,0.00573208
1133.0,0.05613006,0.04064151,0.01859859,0.00558552,0.00571008
1134.0,0.05249037,0.05150041,0.02344004,0.00698265,0.00589985
1135.0,0.04885069,0.06444406,0.02918740,0.00860965,0.00629452
1136.0,0.04521100,0.07963216,0.03591163,0.01047049,0.00688162
1137.0,0.04114025,0.09716929,0.04366377,0.01255967,0.00764319
1138.0,0.03477050,0.11708611,0.05246820,0.01486055,0.00855602
1139.0,0.02840075,0.13932152,0.06231621,0.01734436,0.00959201
1140.0,0.02203100,0.16370746,0.07316029,0.01996997,0.01071875
1141.0,0.01566125,0.18995809,0.08490956,0.02268456,0.01190040
1142.0,0.01446380,0.21766534,0.09742712,0.02542545,0.01309887
1143.0,0.01355370,0.24630229,0.11052953,0.02812297,0.01427527
1144.0,0.01264360,0.27523546,0.12398907,0.03070435,0.01539161
1145.0,0.01173350,0.30374659,0.13753886,0.03309851,0.01641258
1146.0,0.01082358,0.33106328,0.15088112,0.03524131,0.01730734
1147.0,0.00991371,0.35639742,0.16369836,0.03708100,0.01805103
1148.0,0.00900385,0.37898904,0.17566725,0.03858339,0.01862603
1149.0,0.00809399,0.39815252,0.18647461,0.03973628,0.01902263
1150.0,0.00909975,0.41332176,0.19583469,0.04055275,0.01923920
1151.0,0.01182957,0.42409018,0.20350684,0.04107298,0.01928171
1152.0,0.01455940,0.43024212,0.20931229,0.04136438,0.01916270
1153.0,0.01728922,0.43177215,0.21314884,0.04151984,0.01889981
1154.0,0.01973172,0.42889017,0.21500221,0.04165423,0.01851396
1155.0,0.02155169,0.42201101,0.21495289,0.04189928,0.01802747
1156.0,0.02337165,0.41172880,0.21317742,0.04239698,0.01746223
1157.0,0.02519161,0.39877767,0.20994356,0.04329210,0.01683812
1158.0,0.02653265,0.38398178,0.20559908,0.04472388,0.01617185
1159.0,0.02380283,0.36819845,0.20055428,0.04681761,0.01547634
1160.0,0.02107300,0.35225922,0.19525912,0.04967632,0.01476055
1161.0,0.01834317,0.33691356,0.19017608,0.05337305,0.01402979
1162.0,0.01561335,0.32277989,0.18575041,0.05794409,0.01328651
1163.0,0.01695439,0.31030801,0.18237990,0.06338353,0.01253121
1164.0,0.01877435,0.29975569,0.18038620,0.06963957,0.01176357
1165.0,0.02059431,0.29118116,0.17999014,0.07661280,0.01098345
1166.0,0.02241428,0.28445167,0.18129295,0.08415679,0.01019174
1167.0,0.02361154,0.27926692,0.18426528,0.09208131,0.00939099
1168.0,0.02452140,0.27519467,0.18874518,0.10015813,0.00858563
1169.0,0.02543126,0.27171519,0.19444554,0.10812951,0.00778201
1170.0,0.02634112,0.26827033,0.20097084,0.11571910,0.00698799
1171.0,0.02811307,0.26431271,0.20784223,0.12264483,0.00621250
1172.0,0.03084290,0.25935096,0.21452910,0.12863308,0.00546483
1173.0,0.03357272,0.25298732,0.22048488,0.13343339,0.00475400
1174.0,0.03630255,0.24494491,0.22518416,0.13683259,0.00408806
1175.0,0.03927188,0.23508312,0.22815839,0.13866735,0.00347365
1176.0,0.04291180,0.22340067,0.22902703,0.13883412,0.00291556
1177.0,0.04655173,0.21002712,0.22752192,0.13729562,0.00241661
1178.0,0.05019165,0.19520471,0.22350290,0.13408320,0.00197761
1179.0,0.05354421,0.17926277,0.21696367,0.12929494,0.00159750
1180.0,0.05172425,0.16258794,0.20802784,0.12308941,0.00127361
1181.0,0.04990429,0.14559297,0.19693573,0.11567582,0.00100201
1182.0,0.04808433,0.12868705,0.18402377,0.10730116,0.00077786
1183.0,0.04626436,0.11224990,0.16969834,0.09823553,0.00059577
1184.0,0.04291180,0.09661134,0.15440679,0.08875686,0.00045018
1185.0,0.03927188,0.08203723,0.13860807,0.07913616,0.00033557
1186.0,0.03563195,0.06872207,0.12274538,0.06962438,0.00024675
1187.0,0.03199202,0.05678773,0.10722282,0.06044180,0.00017897
1188.0,0.02892690,0.04628749,0.09238746,0.05177046,0.00012805
1189.0,0.02619707,0.03721401,0.07851748,0.04374980,0.00009036
1190.0,0.02346725,0.02951006,0.06581653,0.03647560,0.00006289
1191.0,0.02073742,0.02308047,0.05441391,0.03000169,0.00004318
1192.0,0.01800760,0.01780420,0.04436948,0.02434400,0.00002923
1193.0,0.01527777,0.01354559,0.03568233,0.01948626,0.00001952
1194.0,0.01254795,0.01016405,0.02830172,0.01538665,0.00001286
1195.0,0.00981813,0.00752187,0.02213911,0.01198474,0.00000835
1196.0,0.00747140,0.00549000,0.01708021,0.00920816,0.00000535
1197.0,0.00656130,0.00395188,0.01299602,0.00697861,0.00000338
1198.0,0.00565120,0.00280556,0.00975237,0.00521685,0.00000211
1199.0,0.00474110,0.00196435,0.00721759,0.00384668,0.00000130
1200.0,0.00383100,0.00135644,0.00526812,0.00279766,0.00000079
1201.0,0.00383100,0.00092377,0.00379228,0.00200692,0.00000047
1202.0,0.00383100,0.00062045,0.00269231,0.00141999,0.00000028
1203.0,0.00383100,0.00041099,0.00188508,0.00099097,0.00000016
1204.0,0.00383100,0.00026849,0.00130171,0.00068209,0.00000009
1205.0,0.00383100,0.00017299,0.00088650,0.00046306,0.00000005
1206.0,0.00383100,0.00010992,0.00059542,0.00031006,0.00000003
1207.0,0.00383100,0.00006889,0.00039441,0.00020476,0.00000002
1208.0,0.00383100,0.00004257,0.00025766,0.00013337,0.00000001
1209.0,0.00383100,0.00002595,0.00016601,0.00008568,0.00000000
1210.0,0.00383100,0.00001560,0.00010549,0.00005428,0.00000000
1211.0,0.00383100,0.00000925,0.00006611,0.00003392,0.00000000
1212.0,0.00383100,0.00000541,0.00004086,0.00002090,0.00000000
1213.0,0.00383100,0.00000312,0.00002490,0.00001271,0.00000000
1214.0,0.00383100,0.00000177,0.00001497,0.00000762,0.00000000
1215.0,0.00383100,0.00000099,0.00000888,0.00000450,0.00000000
1216.0,0.00383100,0.00000055,0.00000519,0.00000263,0.00000000
1217.0,0.00368734,0.00000030,0.00000299,0.00000151,0.00000000
1218.0,0.00277747,0.00000016,0.00000170,0.00000086,0.00000000
1219.0,0.00186761,0.00000009,0.00000095,0.00000048,0.00000000
1220.0,0.00095775,0.00000004,0.00000053,0.00000026,0.00000000
1221.0,0.00004789,0.00000002,0.00000029,0.00000014,0.00000000
1222.0,0.00086197,0.00000001,0.00000016,0.00000008,0.00000000
1223.0,0.00177184,0.00000001,0.00000008,0.00000004,0.00000000
1224.0,0.00268170,0.00000000,0.00000004,0.00000002,0.00000000
1225.0,0.00359156,0.00000000,0.00000002,0.00000001,0.00000001
1226.0,0.00383100,0.00000000,0.00000001,0.00000001,0.00000001
1227.0,0.00383100,0.00000000,0.00000001,0.00000000,0.00000002
1228.0,0.00383100,0.00000000,0.00000000,0.00000000,0.00000004
1229.0,0.00383100,0.00000000,0.00000000,0.00000000,0.00000007
1230.0,0.00383100,0.00000000,0.00000000,0.00000000,0.00000013
1231.0,0.00383100,0.00000000,0.00000000,0.00000000,0.00000024
1232.0,0.00383100,0.00000000,0.00000000,0.00000000,0.00000043
1233.0,0.00383100,0.00000000,0.00000000,0.00000000,0.00000077
1234.0,0.00383100,0.00000000,0.00000000,0.00000001,0.00000136
1235.0,0.00383100,0.00000000,0.00000000,0.00000001,0.00000237
1236.0,0.00383100,0.00000000,0.00000000,0.00000003,0.00000407
1237.0,0.00383100,0.00000000,0.00000000,0.00000005,0.00000688
1238.0,0.00383100,0.00000000,0.00000000,0.00000010,0.00001148
1239.0,0.00383100,0.00000000,0.00000000,0.00000018,0.00001889
1240.0,0.00383100,0.00000000,0.00000000,0.00000033,0.00003065
1241.0,0.00383100,0.00000000,0.00000000,0.00000060,0.00004904
1242.0,0.00383100,0.00000000,0.00000000,0.00000105,0.00007740
1243.0,0.00383100,0.00000000,0.00000000,0.00000183,0.00012048
1244.0,0.00383100,0.00000000,0.00000000,0.00000315,0.00018494
1245.0,0.00383100,0.00000000,0.00000000,0.00000533,0.00027999
1246.0,0.00383100,0.00000000,0.00000000,0.00000889,0.00041805
1247.0,0.00383100,0.00000000,0.00000000,0.00001465,0.00061559
1248.0,0.00383100,0.00000000,0.00000000,0.00002378,0.00089401
1249.0,0.00383100,0.00000000,0.00000000,0.00003809,0.00128046
1250.0,0.00383100,0.00000000,0.00000000,0.00006017,0.00180871
1251.0,0.00426210,0.00000000,0.00000000,0.00009374,0.00251973
1252.0,0.00517220,0.00000000,0.00000000,0.00014402,0.00346192
1253.0,0.00608230,0.00000000,0.00000000,0.00021823,0.00469094
1254.0,0.00699240,0.00000000,0.00000000,0.00032611,0.00626877
1255.0,0.00766300,0.00000000,0.00000000,0.00048063,0.00826198
1256.0,0.00766300,0.00000000,0.00000000,0.00069860,0.01073903
1257.0,0.00766300,0.00000000,0.00000000,0.00100146,0.01376656
1258.0,0.00766300,0.00000000,0.00000001,0.00141584,0.01740465
1259.0,0.00766300,0.00000001,0.00000001,0.00197412,0.02170125
1260.0,0.00766300,0.00000001,0.00000002,0.00271465,0.02668600
1261.0,0.00766300,0.00000002,0.00000004,0.00368160,0.03236397
1262.0,0.00766300,0.00000003,0.00000007,0.00492423,0.03870968
1263.0,0.00766300,0.00000006,0.00000012,0.00649565,0.04566221
1264.0,0.00919560,0.00000010,0.00000020,0.00845062,0.05312194
1265.0,0.01101556,0.00000017,0.00000033,0.01084271,0.06094958
1266.0,0.01283552,0.00000027,0.00000055,0.01372054,0.06896798
1267.0,0.01465549,0.00000045,0.00000088,0.01712340,0.07696700
1268.0,0.01705010,0.00000072,0.00000140,0.02107642,0.08471150
1269.0,0.01977993,0.00000114,0.00000220,0.02558552,0.09195210
1270.0,0.02250975,0.00000178,0.00000340,0.03063272,0.09843814
1271.0,0.02523958,0.00000275,0.00000519,0.03617228,0.10393200
1272.0,0.02835260,0.00000419,0.00000780,0.04212805,0.10822355
1273.0,0.03199253,0.00000629,0.00001158,0.04839276,0.11114364
1274.0,0.03563245,0.00000932,0.00001695,0.05482947,0.11257541
1275.0,0.03927237,0.00001361,0.00002447,0.06127550,0.11246239
1276.0,0.04252910,0.00001961,0.00003485,0.06754892,0.11081259
1277.0,0.04434882,0.00002786,0.00004896,0.07345715,0.10769841
1278.0,0.04616855,0.00003905,0.00006785,0.07880754,0.10325202
1279.0,0.04798827,0.00005399,0.00009277,0.08341880,0.09765708
1280.0,0.04980800,0.00007363,0.00012515,0.08713273,0.09113726
1281.0,0.05890781,0.00009906,0.00016658,0.08982497,0.08394275
1282.0,0.06800763,0.00013148,0.00021882,0.09141390,0.07633587
1283.0,0.07710744,0.00017219,0.00028368,0.09186688,0.06857702
1284.0,0.08620725,0.00022253,0.00036303,0.09120300,0.06091187
1285.0,0.09243325,0.00028386,0.00045866,0.08949215,0.05356080
1286.0,0.09789290,0.00035749,0.00057226,0.08685034,0.04671092
1287.0,0.10335255,0.00044465,0.00070527,0.08343164,0.04051094
1288.0,0.10881220,0.00054647,0.00085884,0.07941750,0.03506895
1289.0,0.11111100,0.00066401,0.00103377,0.07500424,0.03045260
1290.0,0.11111100,0.00079829,0.00123051,0.07038992,0.02669132
1291.0,0.11111100,0.00095054,0.00144913,0.06576169,0.02378008
1292.0,0.11111100,0.00112239,0.00168943,0.06128458,0.02168400
1293.0,0.10742331,0.00131632,0.00195100,0.05709267,0.02034345
1294.0,0.09741387,0.00153624,0.00223336,0.05328320,0.01967927
1295.0,0.08740444,0.00178815,0.00253614,0.04991393,0.01959769
1296.0,0.07739500,0.00208110,0.00285915,0.04700371,0.01999510
1297.0,0.06781655,0.00242825,0.00320254,0.04453598,0.02076231
1298.0,0.06053670,0.00284800,0.00356678,0.04246465,0.02178859
1299.0,0.05325685,0.00336535,0.00395263,0.04072166,0.02296530
1300.0,0.04597700,0.00401312,0.00436094,0.03922537,0.02418932
1301.0,0.03869715,0.00483323,0.00479242,0.03788911,0.02536615
1302.0,0.03400368,0.00587767,0.00524727,0.03662898,0.02641268
1303.0,0.02945389,0.00720923,0.00572474,0.03537046,0.02725948
1304.0,0.02490410,0.00890170,0.00622276,0.03405334,0.02785258
1305.0,0.02035431,0.01103941,0.00673758,0.03263478,0.02815453
1306.0,0.01848658,0.01371598,0.00726361,0.03109041,0.02814475
1307.0,0.01757671,0.01703206,0.00779346,0.02941378,0.02781896
1308.0,0.01666685,0.02109195,0.00831828,0.02761425,0.02718790
1309.0,0.01575699,0.02599906,0.00882842,0.02571390,0.02627534
1310.0,0.01580488,0.03185009,0.00931451,0.02374382,0.02511548
1311.0,0.01671474,0.03872822,0.00976881,0.02174024,0.02375001
1312.0,0.01762460,0.04669530,0.01018691,0.01974078,0.02222514
1313.0,0.01853446,0.05578348,0.01056958,0.01778137,0.02058855
1314.0,0.01973172,0.06598692,0.01092471,0.01589372,0.01888681
1315.0,0.02155169,0.07725385,0.01126919,0.01410378,0.01716320
1316.0,0.02337165,0.08948016,0.01163047,0.01243080,0.01545600
1317.0,0.02519161,0.10250487,0.01204774,0.01088734,0.01379752
1318.0,0.02739470,0.11610862,0.01257245,0.00947964,0.01221358
1319.0,0.03285435,0.13001558,0.01326805,0.00820859,0.01072354
1320.0,0.03831400,0.14389940,0.01420877,0.00707076,0.00934066
1321.0,0.04377365,0.15739337,0.01547732,0.00605962,0.00807282
1322.0,0.04923330,0.17010458,0.01716148,0.00516663,0.00692333
1323.0,0.04817982,0.18163156,0.01934956,0.00438217,0.00589180
1324.0,0.04636010,0.19158438,0.02212479,0.00369634,0.00497501
1325.0,0.04454037,0.19960595,0.02555896,0.00309943,0.00416763
1326.0,0.04272065,0.20539294,0.02970542,0.00258229,0.00346294
1327.0,0.03778775,0.20871452,0.03459210,0.00213646,0.00285331
1328.0,0.03141800,0.20942758,0.04021488,0.00175423,0.00233058
1329.0,0.02504825,0.20748668,0.04653201,0.00142860,0.00188646
1330.0,0.01867850,0.20294805,0.05346032,0.00115318,0.00151266
1331.0,0.01446391,0.19596711,0.06087359,0.00092213,0.00120111
1332.0,0.01264395,0.18678950,0.06860381,0.00073003,0.00094410
1333.0,0.01082399,0.17573649,0.07644550,0.00057192,0.00073431
1334.0,0.00900402,0.16318601,0.08416329,0.00044316,0.00056498
1335.0,0.00766300,0.14955072,0.09150238,0.00033950,0.00042986
1336.0,0.00766300,0.13525509,0.09820144,0.00025705,0.00032332
1337.0,0.00766300,0.12071325,0.10400713,0.00019229,0.00024034
1338.0,0.00766300,0.10630921,0.10868905,0.00014207,0.00017652
1339.0,0.00766300,0.09238073,0.11205407,0.00010366,0.00012807
1340.0,0.00766300,0.07920780,0.11395871,0.00007467,0.00009176
1341.0,0.00766300,0.06700596,0.11431845,0.00005310,0.00006493
1342.0,0.00766300,0.05592452,0.11311326,0.00003727,0.00004535
1343.0,0.00766300,0.04604896,0.11038871,0.00002581,0.00003127
1344.0,0.00766300,0.03740701,0.10625259,0.00001764,0.00002129
1345.0,0.00766300,0.02997709,0.10086743,0.00001189,0.00001430
1346.0,0.00766300,0.02369835,0.09443954,0.00000791,0.00000948
1347.0,0.00766300,0.01848115,0.08720566,0.00000519,0.00000620
1348.0,0.00766300,0.01421714,0.07941836,0.00000336,0.00000400
1349.0,0.00766300,0.01078847,0.07133140,0.00000215,0.00000255
1350.0,0.00766300,0.00807540,0.06318631,0.00000135,0.00000160
1351.0,0.00766300,0.00596235,0.05520097,0.00000084,0.00000099
1352.0,0.00727980,0.00434224,0.04756103,0.00000052,0.00000061
1353.0,0.00636970,0.00311923,0.04041442,0.00000031,0.00000037
1354.0,0.00545960,0.00221010,0.03386893,0.00000019,0.00000022
1355.0,0.00454950,0.00154456,0.02799281,0.00000011,0.00000013
1356.0,0.00383100,0.00106468,0.02281768,0.00000006,0.00000007
1357.0,0.00383100,0.00072385,0.01834323,0.00000004,0.00000004
1358.0,0.00383100,0.00048540,0.01454320,0.00000002,0.00000002
1359.0,0.00383100,0.00032104,0.01137165,0.00000001,0.00000001
1360.0,0.00383100,0.00020942,0.00876934,0.00000001,0.00000001
1361.0,0.00383100,0.00013474,0.00666944,0.00000000,0.00000000
1362.0,0.00383100,0.00008550,0.00500255,0.00000000,0.00000000
1363.0,0.00383100,0.00005351,0.00370060,0.00000000,0.00000000
1364.0,0.00383100,0.00003303,0.00269981,0.00000000,0.00000000
1365.0,0.00454950,0.00002011,0.00194256,0.00000000,0.00000000
1366.0,0.00545960,0.00001207,0.00137846,0.00000000,0.00000000
1367.0,0.00636970,0.00000715,0.00096470,0.00000000,0.00000000
1368.0,0.00727980,0.00000418,0.00066584,0.00000000,0.00000000
1369.0,0.00766300,0.00000241,0.00045324,0.00000000,0.00000000
1370.0,0.00766300,0.00000137,0.00030428,0.00000000,0.00000000
1371.0,0.00766300,0.00000077,0.00020146,0.00000000,0.00000000
1372.0,0.00766300,0.00000042,0.00013155,0.00000000,0.00000000
1373.0,0.00766300,0.00000023,0.00008471,0.00000000,0.00000000
1374.0,0.00766300,0.00000012,0.00005380,0.00000000,0.00000000
1375.0,0.00766300,0.00000007,0.00003370,0.00000000,0.00000000
1376.0,0.00766300,0.00000003,0.00002082,0.00000000,0.00000000
1377.0,0.00751930,0.00000002,0.00001268,0.00000000,0.00000000
1378.0,0.00660920,0.00000001,0.00000762,0.00000000,0.00000000
1379.0,0.00569910,0.00000000,0.00000452,0.00000000,0.00000000
1380.0,0.00478900,0.00000000,0.00000264,0.00000000,0.00000000
1381.0,0.00387890,0.00000000,0.00000152,0.00000000,0.00000000
1382.0,0.00383100,0.00000000,0.00000086,0.00000000,0.00000000
1383.0,0.00383100,0.00000000,0.00000048,0.00000000,0.00000000
1384.0,0.00383100,0.00000000,0.00000027,0.00000000,0.00000000
1385.0,0.00383100,0.00000000,0.00000015,0.00000000,0.00000000
1386.0,0.00383100,0.00000000,0.00000008,0.00000000,0.00000000
1387.0,0.00383100,0.00000000,0.00000004,0.00000000,0.00000000
1388.0,0.00383100,0.00000000,0.00000002,0.00000000,0.00000000
1389.0,0.00383100,0.00000000,0.00000001,0.00000000,0.00000000
1390.0,0.00383100,0.00000000,0.00000001,0.00000000,0.00000000
1391.0,0.00383100,0.00000000,0.00000000,0.00000000,0.00000001
1392.0,0.00383100,0.00000001,0.00000000,0.00000000,0.00000001
1393.0,0.00383100,0.00000002,0.00000000,0.00000000,0.00000002
1394.0,0.00383100,0.00000003,0.00000000,0.00000001,0.00000004
1395.0,0.00383100,0.00000006,0.00000001,0.00000001,0.00000008
1396.0,0.00383100,0.00000011,0.00000002,0.00000003,0.00000014
1397.0,0.00383100,0.00000019,0.00000003,0.00000005,0.00000024
1398.0,0.00383100,0.00000033,0.00000005,0.00000008,0.00000042
1399.0,0.00383100,0.00000057,0.00000009,0.00000014,0.00000071
1400.0,0.00383100,0.00000098,0.00000016,0.00000023,0.00000118
1401.0,0.00383100,0.00000164,0.00000027,0.00000038,0.00000195
1402.0,0.00383100,0.00000272,0.00000047,0.00000063,0.00000318
1403.0,0.00383100,0.00000444,0.00000079,0.00000103,0.00000510
1404.0,0.00383100,0.00000716,0.00000132,0.00000164,0.00000808
1405.0,0.00383100,0.00001139,0.00000218,0.00000259,0.00001262
1406.0,0.00383100,0.00001785,0.00000353,0.00000404,0.00001943
1407.0,0.00383100,0.00002761,0.00000565,0.00000620,0.00002952
1408.0,0.00383100,0.00004211,0.00000892,0.00000940,0.00004423
1409.0,0.00383100,0.00006335,0.00001389,0.00001404,0.00006536
1410.0,0.00383100,0.00009397,0.00002131,0.00002069,0.00009524
1411.0,0.00383100,0.00013749,0.00003226,0.00003006,0.00013689
1412.0,0.00383100,0.00019839,0.00004816,0.00004308,0.00019406
1413.0,0.00383100,0.00028232,0.00007091,0.00006089,0.00027131
1414.0,0.00383100,0.00039622,0.00010297,0.00008488,0.00037413
1415.0,0.00407050,0.00054843,0.00014745,0.00011669,0.00050884
1416.0,0.00498060,0.00074866,0.00020825,0.00015821,0.00068259
1417.0,0.00589070,0.00100792,0.00029007,0.00021155,0.00090316
1418.0,0.00680080,0.00133828,0.00039847,0.00027898,0.00117873
1419.0,0.00766300,0.00175246,0.00053985,0.00036284,0.00151746
1420.0,0.00766300,0.00226323,0.00072132,0.00046541,0.00192707
1421.0,0.00766300,0.00288262,0.00095051,0.00058875,0.00241421
1422.0,0.00766300,0.00362098,0.00123530,0.00073453,0.00298386
1423.0,0.00766300,0.00448585,0.00158330,0.00090379,0.00363871
1424.0,0.00842920,0.00548078,0.00200140,0.00109674,0.00437848
1425.0,0.00933906,0.00660418,0.00249508,0.00131257,0.00519951
1426.0,0.01024892,0.00784830,0.00306771,0.00154923,0.00609444
1427.0,0.01115879,0.00919838,0.00371984,0.00180340,0.00705214
1428.0,0.01149400,0.01063229,0.00444850,0.00207036,0.00805797
1429.0,0.01149400,0.01212053,0.00524664,0.00234412,0.00909440
1430.0,0.01149400,0.01362685,0.00610280,0.00261754,0.01014185
1431.0,0.01149400,0.01510946,0.00700094,0.00288261,0.01117989
1432.0,0.01226030,0.01652273,0.00792069,0.00313082,0.01218859
1433.0,0.01408026,0.01781944,0.00883789,0.00335359,0.01314987
1434.0,0.01590022,0.01895334,0.00972555,0.00354275,0.01404885
1435.0,0.01772019,0.01988186,0.01055501,0.00369106,0.01487490
1436.0,0.01954015,0.02056873,0.01129751,0.00379264,0.01562230
1437.0,0.02136011,0.02098638,0.01192577,0.00384335,0.01629048
1438.0,0.02318007,0.02111773,0.01241565,0.00384113,0.01688362
1439.0,0.02500004,0.02095735,0.01274770,0.00378606,0.01740976
1440.0,0.02682000,0.02051188,0.01290844,0.00368040,0.01787947
1441.0,0.02682000,0.01979953,0.01289126,0.00352844,0.01830410
1442.0,0.02682000,0.01884886,0.01269687,0.00333619,0.01869395
1443.0,0.02682000,0.01769691,0.01233327,0.00311099,0.01905648
1444.0,0.02682000,0.01638680,0.01181518,0.00286108,0.01939478
1445.0,0.02610169,0.01496508,0.01116308,0.00259505,0.01970659
1446.0,0.02519182,0.01347904,0.01040187,0.00232140,0.01998385
1447.0,0.02428196,0.01197421,0.00955929,0.00204811,0.02021302
1448.0,0.02337210,0.01049218,0.00866429,0.00178226,0.02037605
1449.0,0.02140844,0.00906893,0.00774542,0.00152979,0.02045196
1450.0,0.01867838,0.00773379,0.00682938,0.00129537,0.02041886
1451.0,0.01594831,0.00650890,0.00593989,0.00108234,0.02025615
1452.0,0.01321825,0.00540928,0.00509687,0.00089276,0.01994671
1453.0,0.01149400,0.00444338,0.00431595,0.00072756,0.01947886
1454.0,0.01149400,0.00361395,0.00360839,0.00058675,0.01884779
1455.0,0.01149400,0.00291918,0.00298130,0.00046957,0.01805641
1456.0,0.01149400,0.00235395,0.00243809,0.00037483,0.01711550
1457.0,0.01149400,0.00191100,0.00197914,0.00030104,0.01604319
1458.0,0.01149400,0.00158212,0.00160253,0.00024668,0.01486381
1459.0,0.01149400,0.00135902,0.00130486,0.00021036,0.01360627
1460.0,0.01149400,0.00123405,0.00108194,0.00019095,0.01230217
1461.0,0.01149400,0.00120063,0.00092948,0.00018766,0.01098382
1462.0,0.01063203,0.00125342,0.00084356,0.00020007,0.00968230
1463.0,0.00972216,0.00138825,0.00082097,0.00022814,0.00842581
1464.0,0.00881230,0.00160182,0.00085940,0.00027216,0.00723838
1465.0,0.00790244,0.00189120,0.00095740,0.00033263,0.00613902
1466.0,0.00766300,0.00225328,0.00111420,0.00041015,0.00514129
1467.0,0.00766300,0.00268411,0.00132944,0.00050525,0.00425333
1468.0,0.00766300,0.00317821,0.00160268,0.00061823,0.00347817
1469.0,0.00766300,0.00372808,0.00193291,0.00074896,0.00281447
1470.0,0.00718400,0.00432371,0.00231803,0.00089673,0.00225720
1471.0,0.00627390,0.00495241,0.00275432,0.00106006,0.00179863
1472.0,0.00536380,0.00559881,0.00323603,0.00123663,0.00142912
1473.0,0.00445370,0.00624516,0.00375502,0.00142322,0.00113799
1474.0,0.00383100,0.00687187,0.00430067,0.00161568,0.00091420
1475.0,0.00383100,0.00745837,0.00485993,0.00180909,0.00074685
1476.0,0.00383100,0.00798409,0.00541761,0.00199787,0.00062566
1477.0,0.00383100,0.00842953,0.00595695,0.00217602,0.00054123
1478.0,0.00383100,0.00877751,0.00646027,0.00233746,0.00048515
1479.0,0.00383100,0.00901413,0.00690995,0.00247633,0.00045015
1480.0,0.00383100,0.00912975,0.00728934,0.00258735,0.00043003
1481.0,0.00383100,0.00911959,0.00758378,0.00266613,0.00041964
1482.0,0.00383100,0.00898404,0.00778155,0.00270948,0.00041484
1483.0,0.00383100,0.00872868,0.00787458,0.00271564,0.00041234
1484.0,0.00383100,0.00836382,0.00785904,0.00268434,0.00040967
1485.0,0.00383100,0.00790388,0.00773554,0.00261687,0.00040507
1486.0,0.00383100,0.00736640,0.00750917,0.00251597,0.00039739
1487.0,0.00383100,0.00677096,0.00718907,0.00238566,0.00038600
1488.0,0.00383100,0.00613796,0.00678786,0.00223096,0.00037072
1489.0,0.00383100,0.00548754,0.00632081,0.00205757,0.00035172
1490.0,0.00383100,0.00483850,0.00580486,0.00187153,0.00032944
1491.0,0.00426210,0.00420749,0.00525763,0.00167887,0.00030454
1492.0,0.00517220,0.00360840,0.00469643,0.00148531,0.00027777
1493.0,0.00608230,0.00305201,0.00413738,0.00129598,0.00024993
1494.0,0.00699240,0.00254587,0.00359470,0.00111521,0.00022182
1495.0,0.00766300,0.00209443,0.00308020,0.00094644,0.00019419
1496.0,0.00766300,0.00169932,0.00260300,0.00079216,0.00016767
1497.0,0.00766300,0.00135977,0.00216945,0.00065390,0.00014279
1498.0,0.00766300,0.00107308,0.00178321,0.00053234,0.00011993
1499.0,0.00761510,0.00083518,0.00144556,0.00042741,0.00009934
1500.0,0.00670500,0.00064107,0.00115571,0.00033844,0.00008116
1501.0,0.00579490,0.00048530,0.00091126,0.00026430,0.00006539
1502.0,0.00488480,0.00036233,0.00070862,0.00020356,0.00005196
1503.0,0.00397470,0.00026679,0.00054346,0.00015462,0.00004072
1504.0,0.00383100,0.00019374,0.00041105,0.00011583,0.00003147
1505.0,0.00383100,0.00013875,0.00030662,0.00008558,0.00002399
1506.0,0.00383100,0.00009800,0.00022558,0.00006235,0.00001803
1507.0,0.00383100,0.00006827,0.00016367,0.00004481,0.00001337
1508.0,0.00383100,0.00004690,0.00011712,0.00003176,0.00000978
1509.0,0.00383100,0.00003178,0.00008265,0.00002220,0.00000705
1510.0,0.00383100,0.00002123,0.00005752,0.00001530,0.00000501
1511.0,0.00383100,0.00001399,0.00003949,0.00001040,0.00000352
1512.0,0.00421420,0.00000910,0.00002673,0.00000697,0.00000243
1513.0,0.00512430,0.00000583,0.00001785,0.00000461,0.00000166
1514.0,0.00603440,0.00000369,0.00001175,0.00000301,0.00000112
1515.0,0.00694450,0.00000230,0.00000763,0.00000193,0.00000074
1516.0,0.00766300,0.00000141,0.00000489,0.00000123,0.00000049
1517.0,0.00766300,0.00000086,0.00000309,0.00000077,0.00000031
1518.0,0.00766300,0.00000051,0.00000192,0.00000047,0.00000020
1519.0,0.00766300,0.00000030,0.00000118,0.00000029,0.00000013
1520.0,0.00766300,0.00000018,0.00000072,0.00000017,0.00000008
1521.0,0.00766300,0.00000010,0.00000043,0.00000010,0.00000005
1522.0,0.00766300,0.00000006,0.00000025,0.00000006,0.00000003
1523.0,0.00766300,0.00000003,0.00000015,0.00000003,0.00000002
1524.0,0.00766300,0.00000002,0.00000008,0.00000002,0.00000001
1525.0,0.00766300,0.00000001,0.00000005,0.00000001,0.00000001
1526.0,0.00766300,0.00000001,0.00000003,0.00000001,0.00000000
1527.0,0.00766300,0.00000000,0.00000001,0.00000000,0.00000000
1528.0,0.00766300,0.00000000,0.00000001,0.00000000,0.00000000
1529.0,0.00766300,0.00000000,0.00000001,0.00000000,0.00000000
1530.0,0.00766300,0.00000001,0.00000000,0.00000000,0.00000000
1531.0,0.00766300,0.00000001,0.00000001,0.00000001,0.00000000
1532.0,0.00766300,0.00000002,0.00000001,0.00000001,0.00000000
1533.0,0.00766300,0.00000004,0.00000002,0.00000002,0.00000001
1534.0,0.00766300,0.00000008,0.00000003,0.00000004,0.00000001
1535.0,0.00766300,0.00000015,0.00000005,0.00000007,0.00000002
1536.0,0.00766300,0.00000027,0.00000010,0.00000012,0.00000003
1537.0,0.00766300,0.00000048,0.00000017,0.00000021,0.00000006
1538.0,0.00766300,0.00000084,0.00000031,0.00000037,0.00000010
1539.0,0.00766300,0.00000145,0.00000053,0.00000063,0.00000018
1540.0,0.00766300,0.00000248,0.00000092,0.00000108,0.00000030
1541.0,0.00766300,0.00000419,0.00000157,0.00000181,0.00000051
1542.0,0.00766300,0.00000697,0.00000262,0.00000299,0.00000084
1543.0,0.00766300,0.00001145,0.00000434,0.00000488,0.00000138
1544.0,0.00766300,0.00001853,0.00000708,0.00000785,0.00000223
1545.0,0.00766300,0.00002959,0.00001138,0.00001246,0.00000354
1546.0,0.00766300,0.00004659,0.00001806,0.00001950,0.00000557
1547.0,0.00766300,0.00007235,0.00002825,0.00003010,0.00000862
1548.0,0.00766300,0.00011082,0.00004358,0.00004583,0.00001316
1549.0,0.00766300,0.00016740,0.00006631,0.00006881,0.00001983
1550.0,0.00814188,0.00024939,0.00009952,0.00010189,0.00002946
1551.0,0.00905174,0.00036642,0.00014730,0.00014881,0.00004316
1552.0,0.00996160,0.00053099,0.00021503,0.00021435,0.00006236
1553.0,0.01087146,0.00075890,0.00030959,0.00030451,0.00008888
1554.0,0.01149400,0.00106975,0.00043962,0.00042668,0.00012494
1555.0,0.01149400,0.00148726,0.00061573,0.00058969,0.00017322
1556.0,0.01149400,0.00203944,0.00085059,0.00080385,0.00023690
1557.0,0.01149400,0.00275846,0.00115902,0.00108086,0.00031956
1558.0,0.01149400,0.00368017,0.00155782,0.00143361,0.00042524
1559.0,0.01149400,0.00484326,0.00206550,0.00187580,0.00055824
1560.0,0.01149400,0.00628790,0.00270175,0.00242141,0.00072303
1561.0,0.01149400,0.00805394,0.00348676,0.00308404,0.00092406
1562.0,0.01149400,0.01017882,0.00444026,0.00387614,0.00116552
1563.0,0.01149400,0.01269518,0.00558055,0.00480818,0.00145116
1564.0,0.01149400,0.01562858,0.00692342,0.00588789,0.00178409
1565.0,0.01149400,0.01899563,0.00848130,0.00711963,0.00216662
1566.0,0.01149400,0.02280292,0.01026263,0.00850414,0.00260035
1567.0,0.01211670,0.02704726,0.01227192,0.01003868,0.00308631
1568.0,0.01302680,0.03171767,0.01451050,0.01171782,0.00362542
1569.0,0.01393690,0.03679960,0.01697834,0.01353483,0.00421922
1570.0,0.01484700,0.04228156,0.01967701,0.01548389,0.00487092
1571.0,0.01532600,0.04816426,0.02261389,0.01756285,0.00558675
1572.0,0.01532600,0.05447200,0.02580752,0.01977664,0.00637758
1573.0,0.01532600,0.06126579,0.02929384,0.02214077,0.00726076
1574.0,0.01532600,0.06865712,0.03313285,0.02468489,0.00826191
1575.0,0.01556544,0.07682103,0.03741519,0.02745557,0.00941669
1576.0,0.01647530,0.08600687,0.04226751,0.03051817,0.01077200
1577.0,0.01738516,0.09654476,0.04785596,0.03395687,0.01238663
1578.0,0.01829503,0.10884571,0.05438662,0.03787281,0.01433087
1579.0,0.01930068,0.12339372,0.06210191,0.04237960,0.01668496
1580.0,0.02203050,0.14072821,0.07127220,0.04759633,0.01953604
1581.0,0.02476033,0.16141618,0.08218217,0.05363812,0.02297361
1582.0,0.02749015,0.18601401,0.09511184,0.06060456,0.02708341
1583.0,0.03021997,0.21502031,0.11031289,0.06856682,0.03194009
1584.0,0.03065100,0.24882208,0.12798133,0.07755447,0.03759876
1585.0,0.03065100,0.28763792,0.14822845,0.08754319,0.04408631
1586.0,0.03065100,0.33146290,0.17105240,0.09844474,0.05139297
1587.0,0.03065100,0.38002062,0.19631317,0.11010055,0.05946506
1588.0,0.03294990,0.43272794,0.22371391,0.12228006,0.06819985
1589.0,0.03658983,0.48867799,0.25279147,0.13468468,0.07744324
1590.0,0.04022975,0.54664560,0.28291841,0.14695767,0.08699101
1591.0,0.04386968,0.60511795,0.31331806,0.15869981,0.09659411
1592.0,0.05210730,0.66235108,0.34309285,0.16948996,0.10596791
1593.0,0.06666676,0.71645018,0.37126530,0.17890922,0.11480527
1594.0,0.08122622,0.76546921,0.39682895,0.18656677,0.12279254
1595.0,0.09578568,0.80752292,0.41880621,0.19212525,0.12962751
1596.0,0.11245239,0.84090269,0.43630828,0.19532353,0.13503783
1597.0,0.13702129,0.86418644,0.44859236,0.19599473,0.13879847
1598.0,0.16159020,0.87633310,0.45511112,0.19407790,0.14074657
1599.0,0.18615910,0.87675305,0.45554981,0.18962226,0.14079241
1600.0,0.21072800,0.86534823,0.44984792,0.18278372,0.13892556
1601.0,0.21345783,0.84251806,0.43820303,0.17381399,0.13521543
1602.0,0.21618765,0.80913106,0.42105687,0.16304342,0.12980646
1603.0,0.21891748,0.76646482,0.39906491,0.15085922,0.12290818
1604.0,0.22164730,0.71612025,0.37305237,0.13768102,0.11478127
1605.0,0.21503812,0.65991803,0.34396080,0.12393595,0.10572082
1606.0,0.20593855,0.59978658,0.31279003,0.11003527,0.09603828
1607.0,0.19683898,0.53765104,0.28054051,0.09635416,0.08604367
1608.0,0.18773940,0.47533183,0.24816030,0.08321608,0.07602938
1609.0,0.17705940,0.41446008,0.21650083,0.07088231,0.06625674
1610.0,0.16523000,0.35641458,0.18628362,0.05954687,0.05694603
1611.0,0.15340060,0.30228270,0.15807951,0.04933646,0.04827044
1612.0,0.14157120,0.25284526,0.13230029,0.04031465,0.04035376
1613.0,0.13074744,0.20858304,0.10920162,0.03248944,0.03327167
1614.0,0.12164762,0.16970123,0.08889546,0.02582289,0.02705575
1615.0,0.11254781,0.13616711,0.07136933,0.02024183,0.02169973
1616.0,0.10344800,0.10775570,0.05650991,0.01564863,0.01716691
1617.0,0.09549767,0.08409859,0.04412841,0.01193120,0.01339815
1618.0,0.09367795,0.06473175,0.03398539,0.00897165,0.01031971
1619.0,0.09185823,0.04913897,0.02581347,0.00665336,0.00785042
1620.0,0.09003850,0.03678871,0.01933662,0.00486620,0.00590784
1621.0,0.08821878,0.02716331,0.01428546,0.00351010,0.00441340
1622.0,0.08984695,0.01978020,0.01040849,0.00249706,0.00329621
1623.0,0.09166667,0.01420555,0.00747930,0.00175193,0.00249600
1624.0,0.09348640,0.01006156,0.00530046,0.00121223,0.00196509
1625.0,0.09530612,0.00702832,0.00370464,0.00082724,0.00166973
1626.0,0.09980807,0.00484192,0.00255363,0.00055675,0.00159098
1627.0,0.10526796,0.00328975,0.00173600,0.00036955,0.00172532
1628.0,0.11072785,0.00220439,0.00116391,0.00024191,0.00208503
1629.0,0.11618774,0.00145678,0.00076961,0.00015618,0.00269847
1630.0,0.11973188,0.00094946,0.00050188,0.00009944,0.00361013
1631.0,0.12155184,0.00061029,0.00032278,0.00006244,0.00488028
1632.0,0.12337180,0.00038689,0.00020474,0.00003867,0.00658414
1633.0,0.12519176,0.00024188,0.00012808,0.00002362,0.00881021
1634.0,0.12586228,0.00014914,0.00007902,0.00001423,0.01165751
1635.0,0.12404231,0.00009070,0.00004808,0.00000845,0.01523154
1636.0,0.12222235,0.00005439,0.00002885,0.00000495,0.01963868
1637.0,0.12040239,0.00003217,0.00001707,0.00000286,0.02497910
1638.0,0.11829508,0.00001877,0.00000997,0.00000163,0.03133826
1639.0,0.11374529,0.00001080,0.00000574,0.00000092,0.03877730
1640.0,0.10919550,0.00000613,0.00000326,0.00000051,0.04732291
1641.0,0.10464571,0.00000343,0.00000182,0.00000028,0.05695739
1642.0,0.10009592,0.00000189,0.00000101,0.00000015,0.06760997
1643.0,0.09391775,0.00000103,0.00000055,0.00000008,0.07915019
1644.0,0.08754800,0.00000055,0.00000029,0.00000004,0.09138462
1645.0,0.08117825,0.00000029,0.00000016,0.00000002,0.10405763
1646.0,0.07480850,0.00000015,0.00000008,0.00000001,0.11685687
1647.0,0.07092922,0.00000008,0.00000004,0.00000001,0.12942376
1648.0,0.06819940,0.00000004,0.00000002,0.00000000,0.14136869
1649.0,0.06546957,0.00000002,0.00000001,0.00000000,0.15229016
1650.0,0.06273975,0.00000001,0.00000001,0.00000000,0.16179678
1651.0,0.05957883,0.00000000,0.00000000,0.00000000,0.16953029
1652.0,0.05593890,0.00000000,0.00000000,0.00000000,0.17518791
1653.0,0.05229898,0.00000000,0.00000000,0.00000000,0.17854199
1654.0,0.04865905,0.00000000,0.00000000,0.00000000,0.17945518
1655.0,0.04525862,0.00000000,0.00000000,0.00000000,0.17788979
1656.0,0.04252880,0.00000000,0.00000000,0.00000000,0.17391036
1657.0,0.03979897,0.00000000,0.00000000,0.00000000,0.16767924
1658.0,0.03706915,0.00000000,0.00000000,0.00000000,0.15944559
1659.0,0.03448300,0.00000000,0.00000000,0.00000000,0.14952890
1660.0,0.03448300,0.00000000,0.00000000,0.00000000,0.13829841
1661.0,0.03448300,0.00000000,0.00000000,0.00000000,0.12615039
1662.0,0.03448300,0.00000000,0.00000000,0.00000000,0.11348526
1663.0,0.03448300,0.00000000,0.00000000,0.00000000,0.10068614
1664.0,0.03295040,0.00000000,0.00000000,0.00000000,0.08810069
1665.0,0.03113044,0.00000000,0.00000000,0.00000000,0.07602708
1666.0,0.02931048,0.00000000,0.00000000,0.00000000,0.06470484
1667.0,0.02749051,0.00000000,0.00000000,0.00000000,0.05431060
1668.0,0.02624535,0.00000000,0.00000000,0.00000000,0.04495850
1669.0,0.02533549,0.00000000,0.00000000,0.00000000,0.03670443
1670.0,0.02442562,0.00000000,0.00000000,0.00000000,0.02955320
1671.0,0.02351576,0.00000000,0.00000000,0.00000000,0.02346767
1672.0,0.02222270,0.00000000,0.00000000,0.00000000,0.01837870
1673.0,0.02040274,0.00000000,0.00000000,0.00000000,0.01419512
1674.0,0.01858278,0.00000000,0.00000000,0.00000000,0.01081291
1675.0,0.01676281,0.00000000,0.00000000,0.00000000,0.00812317
1676.0,0.01513440,0.00000000,0.00000000,0.00000000,0.00601850
1677.0,0.01422430,0.00000000,0.00000000,0.00000000,0.00439774
1678.0,0.01331420,0.00000000,0.00000000,0.00000000,0.00316921
1679.0,0.01240410,0.00000000,0.00000000,0.00000000,0.00225243
1680.0,0.01149400,0.00000000,0.00000000,0.00000000,0.00157882
1681.0,0.01149400,0.00000001,0.00000000,0.00000000,0.00109142
1682.0,0.01149400,0.00000001,0.00000000,0.00000000,0.00074410
1683.0,0.01149400,0.00000003,0.00000000,0.00000000,0.00050032
1684.0,0.01149400,0.00000005,0.00000000,0.00000000,0.00033178
1685.0,0.01149400,0.00000011,0.00000000,0.00000000,0.00021698
1686.0,0.01149400,0.00000020,0.00000000,0.00000000,0.00013995
1687.0,0.01149400,0.00000039,0.00000000,0.00000000,0.00008903
1688.0,0.01149400,0.00000073,0.00000000,0.00000000,0.00005585
1689.0,0.01096724,0.00000135,0.00000000,0.00000000,0.00003456
1690.0,0.01005738,0.00000248,0.00000000,0.00000000,0.00002109
1691.0,0.00914751,0.00000446,0.00000000,0.00000000,0.00001269
1692.0,0.00823765,0.00000794,0.00000000,0.00000000,0.00000753
1693.0,0.00766300,0.00001393,0.00000000,0.00000000,0.00000441
1694.0,0.00766300,0.00002410,0.00000000,0.00000000,0.00000255
1695.0,0.00766300,0.00004112,0.00000000,0.00000000,0.00000145
1696.0,0.00766300,0.00006919,0.00000000,0.00000000,0.00000081
1697.0,0.00766300,0.00011483,0.00000000,0.00000000,0.00000045
1698.0,0.00766300,0.00018795,0.00000000,0.00000000,0.00000025
1699.0,0.00766300,0.00030338,0.00000000,0.00000000,0.00000013
1700.0,0.00766300,0.00048297,0.00000001,0.00000000,0.00000007
1701.0,0.00766300,0.00075828,0.00000002,0.00000000,0.00000004
1702.0,0.00766300,0.00117414,0.00000004,0.00000000,0.00000002
1703.0,0.00766300,0.00179303,0.00000007,0.00000000,0.00000001
1704.0,0.00766300,0.00270045,0.00000013,0.00000000,0.00000000
1705.0,0.00766300,0.00401110,0.00000025,0.00000000,0.00000000
1706.0,0.00766300,0.00587586,0.00000046,0.00000000,0.00000000
1707.0,0.00766300,0.00848903,0.00000085,0.00000000,0.00000000
1708.0,0.00766300,0.01209550,0.00000153,0.00000000,0.00000000
1709.0,0.00766300,0.01699689,0.00000272,0.00000000,0.00000000
1710.0,0.00766300,0.02355561,0.00000477,0.00000000,0.00000000
1711.0,0.00766300,0.03219577,0.00000827,0.00000000,0.00000000
1712.0,0.00766300,0.04339928,0.00001412,0.00000000,0.00000000
1713.0,0.00766300,0.05769599,0.00002377,0.00000000,0.00000000
1714.0,0.00766300,0.07564638,0.00003949,0.00000000,0.00000000
1715.0,0.00766300,0.09781604,0.00006468,0.00000000,0.00000000
1716.0,0.00766300,0.12474162,0.00010450,0.00000000,0.00000000
1717.0,0.00766300,0.15688886,0.00016650,0.00000000,0.00000000
1718.0,0.00766300,0.19460421,0.00026164,0.00000000,0.00000000
1719.0,0.00766300,0.23806291,0.00040548,0.00000000,0.00000000
1720.0,0.00766300,0.28721735,0.00061975,0.00000000,0.00000000
1721.0,0.00766300,0.34175037,0.00093421,0.00000000,0.00000000
1722.0,0.00766300,0.40103910,0.00138882,0.00000000,0.00000000
1723.0,0.00684870,0.46413449,0.00203624,0.00000000,0.00000000
1724.0,0.00593860,0.52976146,0.00294435,0.00000000,0.00000000
1725.0,0.00502850,0.59634322,0.00419886,0.00000000,0.00000000
1726.0,0.00411840,0.66205125,0.00590543,0.00000000,0.00000000
1727.0,0.00383100,0.72488036,0.00819128,0.00000000,0.00000000
1728.0,0.00383100,0.78274528,0.01120550,0.00000000,0.00000000
1729.0,0.00383100,0.83359285,0.01511785,0.00000000,0.00000000
1730.0,0.00383100,0.87552168,0.02011539,0.00000001,0.00000000
1731.0,0.00383100,0.90689963,0.02639648,0.00000001,0.00000000
1732.0,0.00383100,0.92646912,0.03416199,0.00000002,0.00000000
1733.0,0.00383100,0.93343069,0.04360332,0.00000004,0.00000000
1734.0,0.00383100,0.92749718,0.05488775,0.00000007,0.00000000
1735.0,0.00383100,0.90891343,0.06814135,0.00000014,0.00000000
1736.0,0.00383100,0.87843948,0.08343060,0.00000025,0.00000000
1737.0,0.00383100,0.83729900,0.10074406,0.00000047,0.00000000
1738.0,0.00383100,0.78709779,0.11997559,0.00000084,0.00000000
1739.0,0.00383100,0.72971995,0.14091128,0.00000150,0.00000000
1740.0,0.00383100,0.66721092,0.16322175,0.00000263,0.00000000
1741.0,0.00383100,0.60165769,0.18646172,0.00000455,0.00000000
1742.0,0.00383100,0.53507566,0.21007809,0.00000777,0.00000000
1743.0,0.00383100,0.46931055,0.23342707,0.00001308,0.00000000
1744.0,0.00383100,0.40596150,0.25580032,0.00002173,0.00000000
1745.0,0.00383100,0.34632893,0.27645875,0.00003558,0.00000000
1746.0,0.00383100,0.29138829,0.29467209,0.00005748,0.00000000
1747.0,0.00383100,0.24178804,0.30976123,0.00009157,0.00000000
1748.0,0.00383100,0.19786863,0.32114009,0.00014387,0.00000000
1749.0,0.00383100,0.15969763,0.32835330,0.00022293,0.00000000
1750.0,0.00383100,0.12711576,0.33110646,0.00034067,0.00000000
1751.0,0.00383100,0.09978832,0.32928604,0.00051345,0.00000000
1752.0,0.00383100,0.07725729,0.32296717,0.00076319,0.00000000
1753.0,0.00383100,0.05899002,0.31240850,0.00111878,0.00000000
1754.0,0.00383100,0.04442190,0.29803462,0.00161749,0.00000000
1755.0,0.00383100,0.03299097,0.28040772,0.00230630,0.00000000
1756.0,0.00383100,0.02416420,0.26019122,0.00324317,0.00000000
1757.0,0.00383100,0.01745537,0.23810839,0.00449783,0.00000000
1758.0,0.00383100,0.01243556,0.21489988,0.00615199,0.00000000
1759.0,0.00383100,0.00873737,0.19128329,0.00829865,0.00000000
1760.0,0.00383100,0.00605446,0.16791801,0.01104025,0.00000000
1761.0,0.00383100,0.00413761,0.14537742,0.01448538,0.00000000
1762.0,0.00383100,0.00278871,0.12412979,0.01874391,0.00000000
1763.0,0.00383100,0.00185369,0.10452844,0.02392047,0.00000000
1764.0,0.00383100,0.00121520,0.08681052,0.03010640,0.00000000
1765.0,0.00383100,0.00078567,0.07110328,0.03737036,0.00000000
1766.0,0.00383100,0.00050097,0.05743628,0.04574832,0.00000000
1767.0,0.00383100,0.00031504,0.04575751,0.05523349,0.00000000
1768.0,0.00383100,0.00019539,0.03595157,0.06576717,0.00000000
1769.0,0.00383100,0.00011951,0.02785818,0.07723163,0.00000000
1770.0,0.00383100,0.00007209,0.02128957,0.08944595,0.00000000
1771.0,0.00383100,0.00004289,0.01604577,0.10216581,0.00000000
1772.0,0.00383100,0.00002517,0.01192707,0.11508795,0.00000000
1773.0,0.00383100,0.00001456,0.00874352,0.12785965,0.00000000
1774.0,0.00383100,0.00000831,0.00632147,0.14009305,0.00000000
1775.0,0.00383100,0.00000468,0.00450743,0.15138369,0.00000000
1776.0,0.00383100,0.00000260,0.00316971,0.16133216,0.00000000
1777.0,0.00368734,0.00000142,0.00219832,0.16956735,0.00000000
1778.0,0.00277747,0.00000077,0.00150362,0.17576925,0.00000000
1779.0,0.00186761,0.00000041,0.00101430,0.17968962,0.00000000
1780.0,0.00095775,0.00000021,0.00067480,0.18116841,0.00000000
1781.0,0.00004789,0.00000011,0.00044276,0.18014464,0.00000000
1782.0,0.00000000,0.00000006,0.00028650,0.17666057,0.00000000
1783.0,0.00000000,0.00000003,0.00018284,0.17085878,0.00000000
1784.0,0.00000000,0.00000001,0.00011508,0.16297252,0.00000000
1785.0,0.00000000,0.00000001,0.00007143,0.15331013,0.00000000
1786.0,0.00067042,0.00000000,0.00004373,0.14223508,0.00000000
1787.0,0.00158029,0.00000000,0.00002640,0.13014336,0.00000000
1788.0,0.00249015,0.00000000,0.00001572,0.11744017,0.00000000
1789.0,0.00340001,0.00000000,0.00000923,0.10451792,0.00000000
1790.0,0.00383100,0.00000000,0.00000535,0.09173694,0.00000000
1791.0,0.00383100,0.00000000,0.00000305,0.07941035,0.00000000
1792.0,0.00383100,0.00000000,0.00000172,0.06779371,0.00000000
1793.0,0.00383100,0.00000000,0.00000096,0.05707962,0.00000000
1794.0,0.00383100,0.00000000,0.00000052,0.04739714,0.00000000
1795.0,0.00383100,0.00000000,0.00000028,0.03881527,0.00000000
1796.0,0.00383100,0.00000000,0.00000015,0.03134964,0.00000000
1797.0,0.00383100,0.00000000,0.00000008,0.02497134,0.00000000
1798.0,0.00373523,0.00000000,0.00000004,0.01961690,0.00000000
1799.0,0.00282536,0.00000000,0.00000002,0.01519842,0.00000000
1800.0,0.00191550,0.00000000,0.00000001,0.01161304,0.00000000
1801.0,0.00100564,0.00000000,0.00000001,0.00875131,0.00000000
1802.0,0.00009577,0.00000000,0.00000000,0.00650398,0.00000000
1803.0,0.00000000,0.00000000,0.00000000,0.00476722,0.00000000
1804.0,0.00000000,0.00000000,0.00000000,0.00344612,0.00000000
1805.0,0.00000000,0.00000000,0.00000000,0.00245683,0.00000000
1806.0,0.00000000,0.00000000,0.00000000,0.00172742,0.00000000
1807.0,0.00000000,0.00000000,0.00000000,0.00119785,0.00000000
1808.0,0.00000000,0.00000000,0.00000000,0.00081919,0.00000000
1809.0,0.00000000,0.00000000,0.00000000,0.00055252,0.00000000
1810.0,0.00000000,0.00000000,0.00000000,0.00036753,0.00000000
1811.0,0.00000000,0.00000000,0.00000000,0.00024111,0.00000000
1812.0,0.00000000,0.00000000,0.00000000,0.00015599,0.00000000
1813.0,0.00000000,0.00000000,0.00000000,0.00009954,0.00000000
1814.0,0.00000000,0.00000000,0.00000000,0.00006264,0.00000000
1815.0,0.00000000,0.00000000,0.00000000,0.00003888,0.00000000
1816.0,0.00000000,0.00000000,0.00000000,0.00002380,0.00000000
1817.0,0.00000000,0.00000000,0.00000000,0.00001436,0.00000000
1818.0,0.00000000,0.00000000,0.00000000,0.00000855,0.00000000
1819.0,0.00000000,0.00000000,0.00000000,0.00000502,0.00000000
1820.0,0.00000000,0.00000000,0.00000000,0.00000291,0.00000000
1821.0,0.00000000,0.00000000,0.00000000,0.00000166,0.00000000
1822.0,0.00000000,0.00000000,0.00000000,0.00000094,0.00000000
1823.0,0.00000000,0.00000000,0.00000000,0.00000052,0.00000000
1824.0,0.00000000,0.00000000,0.00000000,0.00000028,0.00000000
1825.0,0.00000000,0.00000000,0.00000000,0.00000015,0.00000000
1826.0,0.00000000,0.00000000,0.00000000,0.00000008,0.00000000
1827.0,0.00000000,0.00000000,0.00000000,0.00000004,0.00000000
1828.0,0.00000000,0.00000000,0.00000000,0.00000002,0.00000000
1829.0,0.00000000,0.00000000,0.00000000,0.00000001,0.00000000
1830.0,0.00000000,0.00000000,0.00000000,0.00000001,0.00000000
1831.0,0.00000000,0.00000000,0.00000000,0.00000000,0.00000000
1832.0,0.00000000,0.00000000,0.00000000,0.00000000,0.00000000
1833.0,0.00000000,0.00000000,0.00000000,0.00000000,0.00000000
1834.0,0.00000000,0.00000000,0.00000000,0.00000000,0.00000000
1835.0,0.00000000,0.00000000,0.00000000,0.00000000,0.00000000
1836.0,0.00000000,0.00000000,0.00000000,0.00000000,0.00000000
1837.0,0.00000000,0.00000000,0.00000000,0.00000000,0.00000000
1838.0,0.00000000,0.00000000,0.00000000,0.00000000,0.00000000
1839.0,0.00000000,0.00000000,0.00000000,0.00000000,0.00000000
1840.0,0.00000000,0.00000000,0.00000000,0.00000000,0.00000000
1841.0,0.00000000,0.00000000,0.00000000,0.00000000,0.00000000
1842.0,0.00000000,0.00000000,0.00000000,0.00000000,0.00000000
1843.0,0.00000000,0.00000000,0.00000000,0.00000000,0.00000000
1844.0,0.00000000,0.00000000,0.00000000,0.00000000,0.00000000
1845.0,0.00000000,0.00000000,0.00000000,0.00000000,0.00000000
1846.0,0.00000000,0.00000000,0.00000000,0.00000000,0.00000000
1847.0,0.00000000,0.00000000,0.00000000,0.00000000,0.00000000
1848.0,0.00000000,0.00000000,0.00000000,0.00000000,0.00000000
1849.0,0.00000000,0.00000000,0.00000000,0.00000000,0.00000000
1850.0,0.00000000,0.00000000,0.00000000,0.00000000,0.00000000
1851.0,0.00000000,0.00000000,0.00000000,0.00000000,0.00000000
1852.0,0.00000000,0.00000000,0.00000000,0.00000000,0.00000000
1853.0,0.00000000,0.00000000,0.00000000,0.00000000,0.00000000
1854.0,0.00000000,0.00000000,0.00000000,0.00000000,0.00000000
1855.0,0.00000000,0.00000000,0.00000000,0.00000000,0.00000000
1856.0,0.00000000,0.00000000,0.00000000,0.00000000,0.00000000
1857.0,0.00000000,0.00000000,0.00000000,0.00000000,0.00000000
1858.0,0.00000000,0.00000000,0.00000000,0.00000000,0.00000000
1859.0,0.00000000,0.00000000,0.00000000,0.00000000,0.00000000
1860.0,0.00000000,0.00000000,0.00000000,0.00000000,0.00000000
1861.0,0.00000000,0.00000000,0.00000000,0.00000000,0.00000000
1862.0,0.00000000,0.00000000,0.00000000,0.00000000,0.00000000
1863.0,0.00000000,0.00000000,0.00000000,0.00000000,0.00000000
1864.0,0.00000000,0.00000000,0.00000000,0.00000000,0.00000000
1865.0,0.00000000,0.00000000,0.00000000,0.00000000,0.00000000
1866.0,0.00000000,0.00000000,0.00000000,0.00000000,0.00000000
1867.0,0.00000000,0.00000000,0.00000000,0.00000000,0.00000000
1868.0,0.00000000,0.00000000,0.00000000,0.00000000,0.00000000
1869.0,0.00000000,0.00000000,0.00000000,0.00000000,0.00000000
1870.0,0.00000000,0.00000000,0.00000000,0.00000000,0.00000000
1871.0,0.00000000,0.00000000,0.00000000,0.00000000,0.00000000
1872.0,0.00000000,0.00000000,0.00000000,0.00000000,0.00000000
1873.0,0.00000000,0.00000000,0.00000000,0.00000000,0.00000000
1874.0,0.00000000,0.00000000,0.00000000,0.00000000,0.00000000
1875.0,0.00000000,0.00000000,0.00000000,0.00000000,0.00000000
1876.0,0.00000000,0.00000000,0.00000000,0.00000000,0.00000000
1877.0,0.00000000,0.00000000,0.00000000,0.00000000,0.00000000
1878.0,0.00000000,0.00000000,0.00000000,0.00000000,0.00000000
1879.0,0.00000000,0.00000000,0.00000000,0.00000000,0.00000000
1880.0,0.00000000,0.00000000,0.00000000,0.00000000,0.00000000
1881.0,0.00000000,0.00000000,0.00000000,0.00000000,0.00000000
1882.0,0.00000000,0.00000000,0.00000000,0.00000000,0.00000000
1883.0,0.00000000,0.00000000,0.00000000,0.00000000,0.00000000
1884.0,0.00000000,0.00000000,0.00000000,0.00000000,0.00000000
1885.0,0.00000000,0.00000000,0.00000000,0.00000000,0.00000000
1886.0,0.00000000,0.00000000,0.00000000,0.00000000,0.00000000
1887.0,0.00000000,0.00000000,0.00000000,0.00000000,0.00000000
1888.0,0.00000000,0.00000000,0.00000000,0.00000000,0.00000000
1889.0,0.00000000,0.00000000,0.00000000,0.00000000,0.00000000
1890.0,0.00000000,0.00000000,0.00000000,0.00000000,0.00000000
1891.0,0.00000000,0.00000000,0.00000000,0.00000000,0.00000000
1892.0,0.00000000,0.00000000,0.00000000,0.00000000,0.00000000
1893.0,0.00000000,0.00000000,0.00000000,0.00000000,0.00000000
1894.0,0.00000000,0.00000000,0.00000000,0.00000000,0.00000000
1895.0,0.00000000,0.00000000,0.00000000,0.00000000,0.00000000
1896.0,0.00000000,0.00000000,0.00000000,0.00000000,0.00000000
1897.0,0.00000000,0.00000000,0.00000000,0.00000000,0.00000000
1898.0,0.00000000,0.00000000,0.00000000,0.00000000,0.00000000
1899.0,0.00000000,0.00000000,0.00000000,0.00000000,0.00000000
1900.0,0.00000000,0.00000000,0.00000000,0.00000000,0.00000000
1901.0,0.00000000,0.00000000,0.00000000,0.00000000,0.00000000
1902.0,0.00000000,0.00000000,0.00000000,0.00000000,0.00000000
1903.0,0.00000000,0.00000000,0.00000000,0.00000000,0.00000000
1904.0,0.00000000,0.00000000,0.00000000,0.00000000,0.00000000
1905.0,0.00000000,0.00000000,0.00000000,0.00000000,0.00000000
1906.0,0.00000000,0.00000000,0.00000000,0.00000000,0.00000000
1907.0,0.00000000,0.00000000,0.00000000,0.00000000,0.00000000
1908.0,0.00000000,0.00000000,0.00000000,0.00000000,0.00000000
1909.0,0.00000000,0.00000000,0.00000000,0.00000000,0.00000000
1910.0,0.00000000,0.00000000,0.00000000,0.00000000,0.00000000
1911.0,0.00000000,0.00000000,0.00000000,0.00000000,0.00000000
1912.0,0.00000000,0.00000000,0.00000000,0.00000000,0.00000000
1913.0,0.00000000,0.00000000,0.00000000,0.00000000,0.00000000
1914.0,0.00000000,0.00000000,0.00000000,0.00000000,0.00000000
1915.0,0.00000000,0.00000000,0.00000000,0.00000000,0.00000000
1916.0,0.00000000,0.00000000,0.00000000,0.00000000,0.00000000
1917.0,0.00000000,0.00000000,0.00000000,0.00000000,0.00000000
1918.0,0.00000000,0.00000000,0.00000000,0.00000000,0.00000000
1919.0,0.00000000,0.00000000,0.00000000,0.00000000,0.00000000
1920.0,0.00000000,0.00000000,0.00000000,0.00000000,0.00000000
1921.0,0.00000000,0.00000000,0.00000000,0.00000000,0.00000000
1922.0,0.00000000,0.00000000,0.00000000,0.00000000,0.00000000
1923.0,0.00000000,0.00000000,0.00000000,0.00000000,0.00000000
1924.0,0.00000000,0.00000000,0.00000000,0.00000000,0.00000000
1925.0,0.00000000,0.00000000,0.00000000,0.00000000,0.00000000
1926.0,0.00000000,0.00000000,0.00000000,0.00000000,0.00000000
1927.0,0.00000000,0.00000000,0.00000000,0.00000000,0.00000000
1928.0,0.00000000,0.00000000,0.00000000,0.00000000,0.00000000
1929.0,0.00000000,0.00000000,0.00000000,0.00000000,0.00000000
1930.0,0.00000000,0.00000000,0.00000000,0.00000000,0.00000000
1931.0,0.00000000,0.00000000,0.00000000,0.00000000,0.00000000
1932.0,0.00000000,0.00000000,0.00000000,0.00000000,0.00000000
1933.0,0.00000000,0.00000000,0.00000000,0.00000000,0.00000000
1934.0,0.00000000,0.00000000,0.00000000,0.00000000,0.00000000
1935.0,0.00000000,0.00000000,0.00000000,0.00000000,0.00000000
1936.0,0.00000000,0.00000000,0.00000000,0.00000000,0.00000000
1937.0,0.00000000,0.00000000,0.00000000,0.00000000,0.00000000
1938.0,0.00000000,0.00000000,0.00000000,0.00000000,0.00000000
1939.0,0.00000000,0.00000000,0.00000000,0.00000000,0.00000000
1940.0,0.00000000,0.00000000,0.00000000,0.00000000,0.00000000
1941.0,0.00000000,0.00000000,0.00000000,0.00000000,0.00000000
1942.0,0.00000000,0.00000000,0.00000000,0.00000000,0.00000000
1943.0,0.00000000,0.00000000,0.00000000,0.00000000,0.00000000
1944.0,0.00000000,0.00000000,0.00000000,0.00000000,0.00000000
1945.0,0.00000000,0.00000000,0.00000000,0.00000000,0.00000000
1946.0,0.00000000,0.00000000,0.00000000,0.00000000,0.00000000
1947.0,0.00000000,0.00000000,0.00000000,0.00000000,0.00000000
1948.0,0.00000000,0.00000000,0.00000000,0.00000000,0.00000000
1949.0,0.00000000,0.00000000,0.00000000,0.00000000,0.00000000
1950.0,0.00000000,0.00000000,0.00000000,0.00000000,0.00000000
1951.0,0.00000000,0.00000000,0.00000000,0.00000000,0.00000000
1952.0,0.00000000,0.00000000,0.00000000,0.00000000,0.00000000
1953.0,0.00000000,0.00000000,0.00000000,0.00000000,0.00000000
1954.0,0.00000000,0.00000000,0.00000000,0.00000000,0.00000000
1955.0,0.00000000,0.00000000,0.00000000,0.00000000,0.00000000
1956.0,0.00000000,0.00000000,0.00000000,0.00000000,0.00000000
1957.0,0.00000000,0.00000000,0.00000000,0.00000000,0.00000000
1958.0,0.00000000,0.00000000,0.00000000,0.00000000,0.00000000
1959.0,0.00000000,0.00000000,0.00000000,0.00000000,0.00000000
1960.0,0.00000000,0.00000000,0.00000000,0.00000000,0.00000000
1961.0,0.00000000,0.00000000,0.00000000,0.00000000,0.00000000
1962.0,0.00000000,0.00000000,0.00000000,0.00000000,0.00000000
1963.0,0.00000000,0.00000000,0.00000000,0.00000000,0.00000000
1964.0,0.00000000,0.00000000,0.00000000,0.00000000,0.00000000
1965.0,0.00000000,0.00000000,0.00000000,0.00000000,0.00000000
1966.0,0.00000000,0.00000000,0.00000000,0.00000000,0.00000000
1967.0,0.00000000,0.00000000,0.00000000,0.00000000,0.00000000
1968.0,0.00000000,0.00000000,0.00000000,0.00000000,0.00000000
1969.0,0.00000000,0.00000000,0.00000000,0.00000000,0.00000000
1970.0,0.00000000,0.00000000,0.00000000,0.00000000,0.00000000
1971.0,0.00000000,0.00000000,0.00000000,0.00000000,0.00000000
1972.0,0.00000000,0.00000000,0.00000000,0.00000000,0.00000000
1973.0,0.00000000,0.00000000,0.00000000,0.00000000,0.00000000
1974.0,0.00000000,0.00000000,0.00000000,0.00000000,0.00000000
1975.0,0.00000000,0.00000000,0.00000000,0.00000000,0.00000000
1976.0,0.00000000,0.00000000,0.00000000,0.00000000,0.00000000
1977.0,0.00000000,0.00000000,0.00000000,0.00000000,0.00000000
1978.0,0.00000000,0.00000000,0.00000000,0.00000000,0.00000000
1979.0,0.00000000,0.00000000,0.00000000,0.00000000,0.00000000
1980.0,0.00000000,0.00000000,0.00000000,0.00000000,0.00000000
1981.0,0.00000000,0.00000000,0.00000000,0.00000000,0.00000000
1982.0,0.00000000,0.00000000,0.00000000,0.00000000,0.00000000
1983.0,0.00000000,0.00000000,0.00000000,0.00000000,0.00000000
1984.0,0.00000000,0.00000000,0.00000000,0.00000000,0.00000000
1985.0,0.00000000,0.00000000,0.00000000,0.00000000,0.00000000
1986.0,0.00000000,0.00000000,0.00000000,0.00000000,0.00000000
1987.0,0.00000000,0.00000000,0.00000000,0.00000000,0.00000000
1988.0,0.00000000,0.00000000,0.00000000,0.00000000,0.00000000
1989.0,0.00000000,0.00000000,0.00000000,0.00000000,0.00000000
1990.0,0.00000000,0.00000000,0.00000000,0.00000000,0.00000000
1991.0,0.00000000,0.00000000,0.00000000,0.00000000,0.00000000
1992.0,0.00000000,0.00000000,0.00000000,0.00000000,0.00000000
1993.0,0.00000000,0.00000000,0.00000000,0.00000000,0.00000000
1994.0,0.00000000,0.00000000,0.00000000,0.00000000,0.00000000
1995.0,0.00000000,0.00000000,0.00000000,0.00000000,0.00000000
1996.0,0.00000000,0.00000000,0.00000000,0.00000000,0.00000000
1997.0,0.00000000,0.00000000,0.00000000,0.00000000,0.00000000
1998.0,0.00000000,0.00000000,0.00000000,0.00000000,0.00000000
1999.0,0.00000000,0.00000000,0.00000000,0.00000000,0.00000000
2000.0,0.00000000,0.00000000,0.00000000,0.00000000,0.00000000
2001.0,0.00000000,0.00000000,0.00000000,0.00000000,0.00000000
2002.0,0.00000000,0.00000000,0.00000000,0.00000000,0.00000000
2003.0,0.00000000,0.00000000,0.00000000,0.00000000,0.00000000
2004.0,0.00000000,0.00000000,0.00000000,0.00000000,0.00000000
2005.0,0.00000000,0.00000000,0.00000000,0.00000000,0.00000000
2006.0,0.00000000,0.00000000,0.00000000,0.00000000,0.00000000
2007.0,0.00000000,0.00000000,0.00000000,0.00000000,0.00000000
2008.0,0.00000000,0.00000000,0.00000000,0.00000000,0.00000000
2009.0,0.00000000,0.00000000,0.00000000,0.00000000,0.00000000
2010.0,0.00000000,0.00000000,0.00000000,0.00000000,0.00000000
2011.0,0.00000000,0.00000000,0.00000000,0.00000000,0.00000000
2012.0,0.00000000,0.00000000,0.00000000,0.00000000,0.00000000
2013.0,0.00000000,0.00000000,0.00000000,0.00000000,0.00000000
2014.0,0.00000000,0.00000000,0.00000000,0.00000000,0.00000000
2015.0,0.00000000,0.00000000,0.00000000,0.00000000,0.00000000
2016.0,0.00000000,0.00000000,0.00000000,0.00000000,0.00000000
2017.0,0.00000000,0.00000000,0.00000000,0.00000000,0.00000000
2018.0,0.00000000,0.00000000,0.00000000,0.00000000,0.00000000
2019.0,0.00000000,0.00000000,0.00000000,0.00000000,0.00000000
2020.0,0.00000000,0.00000000,0.00000000,0.00000000,0.00000000
2021.0,0.00000000,0.00000000,0.00000000,0.00000000,0.00000000
2022.0,0.00000000,0.00000000,0.00000000,0.00000000,0.00000000
2023.0,0.00000000,0.00000000,0.00000000,0.00000000,0.00000000
2024.0,0.00000000,0.00000000,0.00000000,0.00000000,0.00000000
2025.0,0.00000000,0.00000000,0.00000000,0.00000000,0.00000000
2026.0,0.00000000,0.00000000,0.00000000,0.00000000,0.00000000
2027.0,0.00000000,0.00000000,0.00000000,0.00000000,0.00000000
2028.0,0.00000000,0.00000000,0.00000000,0.00000000,0.00000000
2029.0,0.00000000,0.00000000,0.00000000,0.00000000,0.00000000
2030.0,0.00000000,0.00000000,0.00000000,0.00000000,0.00000000
2031.0,0.00000000,0.00000000,0.00000000,0.00000000,0.00000000
2032.0,0.00000000,0.00000000,0.00000000,0.00000000,0.00000000
2033.0,0.00000000,0.00000000,0.00000000,0.00000000,0.00000000
2034.0,0.00000000,0.00000000,0.00000000,0.00000000,0.00000000
2035.0,0.00000000,0.00000000,0.00000000,0.00000000,0.00000000
2036.0,0.00000000,0.00000000,0.00000000,0.00000000,0.00000000
2037.0,0.00000000,0.00000000,0.00000000,0.00000000,0.00000000
2038.0,0.00000000,0.00000000,0.00000000,0.00000000,0.00000000
2039.0,0.00000000,0.00000000,0.00000000,0.00000000,0.00000000
2040.0,0.00000000,0.00000000,0.00000000,0.00000000,0.00000000
2041.0,0.00000000,0.00000000,0.00000000,0.00000000,0.00000000
2042.0,0.00000000,0.00000000,0.00000000,0.00000000,0.00000000
2043.0,0.00000000,0.00000000,0.00000000,0.00000000,0.00000000
2044.0,0.00000000,0.00000000,0.00000000,0.00000000,0.00000000
2045.0,0.00000000,0.00000000,0.00000000,0.00000000,0.00000000
2046.0,0.00000000,0.00000000,0.00000000,0.00000000,0.00000000
2047.0,0.00000000,0.00000000,0.00000000,0.00000000,0.00000000
2048.0,0.00000000,0.00000000,0.00000000,0.00000000,0.00000000
2049.0,0.00000000,0.00000000,0.00000000,0.00000000,0.00000000
2050.0,0.00000000,0.00000000,0.00000000,0.00000000,0.00000000
2051.0,0.00000000,0.00000000,0.00000000,0.00000000,0.00000000
2052.0,0.00000000,0.00000000,0.00000000,0.00000000,0.00000000
2053.0,0.00000000,0.00000000,0.00000000,0.00000000,0.00000000
2054.0,0.00000000,0.00000000,0.00000000,0.00000000,0.00000000
2055.0,0.00000000,0.00000000,0.00000000,0.00000000,0.00000000
2056.0,0.00000000,0.00000000,0.00000000,0.00000000,0.00000000
2057.0,0.00000000,0.00000000,0.00000000,0.00000000,0.00000000
2058.0,0.00000000,0.00000000,0.00000000,0.00000000,0.00000000
2059.0,0.00000000,0.00000000,0.00000000,0.00000000,0.00000000
2060.0,0.00000000,0.00000000,0.00000000,0.00000000,0.00000000
2061.0,0.00000000,0.00000000,0.00000000,0.00000000,0.00000000
2062.0,0.00000000,0.00000000,0.00000000,0.00000000,0.00000000
2063.0,0.00000000,0.00000000,0.00000000,0.00000000,0.00000000
2064.0,0.00000000,0.00000000,0.00000000,0.00000000,0.00000000
2065.0,0.00000000,0.00000000,0.00000000,0.00000000,0.00000000
2066.0,0.00000000,0.00000000,0.00000000,0.00000000,0.00000000
2067.0,0.00000000,0.00000000,0.00000000,0.00000000,0.00000000
2068.0,0.00000000,0.00000000,0.00000000,0.00000000,0.00000000
2069.0,0.00000000,0.00000000,0.00000000,0.00000000,0.00000000
2070.0,0.00000000,0.00000000,0.00000000,0.00000000,0.00000000
2071.0,0.00000000,0.00000000,0.00000000,0.00000000,0.00000000
2072.0,0.00000000,0.00000000,0.00000000,0.00000000,0.00000000
2073.0,0.00000000,0.00000000,0.00000000,0.00000000,0.00000000
2074.0,0.00000000,0.00000000,0.00000000,0.00000000,0.00000000
2075.0,0.00000000,0.00000000,0.00000000,0.00000000,0.00000000
2076.0,0.00000000,0.00000000,0.00000000,0.00000000,0.00000000
2077.0,0.00000000,0.00000000,0.00000000,0.00000000,0.00000000
2078.0,0.00000000,0.00000000,0.00000000,0.00000000,0.00000000
2079.0,0.00000000,0.00000000,0.00000000,0.00000000,0.00000000
2080.0,0.00000000,0.00000000,0.00000000,0.00000000,0.00000000
2081.0,0.00000000,0.00000000,0.00000000,0.00000000,0.00000000
2082.0,0.00000000,0.00000000,0.00000000,0.00000000,0.00000000
2083.0,0.00000000,0.00000000,0.00000000,0.00000000,0.00000000
2084.0,0.00000000,0.00000000,0.00000000,0.00000000,0.00000000
2085.0,0.00000000,0.00000000,0.00000000,0.00000000,0.00000000
2086.0,0.00000000,0.00000000,0.00000000,0.00000000,0.00000000
2087.0,0.00000000,0.00000000,0.00000000,0.00000000,0.00000000
2088.0,0.00000000,0.00000000,0.00000000,0.00000000,0.00000000
2089.0,0.00000000,0.00000000,0.00000000,0.00000000,0.00000000
2090.0,0.00000000,0.00000000,0.00000000,0.00000000,0.00000000
2091.0,0.00000000,0.00000000,0.00000000,0.00000000,0.00000000
2092.0,0.00000000,0.00000000,0.00000000,0.00000000,0.00000000
2093.0,0.00000000,0.00000000,0.00000000,0.00000000,0.00000000
2094.0,0.00000000,0.00000000,0.00000000,0.00000000,0.00000000
2095.0,0.00000000,0.00000000,0.00000000,0.00000000,0.00000000
2096.0,0.00000000,0.00000000,0.00000000,0.00000000,0.00000000
2097.0,0.00000000,0.00000000,0.00000000,0.00000000,0.00000000
2098.0,0.00000000,0.00000000,0.00000000,0.00000000,0.00000000
2099.0,0.00000000,0.00000000,0.00000000,0.00000000,0.00000000
2100.0,0.00000000,0.00000000,0.00000000,0.00000000,0.00000000
2101.0,0.00000000,0.00000000,0.00000000,0.00000000,0.00000000
2102.0,0.00000000,0.00000000,0.00000000,0.00000000,0.00000000
2103.0,0.00000000,0.00000000,0.00000000,0.00000000,0.00000000
2104.0,0.00000000,0.00000000,0.00000000,0.00000000,0.00000000
2105.0,0.00000000,0.00000000,0.00000000,0.00000000,0.00000000
2106.0,0.00000000,0.00000000,0.00000000,0.00000000,0.00000000
2107.0,0.00000000,0.00000000,0.00000000,0.00000000,0.00000000
2108.0,0.00000000,0.00000000,0.00000000,0.00000000,0.00000000
2109.0,0.00000000,0.00000000,0.00000000,0.00000000,0.00000000
2110.0,0.00000000,0.00000000,0.00000000,0.00000000,0.00000000
2111.0,0.00000000,0.00000000,0.00000000,0.00000000,0.00000000
2112.0,0.00000000,0.00000000,0.00000000,0.00000000,0.00000000
2113.0,0.00000000,0.00000000,0.00000000,0.00000000,0.00000000
2114.0,0.00000000,0.00000000,0.00000000,0.00000000,0.00000000
2115.0,0.00000000,0.00000000,0.00000000,0.00000000,0.00000000
2116.0,0.00000000,0.00000000,0.00000000,0.00000000,0.00000000
2117.0,0.00000000,0.00000000,0.00000000,0.00000000,0.00000000
2118.0,0.00000000,0.00000000,0.00000000,0.00000000,0.00000000
2119.0,0.00000000,0.00000000,0.00000000,0.00000000,0.00000000
2120.0,0.00000000,0.00000000,0.00000000,0.00000000,0.00000000
2121.0,0.00000000,0.00000000,0.00000000,0.00000000,0.00000000
2122.0,0.00000000,0.00000000,0.00000000,0.00000000,0.00000000
2123.0,0.00000000,0.00000000,0.00000000,0.00000000,0.00000000
2124.0,0.00000000,0.00000000,0.00000000,0.00000000,0.00000000
2125.0,0.00000000,0.00000000,0.00000000,0.00000000,0.00000000
2126.0,0.00000000,0.00000000,0.00000000,0.00000000,0.00000000
2127.0,0.00000000,0.00000000,0.00000000,0.00000000,0.00000000
2128.0,0.00000000,0.00000000,0.00000000,0.00000000,0.00000000
2129.0,0.00000000,0.00000000,0.00000000,0.00000000,0.00000000
2130.0,0.00000000,0.00000000,0.00000000,0.00000000,0.00000000
2131.0,0.00000000,0.00000000,0.00000000,0.00000000,0.00000000
2132.0,0.00000000,0.00000000,0.00000000,0.00000000,0.00000000
2133.0,0.00000000,0.00000000,0.00000000,0.00000000,0.00000000
2134.0,0.00000000,0.00000000,0.00000000,0.00000000,0.00000000
2135.0,0.00000000,0.00000000,0.00000000,0.00000000,0.00000000
2136.0,0.00000000,0.00000000,0.00000000,0.00000000,0.00000000
2137.0,0.00000000,0.00000000,0.00000000,0.00000000,0.00000000
2138.0,0.00000000,0.00000000,0.00000000,0.00000000,0.00000000
2139.0,0.00000000,0.00000000,0.00000000,0.00000000,0.00000000
2140.0,0.00000000,0.00000000,0.00000000,0.00000000,0.00000000
2141.0,0.00000000,0.00000000,0.00000000,0.00000000,0.00000000
2142.0,0.00000000,0.00000000,0.00000000,0.00000000,0.00000000
2143.0,0.00000000,0.00000000,0.00000000,0.00000000,0.00000000
2144.0,0.00000000,0.00000000,0.00000000,0.00000000,0.00000000
2145.0,0.00000000,0.00000000,0.00000000,0.00000000,0.00000000
2146.0,0.00000000,0.00000000,0.00000000,0.00000000,0.00000000
2147.0,0.00000000,0.00000000,0.00000000,0.00000000,0.00000000
2148.0,0.00000000,0.00000000,0.00000000,0.00000000,0.00000000
2149.0,0.00000000,0.00000000,0.00000000,0.00000000,0.00000000
2150.0,0.00000000,0.00000000,0.00000000,0.00000000,0.00000000
2151.0,0.00000000,0.00000000,0.00000000,0.00000000,0.00000000
2152.0,0.00000000,0.00000000,0.00000000,0.00000000,0.00000000
2153.0,0.00000000,0.00000000,0.00000000,0.00000000,0.00000000
2154.0,0.00000000,0.00000000,0.00000000,0.00000000,0.00000000
2155.0,0.00000000,0.00000000,0.00000000,0.00000000,0.00000000
2156.0,0.00000000,0.00000000,0.00000000,0.00000000,0.00000000
2157.0,0.00000000,0.00000000,0.00000000,0.00000000,0.00000000
2158.0,0.00000000,0.00000000,0.00000000,0.00000000,0.00000000
2159.0,0.00000000,0.00000000,0.00000000,0.00000000,0.00000000
2160.0,0.00000000,0.00000000,0.00000000,0.00000000,0.00000000
2161.0,0.00000000,0.00000000,0.00000000,0.00000000,0.00000000
2162.0,0.00000000,0.00000000,0.00000000,0.00000000,0.00000000
2163.0,0.00000000,0.00000000,0.00000000,0.00000000,0.00000000
2164.0,0.00000000,0.00000000,0.00000000,0.00000000,0.00000000
2165.0,0.00000000,0.00000000,0.00000000,0.00000000,0.00000000
2166.0,0.00000000,0.00000000,0.00000000,0.00000000,0.00000000
2167.0,0.00000000,0.00000000,0.00000000,0.00000000,0.00000000
2168.0,0.00000000,0.00000000,0.00000000,0.00000000,0.00000000
2169.0,0.00000000,0.00000000,0.00000000,0.00000000,0.00000000
2170.0,0.00000000,0.00000000,0.00000000,0.00000000,0.00000000
2171.0,0.00000000,0.00000000,0.00000000,0.00000000,0.00000000
2172.0,0.00000000,0.00000000,0.00000000,0.00000000,0.00000000
2173.0,0.00000000,0.00000000,0.00000000,0.00000000,0.00000000
2174.0,0.00000000,0.00000000,0.00000000,0.00000000,0.00000000
2175.0,0.00000000,0.00000000,0.00000000,0.00000000,0.00000000
2176.0,0.00000000,0.00000000,0.00000000,0.00000000,0.00000000
2177.0,0.00000000,0.00000000,0.00000000,0.00000000,0.00000000
2178.0,0.00000000,0.00000000,0.00000000,0.00000000,0.00000000
2179.0,0.00000000,0.00000000,0.00000000,0.00000000,0.00000000
2180.0,0.00000000,0.00000000,0.00000000,0.00000000,0.00000000
2181.0,0.00000000,0.00000000,0.00000000,0.00000000,0.00000000
2182.0,0.00000000,0.00000000,0.00000000,0.00000000,0.00000000
2183.0,0.00000000,0.00000000,0.00000000,0.00000000,0.00000000
2184.0,0.00000000,0.00000000,0.00000000,0.00000000,0.00000000
2185.0,0.00000000,0.00000000,0.00000000,0.00000000,0.00000000
2186.0,0.00000000,0.00000000,0.00000000,0.00000000,0.00000000
2187.0,0.00000000,0.00000000,0.00000000,0.00000000,0.00000000
2188.0,0.00000000,0.00000000,0.00000000,0.00000000,0.00000000
2189.0,0.00000000,0.00000000,0.00000000,0.00000000,0.00000000
2190.0,0.00000000,0.00000000,0.00000000,0.00000000,0.00000000
2191.0,0.00000000,0.00000000,0.00000000,0.00000000,0.00000000
2192.0,0.00000000,0.00000000,0.00000000,0.00000000,0.00000000
2193.0,0.00000000,0.00000000,0.00000000,0.00000000,0.00000000
2194.0,0.00000000,0.00000000,0.00000000,0.00000000,0.00000000
2195.0,0.00000000,0.00000000,0.00000000,0.00000000,0.00000000
2196.0,0.00000000,0.00000000,0.00000000,0.00000000,0.00000000
2197.0,0.00000000,0.00000000,0.00000000,0.00000000,0.00000000
2198.0,0.00000000,0.00000000,0.00000000,0.00000000,0.00000000
2199.0,0.00000000,0.00000000,0.00000000,0.00000000,0.00000000
2200.0,0.00000000,0.00000000,0.00000000,0.00000000,0.00000000
2201.0,0.00000000,0.00000000,0.00000000,0.00000000,0.00000000
2202.0,0.00000000,0.00000000,0.00000000,0.00000000,0.00000000
2203.0,0.00000000,0.00000000,0.00000000,0.00000000,0.00000000
2204.0,0.00000000,0.00000000,0.00000000,0.00000000,0.00000000
2205.0,0.00000000,0.00000000,0.00000000,0.00000000,0.00000000
2206.0,0.00000000,0.00000000,0.00000000,0.00000000,0.00000000
2207.0,0.00000000,0.00000000,0.00000000,0.00000000,0.00000000
2208.0,0.00000000,0.00000000,0.00000000,0.00000000,0.00000000
2209.0,0.00000000,0.00000000,0.00000000,0.00000000,0.00000000
2210.0,0.00000000,0.00000000,0.00000000,0.00000000,0.00000000
2211.0,0.00000000,0.00000000,0.00000000,0.00000000,0.00000000
2212.0,0.00000000,0.00000000,0.00000000,0.00000000,0.00000000
2213.0,0.00000000,0.00000000,0.00000000,0.00000000,0.00000000
2214.0,0.00000000,0.00000000,0.00000000,0.00000000,0.00000000
2215.0,0.00000000,0.00000000,0.00000000,0.00000000,0.00000000
2216.0,0.00000000,0.00000000,0.00000000,0.00000000,0.00000000
2217.0,0.00000000,0.00000000,0.00000000,0.00000000,0.00000000
2218.0,0.00000000,0.00000000,0.00000000,0.00000000,0.00000000
2219.0,0.00000000,0.00000000,0.00000000,0.00000000,0.00000000
2220.0,0.00000000,0.00000000,0.00000000,0.00000000,0.00000000
2221.0,0.00000000,0.00000000,0.00000000,0.00000000,0.00000000
2222.0,0.00000000,0.00000000,0.00000000,0.00000000,0.00000000
2223.0,0.00000000,0.00000000,0.00000000,0.00000000,0.00000000
2224.0,0.00000000,0.00000000,0.00000000,0.00000000,0.00000000
2225.0,0.00000000,0.00000000,0.00000000,0.00000000,0.00000000
2226.0,0.00000000,0.00000000,0.00000000,0.00000000,0.00000000
2227.0,0.00000000,0.00000000,0.00000000,0.00000000,0.00000000
2228.0,0.00000000,0.00000000,0.00000000,0.00000000,0.00000000
2229.0,0.00000000,0.00000000,0.00000000,0.00000000,0.00000000
2230.0,0.00000000,0.00000000,0.00000000,0.00000000,0.00000000
2231.0,0.00000000,0.00000000,0.00000000,0.00000000,0.00000000
2232.0,0.00000000,0.00000000,0.00000000,0.00000000,0.00000000
2233.0,0.00000000,0.00000000,0.00000000,0.00000000,0.00000000
2234.0,0.00000000,0.00000000,0.00000000,0.00000000,0.00000000
2235.0,0.00000000,0.00000000,0.00000000,0.00000000,0.00000000
2236.0,0.00000000,0.00000000,0.00000000,0.00000000,0.00000000
2237.0,0.00000000,0.00000000,0.00000000,0.00000000,0.00000000
2238.0,0.00000000,0.00000000,0.00000000,0.00000000,0.00000000
2239.0,0.00000000,0.00000000,0.00000000,0.00000000,0.00000000
2240.0,0.00000000,0.00000000,0.00000000,0.00000000,0.00000000
2241.0,0.00000000,0.00000000,0.00000000,0.00000000,0.00000000
2242.0,0.00000000,0.00000000,0.00000000,0.00000000,0.00000000
2243.0,0.00000000,0.00000000,0.00000000,0.00000000,0.00000000
2244.0,0.00000000,0.00000000,0.00000000,0.00000000,0.00000000
2245.0,0.00000000,0.00000000,0.00000000,0.00000000,0.00000000
2246.0,0.00000000,0.00000000,0.00000000,0.00000000,0.00000000
2247.0,0.00000000,0.00000000,0.00000000,0.00000000,0.00000000
2248.0,0.00000000,0.00000000,0.00000000,0.00000000,0.00000000
2249.0,0.00000000,0.00000000,0.00000000,0.00000000,0.00000000
2250.0,0.00000000,0.00000000,0.00000000,0.00000000,0.00000000
2251.0,0.00000000,0.00000000,0.00000000,0.00000000,0.00000000
2252.0,0.00000000,0.00000000,0.00000000,0.00000000,0.00000000
2253.0,0.00000000,0.00000000,0.00000000,0.00000000,0.00000000
2254.0,0.00000000,0.00000000,0.00000000,0.00000000,0.00000000
2255.0,0.00000000,0.00000000,0.00000000,0.00000000,0.00000000
2256.0,0.00000000,0.00000000,0.00000000,0.00000000,0.00000000
2257.0,0.00000000,0.00000000,0.00000000,0.00000000,0.00000000
2258.0,0.00000000,0.00000000,0.00000000,0.00000000,0.00000000
2259.0,0.00000000,0.00000000,0.00000000,0.00000000,0.00000000
2260.0,0.00000000,0.00000000,0.00000000,0.00000000,0.00000000
2261.0,0.00000000,0.00000000,0.00000000,0.00000000,0.00000000
2262.0,0.00000000,0.00000000,0.00000000,0.00000000,0.00000000
2263.0,0.00000000,0.00000000,0.00000000,0.00000000,0.00000000
2264.0,0.00000000,0.00000000,0.00000000,0.00000000,0.00000000
2265.0,0.00000000,0.00000000,0.00000000,0.00000000,0.00000000
2266.0,0.00000000,0.00000000,0.00000000,0.00000000,0.00000000
2267.0,0.00000000,0.00000000,0.00000000,0.00000000,0.00000000
2268.0,0.00000000,0.00000000,0.00000000,0.00000000,0.00000000
2269.0,0.00000000,0.00000000,0.00000000,0.00000000,0.00000000
2270.0,0.00000000,0.00000000,0.00000000,0.00000000,0.00000000
2271.0,0.00000000,0.00000000,0.00000000,0.00000000,0.00000000
2272.0,0.00000000,0.00000000,0.00000000,0.00000000,0.00000000
2273.0,0.00000000,0.00000000,0.00000000,0.00000000,0.00000000
2274.0,0.00000000,0.00000000,0.00000000,0.00000000,0.00000000
2275.0,0.00000000,0.00000000,0.00000000,0.00000000,0.00000000
2276.0,0.00000000,0.00000000,0.00000000,0.00000000,0.00000000
2277.0,0.00000000,0.00000000,0.00000000,0.00000000,0.00000000
2278.0,0.00000000,0.00000000,0.00000000,0.00000000,0.00000000
2279.0,0.00000000,0.00000000,0.00000000,0.00000000,0.00000000
2280.0,0.00000000,0.00000000,0.00000000,0.00000000,0.00000000
2281.0,0.00000000,0.00000000,0.00000000,0.00000000,0.00000000
2282.0,0.00000000,0.00000000,0.00000000,0.00000000,0.00000000
2283.0,0.00000000,0.00000000,0.00000000,0.00000000,0.00000000
2284.0,0.00000000,0.00000000,0.00000000,0.00000000,0.00000000
2285.0,0.00000000,0.00000000,0.00000000,0.00000000,0.00000000
2286.0,0.00000000,0.00000000,0.00000000,0.00000000,0.00000000
2287.0,0.00000000,0.00000000,0.00000000,0.00000000,0.00000000
2288.0,0.00000000,0.00000000,0.00000000,0.00000000,0.00000000
2289.0,0.00000000,0.00000000,0.00000000,0.00000000,0.00000000
2290.0,0.00000000,0.00000000,0.00000000,0.00000000,0.00000000
2291.0,0.00000000,0.00000000,0.00000000,0.00000000,0.00000000
2292.0,0.00000000,0.00000000,0.00000000,0.00000000,0.00000000
2293.0,0.00000000,0.00000000,0.00000000,0.00000000,0.00000000
2294.0,0.00000000,0.00000000,0.00000000,0.00000000,0.00000000
2295.0,0.00000000,0.00000000,0.00000000,0.00000000,0.00000000
2296.0,0.00000000,0.00000000,0.00000000,0.00000000,0.00000000
2297.0,0.00000000,0.00000000,0.00000000,0.00000000,0.00000000
2298.0,0.00000000,0.00000000,0.00000000,0.00000000,0.00000000
2299.0,0.00000000,0.00000000,0.00000000,0.00000000,0.00000000
2300.0,0.00000000,0.00000000,0.00000000,0.00000000,0.00000000
2301.0,0.00000000,0.00000000,0.00000000,0.00000000,0.00000000
2302.0,0.00000000,0.00000000,0.00000000,0.00000000,0.00000000
2303.0,0.00000000,0.00000000,0.00000000,0.00000000,0.00000000
2304.0,0.00000000,0.00000000,0.00000000,0.00000000,0.00000000
2305.0,0.00000000,0.00000000,0.00000000,0.00000000,0.00000000
2306.0,0.00000000,0.00000000,0.00000000,0.00000000,0.00000000
2307.0,0.00000000,0.00000000,0.00000000,0.00000000,0.00000000
2308.0,0.00000000,0.00000000,0.00000000,0.00000000,0.00000000
2309.0,0.00000000,0.00000000,0.00000000,0.00000000,0.00000000
2310.0,0.00000000,0.00000000,0.00000000,0.00000000,0.00000000
2311.0,0.00000000,0.00000000,0.00000000,0.00000000,0.00000000
2312.0,0.00000000,0.00000000,0.00000000,0.00000000,0.00000000
2313.0,0.00000000,0.00000000,0.00000000,0.00000000,0.00000000
2314.0,0.00000000,0.00000000,0.00000000,0.00000000,0.00000000
2315.0,0.00000000,0.00000000,0.00000000,0.00000000,0.00000000
2316.0,0.00000000,0.00000000,0.00000000,0.00000000,0.00000000
2317.0,0.00000000,0.00000000,0.00000000,0.00000000,0.00000000
2318.0,0.00000000,0.00000000,0.00000000,0.00000000,0.00000000
2319.0,0.00000000,0.00000000,0.00000000,0.00000000,0.00000000
2320.0,0.00000000,0.00000000,0.00000000,0.00000000,0.00000000
2321.0,0.00000000,0.00000000,0.00000000,0.00000000,0.00000000
2322.0,0.00000000,0.00000000,0.00000000,0.00000000,0.00000000
2323.0,0.00000000,0.00000000,0.00000000,0.00000000,0.00000000
2324.0,0.00000000,0.00000000,0.00000000,0.00000000,0.00000000
2325.0,0.00000000,0.00000000,0.00000000,0.00000000,0.00000000
2326.0,0.00000000,0.00000000,0.00000000,0.00000000,0.00000000
2327.0,0.00000000,0.00000000,0.00000000,0.00000000,0.00000000
2328.0,0.00000000,0.00000000,0.00000000,0.00000000,0.00000000
2329.0,0.00000000,0.00000000,0.00000000,0.00000000,0.00000000
2330.0,0.00000000,0.00000000,0.00000000,0.00000000,0.00000000
2331.0,0.00000000,0.00000000,0.00000000,0.00000000,0.00000000
2332.0,0.00000000,0.00000000,0.00000000,0.00000000,0.00000000
2333.0,0.00000000,0.00000000,0.00000000,0.00000000,0.00000000
2334.0,0.00000000,0.00000000,0.00000000,0.00000000,0.00000000
2335.0,0.00000000,0.00000000,0.00000000,0.00000000,0.00000000
2336.0,0.00000000,0.00000000,0.00000000,0.00000000,0.00000000
2337.0,0.00000000,0.00000000,0.00000000,0.00000000,0.00000000
2338.0,0.00000000,0.00000000,0.00000000,0.00000000,0.00000000
2339.0,0.00000000,0.00000000,0.00000000,0.00000000,0.00000000
2340.0,0.00000000,0.00000000,0.00000000,0.00000000,0.00000000
2341.0,0.00000000,0.00000000,0.00000000,0.00000000,0.00000000
2342.0,0.00000000,0.00000000,0.00000000,0.00000000,0.00000000
2343.0,0.00000000,0.00000000,0.00000000,0.00000000,0.00000000
2344.0,0.00000000,0.00000000,0.00000000,0.00000000,0.00000000
2345.0,0.00000000,0.00000000,0.00000000,0.00000000,0.00000000
2346.0,0.00000000,0.00000000,0.00000000,0.00000000,0.00000000
2347.0,0.00000000,0.00000000,0.00000000,0.00000000,0.00000000
2348.0,0.00000000,0.00000000,0.00000000,0.00000000,0.00000000
2349.0,0.00000000,0.00000000,0.00000000,0.00000000,0.00000000
2350.0,0.00000000,0.00000000,0.00000000,0.00000000,0.00000000
2351.0,0.00000000,0.00000000,0.00000000,0.00000000,0.00000000
2352.0,0.00000000,0.00000000,0.00000000,0.00000000,0.00000000
2353.0,0.00000000,0.00000000,0.00000000,0.00000000,0.00000000
2354.0,0.00000000,0.00000000,0.00000000,0.00000000,0.00000000
2355.0,0.00000000,0.00000000,0.00000000,0.00000000,0.00000000
2356.0,0.00000000,0.00000000,0.00000000,0.00000000,0.00000000
2357.0,0.00000000,0.00000000,0.00000000,0.00000000,0.00000000
2358.0,0.00000000,0.00000000,0.00000000,0.00000000,0.00000000
2359.0,0.00000000,0.00000000,0.00000000,0.00000000,0.00000000
2360.0,0.00000000,0.00000000,0.00000000,0.00000000,0.00000000
2361.0,0.00000000,0.00000000,0.00000000,0.00000000,0.00000000
2362.0,0.00000000,0.00000000,0.00000000,0.00000000,0.00000000
2363.0,0.00000000,0.00000000,0.00000000,0.00000000,0.00000000
2364.0,0.00000000,0.00000000,0.00000000,0.00000000,0.00000000
2365.0,0.00000000,0.00000000,0.00000000,0.00000000,0.00000000
2366.0,0.00000000,0.00000000,0.00000000,0.00000000,0.00000000
2367.0,0.00000000,0.00000000,0.00000000,0.00000000,0.00000000
2368.0,0.00000000,0.00000000,0.00000000,0.00000000,0.00000000
2369.0,0.00000000,0.00000000,0.00000000,0.00000000,0.00000000
2370.0,0.00000000,0.00000000,0.00000000,0.00000000,0.00000000
2371.0,0.00000000,0.00000000,0.00000000,0.00000000,0.00000000
2372.0,0.00000000,0.00000000,0.00000000,0.00000000,0.00000000
2373.0,0.00000000,0.00000000,0.00000000,0.00000000,0.00000000
2374.0,0.00000000,0.00000000,0.00000000,0.00000000,0.00000000
2375.0,0.00000000,0.00000000,0.00000000,0.00000000,0.00000000
2376.0,0.00000000,0.00000000,0.00000000,0.00000000,0.00000000
2377.0,0.00000000,0.00000000,0.00000000,0.00000000,0.00000000
2378.0,0.00000000,0.00000000,0.00000000,0.00000000,0.00000000
2379.0,0.00000000,0.00000000,0.00000000,0.00000000,0.00000000
2380.0,0.00000000,0.00000000,0.00000000,0.00000000,0.00000000
2381.0,0.00000000,0.00000000,0.00000000,0.00000000,0.00000000
2382.0,0.00000000,0.00000000,0.00000000,0.00000000,0.00000000
2383.0,0.00000000,0.00000000,0.00000000,0.00000000,0.00000000
2384.0,0.00000000,0.00000000,0.00000000,0.00000000,0.00000000
2385.0,0.00000000,0.00000000,0.00000000,0.00000000,0.00000000
2386.0,0.00000000,0.00000000,0.00000000,0.00000000,0.00000000
2387.0,0.00000000,0.00000000,0.00000000,0.00000000,0.00000000
2388.0,0.00000000,0.00000000,0.00000000,0.00000000,0.00000000
2389.0,0.00000000,0.00000000,0.00000000,0.00000000,0.00000000
2390.0,0.00000000,0.00000000,0.00000000,0.00000000,0.00000000
2391.0,0.00000000,0.00000000,0.00000000,0.00000000,0.00000000
2392.0,0.00000000,0.00000000,0.00000000,0.00000000,0.00000000
2393.0,0.00000000,0.00000000,0.00000000,0.00000000,0.00000000
2394.0,0.00000000,0.00000000,0.00000000,0.00000000,0.00000000
2395.0,0.00000000,0.00000000,0.00000000,0.00000000,0.00000000
2396.0,0.00000000,0.00000000,0.00000000,0.00000000,0.00000000
2397.0,0.00000000,0.00000000,0.00000000,0.00000000,0.00000000
2398.0,0.00000000,0.00000000,0.00000000,0.00000000,0.00000000
2399.0,0.00000000,0.00000000,0.00000000,0.00000000,0.00000000
2400.0,0.00000000,0.00000000,0.00000000,0.00000000,0.00000000
2401.0,0.00000000,0.00000000,0.00000000,0.00000000,0.00000000
2402.0,0.00000000,0.00000000,0.00000000,0.00000000,0.00000000
2403.0,0.00000000,0.00000000,0.00000000,0.00000000,0.00000000
2404.0,0.00000000,0.00000000,0.00000000,0.00000000,0.00000000
2405.0,0.00000000,0.00000000,0.00000000,0.00000000,0.00000000
2406.0,0.00000000,0.00000000,0.00000000,0.00000000,0.00000000
2407.0,0.00000000,0.00000000,0.00000000,0.00000000,0.00000000
2408.0,0.00000000,0.00000000,0.00000000,0.00000000,0.00000000
2409.0,0.00000000,0.00000000,0.00000000,0.00000000,0.00000000
2410.0,0.00000000,0.00000000,0.00000000,0.00000000,0.00000000
2411.0,0.00000000,0.00000000,0.00000000,0.00000000,0.00000000
2412.0,0.00000000,0.00000000,0.00000000,0.00000000,0.00000000
2413.0,0.00000000,0.00000000,0.00000000,0.00000000,0.00000000
2414.0,0.00000000,0.00000000,0.00000000,0.00000000,0.00000000
2415.0,0.00000000,0.00000000,0.00000000,0.00000000,0.00000000
2416.0,0.00000000,0.00000000,0.00000000,0.00000000,0.00000000
2417.0,0.00000000,0.00000000,0.00000000,0.00000000,0.00000000
2418.0,0.00000000,0.00000000,0.00000000,0.00000000,0.00000000
2419.0,0.00000000,0.00000000,0.00000000,0.00000000,0.00000000
2420.0,0.00000000,0.00000000,0.00000000,0.00000000,0.00000000
2421.0,0.00000000,0.00000000,0.00000000,0.00000000,0.00000000
2422.0,0.00000000,0.00000000,0.00000000,0.00000000,0.00000000
2423.0,0.00000000,0.00000000,0.00000000,0.00000000,0.00000000
2424.0,0.00000000,0.00000000,0.00000000,0.00000000,0.00000000
2425.0,0.00000000,0.00000000,0.00000000,0.00000000,0.00000000
2426.0,0.00000000,0.00000000,0.00000000,0.00000000,0.00000000
2427.0,0.00000000,0.00000000,0.00000000,0.00000000,0.00000000
2428.0,0.00000000,0.00000000,0.00000000,0.00000000,0.00000000
2429.0,0.00000000,0.00000000,0.00000000,0.00000000,0.00000000
2430.0,0.00000000,0.00000000,0.00000000,0.00000000,0.00000000
2431.0,0.00000000,0.00000000,0.00000000,0.00000000,0.00000000
2432.0,0.00000000,0.00000000,0.00000000,0.00000000,0.00000000
2433.0,0.00000000,0.00000000,0.00000000,0.00000000,0.00000000
2434.0,0.00000000,0.00000000,0.00000000,0.00000000,0.00000000
2435.0,0.00000000,0.00000000,0.00000000,0.00000000,0.00000000
2436.0,0.00000000,0.00000000,0.00000000,0.00000000,0.00000000
2437.0,0.00000000,0.00000000,0.00000000,0.00000000,0.00000000
2438.0,0.00000000,0.00000000,0.00000000,0.00000000,0.00000000
2439.0,0.00000000,0.00000000,0.00000000,0.00000000,0.00000000
2440.0,0.00000000,0.00000000,0.00000000,0.00000000,0.00000000
2441.0,0.00000000,0.00000000,0.00000000,0.00000000,0.00000000
2442.0,0.00000000,0.00000000,0.00000000,0.00000000,0.00000000
2443.0,0.00000000,0.00000000,0.00000000,0.00000000,0.00000000
2444.0,0.00000000,0.00000000,0.00000000,0.00000000,0.00000000
2445.0,0.00000000,0.00000000,0.00000000,0.00000000,0.00000000
2446.0,0.00000000,0.00000000,0.00000000,0.00000000,0.00000000
2447.0,0.00000000,0.00000000,0.00000000,0.00000000,0.00000000
2448.0,0.00000000,0.00000000,0.00000000,0.00000000,0.00000000
2449.0,0.00000000,0.00000000,0.00000000,0.00000000,0.00000000
2450.0,0.00000000,0.00000000,0.00000000,0.00000000,0.00000000
2451.0,0.00000000,0.00000000,0.00000000,0.00000000,0.00000000
2452.0,0.00000000,0.00000000,0.00000000,0.00000000,0.00000000
2453.0,0.00000000,0.00000000,0.00000000,0.00000000,0.00000000
2454.0,0.00000000,0.00000000,0.00000000,0.00000000,0.00000000
2455.0,0.00000000,0.00000000,0.00000000,0.00000000,0.00000000
2456.0,0.00000000,0.00000000,0.00000000,0.00000000,0.00000000
2457.0,0.00000000,0.00000000,0.00000000,0.00000000,0.00000000
2458.0,0.00000000,0.00000000,0.00000000,0.00000000,0.00000000
2459.0,0.00000000,0.00000000,0.00000000,0.00000000,0.00000000
2460.0,0.00000000,0.00000000,0.00000000,0.00000000,0.00000000
2461.0,0.00000000,0.00000000,0.00000000,0.00000000,0.00000000
2462.0,0.00000000,0.00000000,0.00000000,0.00000000,0.00000000
2463.0,0.00000000,0.00000000,0.00000000,0.00000000,0.00000000
2464.0,0.00000000,0.00000000,0.00000000,0.00000000,0.00000000
2465.0,0.00000000,0.00000000,0.00000000,0.00000000,0.00000000
2466.0,0.00000000,0.00000000,0.00000000,0.00000000,0.00000000
2467.0,0.00000000,0.00000000,0.00000000,0.00000000,0.00000000
2468.0,0.00000000,0.00000000,0.00000000,0.00000000,0.00000000
2469.0,0.00000000,0.00000000,0.00000000,0.00000000,0.00000000
2470.0,0.00000000,0.00000000,0.00000000,0.00000000,0.00000000
2471.0,0.00000000,0.00000000,0.00000000,0.00000000,0.00000000
2472.0,0.00000000,0.00000000,0.00000000,0.00000000,0.00000000
2473.0,0.00000000,0.00000000,0.00000000,0.00000000,0.00000000
2474.0,0.00000000,0.00000000,0.00000000,0.00000000,0.00000000
2475.0,0.00000000,0.00000000,0.00000000,0.00000000,0.00000000
2476.0,0.00000000,0.00000000,0.00000000,0.00000000,0.00000000
2477.0,0.00000000,0.00000000,0.00000000,0.00000000,0.00000000
2478.0,0.00000000,0.00000000,0.00000000,0.00000000,0.00000000
2479.0,0.00000000,0.00000000,0.00000000,0.00000000,0.00000000
2480.0,0.00000000,0.00000000,0.00000000,0.00000000,0.00000000
2481.0,0.00000000,0.00000000,0.00000000,0.00000000,0.00000000
2482.0,0.00000000,0.00000000,0.00000000,0.00000000,0.00000000
2483.0,0.00000000,0.00000000,0.00000000,0.00000000,0.00000000
2484.0,0.00000000,0.00000000,0.00000000,0.00000000,0.00000000
2485.0,0.00000000,0.00000000,0.00000000,0.00000000,0.00000000
2486.0,0.00000000,0.00000000,0.00000000,0.00000000,0.00000000
2487.0,0.00000000,0.00000000,0.00000000,0.00000000,0.00000000
2488.0,0.00000000,0.00000000,0.00000000,0.00000000,0.00000000
2489.0,0.00000000,0.00000000,0.00000000,0.00000000,0.00000000
2490.0,0.00000000,0.00000000,0.00000000,0.00000000,0.00000000
2491.0,0.00000000,0.00000000,0.00000000,0.00000000,0.00000000
2492.0,0.00000000,0.00000000,0.00000000,0.00000000,0.00000000
2493.0,0.00000000,0.00000000,0.00000000,0.00000000,0.00000000
2494.0,0.00000000,0.00000000,0.00000000,0.00000000,0.00000000
2495.0,0.00000000,0.00000000,0.00000000,0.00000000,0.00000000
2496.0,0.00000000,0.00000000,0.00000000,0.00000000,0.00000000
2497.0,0.00000000,0.00000000,0.00000000,0.00000000,0.00000000
2498.0,0.00004980,0.00000000,0.00000000,0.00000000,0.00000000
2499.0,0.00050378,0.00000000,0.00000000,0.00000000,0.00000000
2500.0,0.00095775,0.00000000,0.00000000,0.00000000,0.00000000
2501.0,0.00141172,0.00000000,0.00000000,0.00000000,0.00000000
2502.0,0.00186570,0.00000000,0.00000000,0.00000000,0.00000000
2503.0,0.00231967,0.00000000,0.00000000,0.00000000,0.00000000
2504.0,0.00277364,0.00000000,0.00000000,0.00000000,0.00000000
2505.0,0.00322762,0.00000000,0.00000000,0.00000000,0.00000000
2506.0,0.00368159,0.00000000,0.00000000,0.00000000,0.00000000
2507.0,0.00383100,0.00000000,0.00000000,0.00000000,0.00000000
2508.0,0.00383100,0.00000000,0.00000000,0.00000000,0.00000000
2509.0,0.00383100,0.00000000,0.00000000,0.00000000,0.00000000
2510.0,0.00383100,0.00000000,0.00000000,0.00000000,0.00000000
2511.0,0.00383100,0.00000000,0.00000000,0.00000000,0.00000000
2512.0,0.00383100,0.00000000,0.00000000,0.00000000,0.00000000
2513.0,0.00383100,0.00000000,0.00000000,0.00000000,0.00000000
2514.0,0.00383100,0.00000000,0.00000000,0.00000000,0.00000000
2515.0,0.00383100,0.00000000,0.00000000,0.00000000,0.00000000
2516.0,0.00383100,0.00000000,0.00000000,0.00000000,0.00000000
2517.0,0.00383100,0.00000000,0.00000000,0.00000000,0.00000000
2518.0,0.00383100,0.00000000,0.00000000,0.00000000,0.00000000
2519.0,0.00383100,0.00000000,0.00000000,0.00000000,0.00000000
2520.0,0.00383100,0.00000000,0.00000000,0.00000000,0.00000000
2521.0,0.00383100,0.00000000,0.00000000,0.00000000,0.00000000
2522.0,0.00383100,0.00000000,0.00000000,0.00000000,0.00000000
2523.0,0.00383100,0.00000000,0.00000000,0.00000000,0.00000000
2524.0,0.00383100,0.00000000,0.00000000,0.00000000,0.00000000
2525.0,0.00383100,0.00000000,0.00000000,0.00000000,0.00000000
2526.0,0.00383100,0.00000000,0.00000000,0.00000000,0.00000000
2527.0,0.00383100,0.00000000,0.00000000,0.00000000,0.00000000
2528.0,0.00383100,0.00000000,0.00000000,0.00000000,0.00000000
2529.0,0.00383100,0.00000000,0.00000000,0.00000000,0.00000000
2530.0,0.00383100,0.00000000,0.00000000,0.00000000,0.00000000
2531.0,0.00383100,0.00000000,0.00000000,0.00000000,0.00000000
2532.0,0.00383100,0.00000000,0.00000000,0.00000000,0.00000000
2533.0,0.00383100,0.00000000,0.00000000,0.00000000,0.00000000
2534.0,0.00383100,0.00000000,0.00000000,0.00000000,0.00000000
2535.0,0.00383100,0.00000000,0.00000000,0.00000000,0.00000000
2536.0,0.00383100,0.00000000,0.00000000,0.00000000,0.00000000
2537.0,0.00383100,0.00000000,0.00000000,0.00000000,0.00000000
2538.0,0.00383100,0.00000000,0.00000000,0.00000000,0.00000000
2539.0,0.00383100,0.00000000,0.00000000,0.00000000,0.00000000
2540.0,0.00383100,0.00000000,0.00000000,0.00000000,0.00000000
2541.0,0.00383100,0.00000000,0.00000000,0.00000000,0.00000000
2542.0,0.00383100,0.00000000,0.00000000,0.00000000,0.00000000
2543.0,0.00383100,0.00000000,0.00000000,0.00000000,0.00000000
2544.0,0.00383100,0.00000000,0.00000000,0.00000000,0.00000000
2545.0,0.00383100,0.00000000,0.00000000,0.00000000,0.00000000
2546.0,0.00383100,0.00000000,0.00000000,0.00000000,0.00000000
2547.0,0.00383100,0.00000000,0.00000000,0.00000000,0.00000000
2548.0,0.00383100,0.00000000,0.00000000,0.00000000,0.00000000
2549.0,0.00383100,0.00000000,0.00000000,0.00000000,0.00000000
2550.0,0.00383100,0.00000000,0.00000000,0.00000000,0.00000000
2551.0,0.00383100,0.00000000,0.00000000,0.00000000,0.00000000
2552.0,0.00383100,0.00000000,0.00000000,0.00000000,0.00000000
2553.0,0.00383100,0.00000000,0.00000000,0.00000000,0.00000000
2554.0,0.00383100,0.00000000,0.00000000,0.00000000,0.00000000
2555.0,0.00383100,0.00000000,0.00000000,0.00000000,0.00000000
2556.0,0.00383100,0.00000000,0.00000000,0.00000000,0.00000000
2557.0,0.00383100,0.00000000,0.00000000,0.00000000,0.00000000
2558.0,0.00383100,0.00000000,0.00000000,0.00000000,0.00000000
2559.0,0.00383100,0.00000000,0.00000000,0.00000000,0.00000000
2560.0,0.00383100,0.00000000,0.00000000,0.00000000,0.00000000
2561.0,0.00383100,0.00000000,0.00000000,0.00000000,0.00000000
2562.0,0.00383100,0.00000000,0.00000000,0.00000000,0.00000000
2563.0,0.00383100,0.00000000,0.00000000,0.00000000,0.00000000
2564.0,0.00383100,0.00000000,0.00000000,0.00000000,0.00000000
2565.0,0.00383100,0.00000000,0.00000000,0.00000000,0.00000000
2566.0,0.00383100,0.00000000,0.00000000,0.00000000,0.00000000
2567.0,0.00383100,0.00000000,0.00000000,0.00000000,0.00000000
2568.0,0.00383100,0.00000000,0.00000000,0.00000000,0.00000000
2569.0,0.00383100,0.00000000,0.00000000,0.00000000,0.00000000
2570.0,0.00383100,0.00000000,0.00000000,0.00000000,0.00000000
2571.0,0.00383100,0.00000000,0.00000000,0.00000000,0.00000000
2572.0,0.00383100,0.00000000,0.00000000,0.00000000,0.00000000
2573.0,0.00383100,0.00000000,0.00000000,0.00000000,0.00000000
2574.0,0.00383100,0.00000000,0.00000000,0.00000000,0.00000000
2575.0,0.00383100,0.00000000,0.00000000,0.00000000,0.00000000
2576.0,0.00383100,0.00000000,0.00000000,0.00000000,0.00000000
2577.0,0.00383100,0.00000000,0.00000000,0.00000000,0.00000000
2578.0,0.00383100,0.00000000,0.00000000,0.00000000,0.00000000
2579.0,0.00383100,0.00000000,0.00000000,0.00000000,0.00000000
2580.0,0.00383100,0.00000000,0.00000000,0.00000000,0.00000000
2581.0,0.00383100,0.00000000,0.00000000,0.00000000,0.00000000
2582.0,0.00383100,0.00000000,0.00000000,0.00000000,0.00000000
2583.0,0.00383100,0.00000000,0.00000000,0.00000000,0.00000000
2584.0,0.00383100,0.00000000,0.00000000,0.00000000,0.00000000
2585.0,0.00383100,0.00000000,0.00000000,0.00000000,0.00000000
2586.0,0.00383100,0.00000000,0.00000000,0.00000000,0.00000000
2587.0,0.00383100,0.00000000,0.00000000,0.00000000,0.00000000
2588.0,0.00383100,0.00000000,0.00000000,0.00000000,0.00000000
2589.0,0.00383100,0.00000000,0.00000000,0.00000000,0.00000000
2590.0,0.00383100,0.00000000,0.00000000,0.00000000,0.00000000
2591.0,0.00383100,0.00000000,0.00000000,0.00000000,0.00000000
2592.0,0.00383100,0.00000000,0.00000000,0.00000000,0.00000000
2593.0,0.00383100,0.00000000,0.00000000,0.00000000,0.00000000
2594.0,0.00383100,0.00000000,0.00000000,0.00000000,0.00000000
2595.0,0.00383100,0.00000000,0.00000000,0.00000000,0.00000000
2596.0,0.00383100,0.00000000,0.00000000,0.00000000,0.00000000
2597.0,0.00383100,0.00000000,0.00000000,0.00000000,0.00000000
2598.0,0.00383100,0.00000000,0.00000000,0.00000000,0.00000000
2599.0,0.00383100,0.00000000,0.00000000,0.00000000,0.00000000
2600.0,0.00383100,0.00000000,0.00000000,0.00000000,0.00000000
2601.0,0.00383100,0.00000000,0.00000000,0.00000000,0.00000000
2602.0,0.00383100,0.00000000,0.00000000,0.00000000,0.00000000
2603.0,0.00383100,0.00000000,0.00000000,0.00000000,0.00000000
2604.0,0.00383100,0.00000000,0.00000000,0.00000000,0.00000000
2605.0,0.00383100,0.00000000,0.00000000,0.00000000,0.00000000
2606.0,0.00383100,0.00000000,0.00000000,0.00000000,0.00000000
2607.0,0.00383100,0.00000000,0.00000000,0.00000000,0.00000000
2608.0,0.00383100,0.00000000,0.00000000,0.00000000,0.00000000
2609.0,0.00383100,0.00000000,0.00000000,0.00000000,0.00000000
2610.0,0.00383100,0.00000000,0.00000000,0.00000000,0.00000000
2611.0,0.00383100,0.00000000,0.00000000,0.00000000,0.00000000
2612.0,0.00383100,0.00000000,0.00000000,0.00000000,0.00000000
2613.0,0.00383100,0.00000000,0.00000000,0.00000000,0.00000000
2614.0,0.00383100,0.00000000,0.00000000,0.00000000,0.00000000
2615.0,0.00383100,0.00000000,0.00000000,0.00000000,0.00000000
2616.0,0.00383100,0.00000000,0.00000000,0.00000000,0.00000000
2617.0,0.00383100,0.00000000,0.00000000,0.00000000,0.00000000
2618.0,0.00383100,0.00000000,0.00000000,0.00000000,0.00000000
2619.0,0.00383100,0.00000000,0.00000000,0.00000000,0.00000000
2620.0,0.00383100,0.00000000,0.00000000,0.00000000,0.00000000
2621.0,0.00383100,0.00000000,0.00000000,0.00000000,0.00000000
2622.0,0.00383100,0.00000000,0.00000000,0.00000000,0.00000000
2623.0,0.00383100,0.00000000,0.00000000,0.00000000,0.00000000
2624.0,0.00383100,0.00000000,0.00000000,0.00000000,0.00000000
2625.0,0.00383100,0.00000000,0.00000000,0.00000000,0.00000000
2626.0,0.00383100,0.00000000,0.00000000,0.00000000,0.00000000
2627.0,0.00383100,0.00000000,0.00000000,0.00000000,0.00000000
2628.0,0.00383100,0.00000000,0.00000000,0.00000000,0.00000000
2629.0,0.00383100,0.00000000,0.00000000,0.00000000,0.00000000
2630.0,0.00383100,0.00000000,0.00000000,0.00000000,0.00000000
2631.0,0.00383100,0.00000000,0.00000000,0.00000000,0.00000000
2632.0,0.00383100,0.00000000,0.00000000,0.00000000,0.00000000
2633.0,0.00383100,0.00000000,0.00000000,0.00000000,0.00000000
2634.0,0.00383100,0.00000000,0.00000000,0.00000000,0.00000000
2635.0,0.00383100,0.00000000,0.00000000,0.00000000,0.00000000
2636.0,0.00383100,0.00000000,0.00000000,0.00000000,0.00000000
2637.0,0.00383100,0.00000000,0.00000000,0.00000000,0.00000000
2638.0,0.00383100,0.00000000,0.00000000,0.00000000,0.00000000
2639.0,0.00383100,0.00000000,0.00000000,0.00000000,0.00000000
2640.0,0.00383100,0.00000000,0.00000000,0.00000000,0.00000000
2641.0,0.00383100,0.00000000,0.00000000,0.00000000,0.00000000
2642.0,0.00383100,0.00000000,0.00000000,0.00000000,0.00000000
2643.0,0.00383100,0.00000000,0.00000000,0.00000000,0.00000000
2644.0,0.00383100,0.00000000,0.00000000,0.00000000,0.00000000
2645.0,0.00383100,0.00000000,0.00000000,0.00000000,0.00000000
2646.0,0.00383100,0.00000000,0.00000000,0.00000000,0.00000000
2647.0,0.00383100,0.00000000,0.00000000,0.00000000,0.00000000
2648.0,0.00383100,0.00000000,0.00000000,0.00000000,0.00000000
2649.0,0.00383100,0.00000000,0.00000000,0.00000000,0.00000000
2650.0,0.00383100,0.00000000,0.00000000,0.00000000,0.00000000
2651.0,0.00383100,0.00000000,0.00000000,0.00000000,0.00000000
2652.0,0.00383100,0.00000000,0.00000000,0.00000000,0.00000000
2653.0,0.00383100,0.00000000,0.00000000,0.00000000,0.00000000
2654.0,0.00383100,0.00000000,0.00000000,0.00000000,0.00000000
2655.0,0.00383100,0.00000000,0.00000000,0.00000000,0.00000000
2656.0,0.00383100,0.00000000,0.00000000,0.00000000,0.00000000
2657.0,0.00383100,0.00000000,0.00000000,0.00000000,0.00000000
2658.0,0.00383100,0.00000000,0.00000000,0.00000000,0.00000000
2659.0,0.00383100,0.00000000,0.00000000,0.00000000,0.00000000
2660.0,0.00383100,0.00000000,0.00000000,0.00000000,0.00000000
2661.0,0.00383100,0.00000000,0.00000000,0.00000000,0.00000000
2662.0,0.00383100,0.00000000,0.00000000,0.00000000,0.00000000
2663.0,0.00383100,0.00000000,0.00000000,0.00000000,0.00000000
2664.0,0.00383100,0.00000000,0.00000000,0.00000000,0.00000000
2665.0,0.00383100,0.00000000,0.00000000,0.00000000,0.00000000
2666.0,0.00383100,0.00000000,0.00000000,0.00000000,0.00000000
2667.0,0.00383100,0.00000000,0.00000000,0.00000000,0.00000000
2668.0,0.00383100,0.00000000,0.00000000,0.00000000,0.00000000
2669.0,0.00383100,0.00000000,0.00000000,0.00000000,0.00000000
2670.0,0.00383100,0.00000000,0.00000000,0.00000000,0.00000000
2671.0,0.00383100,0.00000000,0.00000000,0.00000000,0.00000000
2672.0,0.00383100,0.00000000,0.00000000,0.00000000,0.00000000
2673.0,0.00383100,0.00000000,0.00000000,0.00000000,0.00000000
2674.0,0.00383100,0.00000000,0.00000000,0.00000000,0.00000000
2675.0,0.00383100,0.00000000,0.00000000,0.00000000,0.00000000
2676.0,0.00342491,0.00000000,0.00000000,0.00000000,0.00000000
2677.0,0.00297094,0.00000000,0.00000000,0.00000000,0.00000000
2678.0,0.00251697,0.00000000,0.00000000,0.00000000,0.00000000
2679.0,0.00206299,0.00000000,0.00000000,0.00000000,0.00000000
2680.0,0.00160902,0.00000000,0.00000000,0.00000000,0.00000000
2681.0,0.00115505,0.00000000,0.00000000,0.00000000,0.00000000
2682.0,0.00070107,0.00000000,0.00000000,0.00000000,0.00000000
2683.0,0.00024710,0.00000000,0.00000000,0.00000000,0.00000000
2684.0,0.00000000,0.00000000,0.00000000,0.00000000,0.00000000
2685.0,0.00000000,0.00000000,0.00000000,0.00000000,0.00000000
2686.0,0.00000000,0.00000000,0.00000000,0.00000000,0.00000000
2687.0,0.00000000,0.00000000,0.00000000,0.00000000,0.00000000
2688.0,0.00000000,0.00000000,0.00000000,0.00000000,0.00000000
2689.0,0.00000000,0.00000000,0.00000000,0.00000000,0.00000000
2690.0,0.00000000,0.00000000,0.00000000,0.00000000,0.00000000
2691.0,0.00000000,0.00000000,0.00000000,0.00000000,0.00000000
2692.0,0.00000000,0.00000000,0.00000000,0.00000000,0.00000000
2693.0,0.00000000,0.00000000,0.00000000,0.00000000,0.00000000
2694.0,0.00000000,0.00000000,0.00000000,0.00000000,0.00000000
2695.0,0.00000000,0.00000000,0.00000000,0.00000000,0.00000000
2696.0,0.00000000,0.00000000,0.00000000,0.00000000,0.00000000
2697.0,0.00000000,0.00000000,0.00000000,0.00000000,0.00000000
2698.0,0.00000000,0.00000000,0.00000000,0.00000000,0.00000000
2699.0,0.00000000,0.00000000,0.00000000,0.00000000,0.00000000
2700.0,0.00000000,0.00000000,0.00000000,0.00000000,0.00000000
2701.0,0.00000000,0.00000000,0.00000000,0.00000000,0.00000000
2702.0,0.00000000,0.00000000,0.00000000,0.00000000,0.00000000
2703.0,0.00000000,0.00000000,0.00000000,0.00000000,0.00000000
2704.0,0.00000000,0.00000000,0.00000000,0.00000000,0.00000000
2705.0,0.00000000,0.00000000,0.00000000,0.00000000,0.00000000
2706.0,0.00000000,0.00000000,0.00000000,0.00000000,0.00000000
2707.0,0.00000000,0.00000000,0.00000000,0.00000000,0.00000000
2708.0,0.00000000,0.00000000,0.00000000,0.00000000,0.00000000
2709.0,0.00000000,0.00000000,0.00000000,0.00000000,0.00000000
2710.0,0.00000000,0.00000000,0.00000000,0.00000000,0.00000000
2711.0,0.00000000,0.00000000,0.00000000,0.00000000,0.00000000
2712.0,0.00000000,0.00000000,0.00000000,0.00000000,0.00000000
2713.0,0.00000000,0.00000000,0.00000000,0.00000000,0.00000000
2714.0,0.00000000,0.00000000,0.00000000,0.00000000,0.00000000
2715.0,0.00000000,0.00000000,0.00000000,0.00000000,0.00000000
2716.0,0.00000000,0.00000000,0.00000000,0.00000000,0.00000000
2717.0,0.00000000,0.00000000,0.00000000,0.00000000,0.00000000
2718.0,0.00000000,0.00000000,0.00000000,0.00000000,0.00000000
2719.0,0.00000000,0.00000000,0.00000000,0.00000000,0.00000000
2720.0,0.00000000,0.00000000,0.00000000,0.00000000,0.00000000
2721.0,0.00000000,0.00000000,0.00000000,0.00000000,0.00000000
2722.0,0.00000000,0.00000000,0.00000000,0.00000000,0.00000000
2723.0,0.00000000,0.00000000,0.00000000,0.00000000,0.00000000
2724.0,0.00000000,0.00000000,0.00000000,0.00000000,0.00000000
2725.0,0.00000000,0.00000000,0.00000000,0.00000000,0.00000000
2726.0,0.00000000,0.00000000,0.00000000,0.00000000,0.00000000
2727.0,0.00000000,0.00000000,0.00000000,0.00000000,0.00000000
2728.0,0.00000000,0.00000000,0.00000000,0.00000000,0.00000000
2729.0,0.00000000,0.00000000,0.00000000,0.00000000,0.00000000
2730.0,0.00000000,0.00000000,0.00000000,0.00000000,0.00000000
2731.0,0.00000000,0.00000000,0.00000000,0.00000000,0.00000000
2732.0,0.00000000,0.00000000,0.00000000,0.00000000,0.00000000
2733.0,0.00000000,0.00000000,0.00000000,0.00000000,0.00000000
2734.0,0.00000000,0.00000000,0.00000000,0.00000000,0.00000000
2735.0,0.00000000,0.00000000,0.00000000,0.00000000,0.00000000
2736.0,0.00000000,0.00000000,0.00000000,0.00000000,0.00000000
2737.0,0.00000000,0.00000000,0.00000000,0.00000000,0.00000000
2738.0,0.00000000,0.00000000,0.00000000,0.00000000,0.00000000
2739.0,0.00000000,0.00000000,0.00000000,0.00000000,0.00000000
2740.0,0.00000000,0.00000000,0.00000000,0.00000000,0.00000000
2741.0,0.00000000,0.00000000,0.00000000,0.00000000,0.00000000
2742.0,0.00000000,0.00000000,0.00000000,0.00000000,0.00000000
2743.0,0.00000000,0.00000000,0.00000000,0.00000000,0.00000000
2744.0,0.00000000,0.00000000,0.00000000,0.00000000,0.00000000
2745.0,0.00000000,0.00000000,0.00000000,0.00000000,0.00000000
2746.0,0.00000000,0.00000000,0.00000000,0.00000000,0.00000000
2747.0,0.00000000,0.00000000,0.00000000,0.00000000,0.00000000
2748.0,0.00000000,0.00000000,0.00000000,0.00000000,0.00000000
2749.0,0.00000000,0.00000000,0.00000000,0.00000000,0.00000000
2750.0,0.00000000,0.00000000,0.00000000,0.00000000,0.00000000
2751.0,0.00000000,0.00000000,0.00000000,0.00000000,0.00000000
2752.0,0.00000000,0.00000000,0.00000000,0.00000000,0.00000000
2753.0,0.00000000,0.00000000,0.00000000,0.00000000,0.00000000
2754.0,0.00000000,0.00000000,0.00000000,0.00000000,0.00000000
2755.0,0.00000000,0.00000000,0.00000000,0.00000000,0.00000000
2756.0,0.00000000,0.00000000,0.00000000,0.00000000,0.00000000
2757.0,0.00000000,0.00000000,0.00000000,0.00000000,0.00000000
2758.0,0.00000000,0.00000000,0.00000000,0.00000000,0.00000000
2759.0,0.00000000,0.00000000,0.00000000,0.00000000,0.00000000
2760.0,0.00000000,0.00000000,0.00000000,0.00000000,0.00000000
2761.0,0.00000000,0.00000000,0.00000000,0.00000000,0.00000000
2762.0,0.00000000,0.00000000,0.00000000,0.00000000,0.00000000
2763.0,0.00000000,0.00000000,0.00000000,0.00000000,0.00000000
2764.0,0.00000000,0.00000000,0.00000000,0.00000000,0.00000000
2765.0,0.00000000,0.00000000,0.00000000,0.00000000,0.00000000
2766.0,0.00000000,0.00000000,0.00000000,0.00000000,0.00000000
2767.0,0.00000000,0.00000000,0.00000000,0.00000000,0.00000000
2768.0,0.00003065,0.00000000,0.00000000,0.00000000,0.00000000
2769.0,0.00048462,0.00000000,0.00000000,0.00000000,0.00000000
2770.0,0.00093860,0.00000000,0.00000000,0.00000000,0.00000000
2771.0,0.00139257,0.00000000,0.00000000,0.00000000,0.00000000
2772.0,0.00184654,0.00000000,0.00000000,0.00000000,0.00000000
2773.0,0.00230052,0.00000000,0.00000000,0.00000000,0.00000000
2774.0,0.00275449,0.00000000,0.00000000,0.00000000,0.00000000
2775.0,0.00320846,0.00000000,0.00000000,0.00000000,0.00000000
2776.0,0.00366244,0.00000000,0.00000000,0.00000000,0.00000000
2777.0,0.00383100,0.00000000,0.00000000,0.00000000,0.00000000
2778.0,0.00383100,0.00000000,0.00000000,0.00000000,0.00000000
2779.0,0.00383100,0.00000000,0.00000000,0.00000000,0.00000000
2780.0,0.00383100,0.00000000,0.00000000,0.00000000,0.00000000
2781.0,0.00383100,0.00000000,0.00000000,0.00000000,0.00000000
2782.0,0.00383100,0.00000000,0.00000000,0.00000000,0.00000000
2783.0,0.00383100,0.00000000,0.00000000,0.00000000,0.00000000
2784.0,0.00383100,0.00000000,0.00000000,0.00000000,0.00000000
2785.0,0.00374480,0.00000000,0.00000000,0.00000000,0.00000000
2786.0,0.00329083,0.00000000,0.00000000,0.00000000,0.00000000
2787.0,0.00283686,0.00000000,0.00000000,0.00000000,0.00000000
2788.0,0.00238288,0.00000000,0.00000000,0.00000000,0.00000000
2789.0,0.00192891,0.00000000,0.00000000,0.00000000,0.00000000
2790.0,0.00147494,0.00000000,0.00000000,0.00000000,0.00000000
2791.0,0.00102096,0.00000000,0.00000000,0.00000000,0.00000000
2792.0,0.00056699,0.00000000,0.00000000,0.00000000,0.00000000
2793.0,0.00011301,0.00000000,0.00000000,0.00000000,0.00000000
2794.0,0.00000000,0.00000000,0.00000000,0.00000000,0.00000000
2795.0,0.00000000,0.00000000,0.00000000,0.00000000,0.00000000
2796.0,0.00000000,0.00000000,0.00000000,0.00000000,0.00000000
2797.0,0.00000000,0.00000000,0.00000000,0.00000000,0.00000000
2798.0,0.00000000,0.00000000,0.00000000,0.00000000,0.00000000
2799.0,0.00000000,0.00000000,0.00000000,0.00000000,0.00000000
2800.0,0.00000000,0.00000000,0.00000000,0.00000000,0.00000000
2801.0,0.00000000,0.00000000,0.00000000,0.00000000,0.00000000
2802.0,0.00014175,0.00000000,0.00000000,0.00000000,0.00000000
2803.0,0.00059572,0.00000000,0.00000000,0.00000000,0.00000000
2804.0,0.00104969,0.00000000,0.00000000,0.00000000,0.00000000
2805.0,0.00150367,0.00000000,0.00000000,0.00000000,0.00000000
2806.0,0.00195764,0.00000000,0.00000000,0.00000000,0.00000000
2807.0,0.00241161,0.00000000,0.00000000,0.00000000,0.00000000
2808.0,0.00286559,0.00000000,0.00000000,0.00000000,0.00000000
2809.0,0.00331956,0.00000000,0.00000000,0.00000000,0.00000000
2810.0,0.00377354,0.00000000,0.00000000,0.00000000,0.00000000
2811.0,0.00383100,0.00000000,0.00000000,0.00000000,0.00000000
2812.0,0.00383100,0.00000000,0.00000000,0.00000000,0.00000000
2813.0,0.00383100,0.00000000,0.00000000,0.00000000,0.00000000
2814.0,0.00383100,0.00000000,0.00000000,0.00000000,0.00000000
2815.0,0.00383100,0.00000000,0.00000000,0.00000000,0.00000000
2816.0,0.00383100,0.00000000,0.00000000,0.00000000,0.00000000
2817.0,0.00383100,0.00000000,0.00000000,0.00000000,0.00000000
2818.0,0.00383100,0.00000000,0.00000000,0.00000000,0.00000000
2819.0,0.00363370,0.00000000,0.00000000,0.00000000,0.00000000
2820.0,0.00317973,0.00000000,0.00000000,0.00000000,0.00000000
2821.0,0.00272576,0.00000000,0.00000000,0.00000000,0.00000000
2822.0,0.00227178,0.00000000,0.00000000,0.00000000,0.00000000
2823.0,0.00181781,0.00000000,0.00000000,0.00000000,0.00000000
2824.0,0.00136384,0.00000000,0.00000000,0.00000000,0.00000000
2825.0,0.00090986,0.00000000,0.00000000,0.00000000,0.00000000
2826.0,0.00045589,0.00000000,0.00000000,0.00000000,0.00000000
2827.0,0.00000192,0.00000000,0.00000000,0.00000000,0.00000000
2828.0,0.00045206,0.00000000,0.00000000,0.00000000,0.00000000
2829.0,0.00090603,0.00000000,0.00000000,0.00000000,0.00000000
2830.0,0.00136001,0.00000000,0.00000000,0.00000000,0.00000000
2831.0,0.00181398,0.00000000,0.00000000,0.00000000,0.00000000
2832.0,0.00226795,0.00000000,0.00000000,0.00000000,0.00000000
2833.0,0.00272193,0.00000000,0.00000000,0.00000000,0.00000000
2834.0,0.00317590,0.00000000,0.00000000,0.00000000,0.00000000
2835.0,0.00362987,0.00000000,0.00000000,0.00000000,0.00000000
2836.0,0.00357815,0.00000000,0.00000000,0.00000000,0.00000000
2837.0,0.00312418,0.00000000,0.00000000,0.00000000,0.00000000
2838.0,0.00267021,0.00000000,0.00000000,0.00000000,0.00000000
2839.0,0.00221623,0.00000000,0.00000000,0.00000000,0.00000000
2840.0,0.00176226,0.00000000,0.00000000,0.00000000,0.00000000
2841.0,0.00130829,0.00000000,0.00000000,0.00000000,0.00000000
2842.0,0.00085431,0.00000000,0.00000000,0.00000000,0.00000000
2843.0,0.00040034,0.00000000,0.00000000,0.00000000,0.00000000
2844.0,0.00000000,0.00000000,0.00000000,0.00000000,0.00000000
2845.0,0.00000000,0.00000000,0.00000000,0.00000000,0.00000000
2846.0,0.00000000,0.00000000,0.00000000,0.00000000,0.00000000
2847.0,0.00000000,0.00000000,0.00000000,0.00000000,0.00000000
2848.0,0.00000000,0.00000000,0.00000000,0.00000000,0.00000000
2849.0,0.00000000,0.00000000,0.00000000,0.00000000,0.00000000
2850.0,0.00000000,0.00000000,0.00000000,0.00000000,0.00000000
2851.0,0.00000000,0.00000000,0.00000000,0.00000000,0.00000000
2852.0,0.00000000,0.00000000,0.00000000,0.00000000,0.00000000
2853.0,0.00030840,0.00000000,0.00000000,0.00000000,0.00000000
2854.0,0.00076237,0.00000000,0.00000000,0.00000000,0.00000000
2855.0,0.00121634,0.00000000,0.00000000,0.00000000,0.00000000
2856.0,0.00167032,0.00000000,0.00000000,0.00000000,0.00000000
2857.0,0.00212429,0.00000000,0.00000000,0.00000000,0.00000000
2858.0,0.00257826,0.00000000,0.00000000,0.00000000,0.00000000
2859.0,0.00303224,0.00000000,0.00000000,0.00000000,0.00000000
2860.0,0.00348621,0.00000000,0.00000000,0.00000000,0.00000000
2861.0,0.00383100,0.00000000,0.00000000,0.00000000,0.00000000
2862.0,0.00383100,0.00000000,0.00000000,0.00000000,0.00000000
2863.0,0.00383100,0.00000000,0.00000000,0.00000000,0.00000000
2864.0,0.00383100,0.00000000,0.00000000,0.00000000,0.00000000
2865.0,0.00383100,0.00000000,0.00000000,0.00000000,0.00000000
2866.0,0.00383100,0.00000000,0.00000000,0.00000000,0.00000000
2867.0,0.00383100,0.00000000,0.00000000,0.00000000,0.00000000
2868.0,0.00383100,0.00000000,0.00000000,0.00000000,0.00000000
2869.0,0.00383100,0.00000000,0.00000000,0.00000000,0.00000000
2870.0,0.00383100,0.00000000,0.00000000,0.00000000,0.00000000
2871.0,0.00383100,0.00000000,0.00000000,0.00000000,0.00000000
2872.0,0.00383100,0.00000000,0.00000000,0.00000000,0.00000000
2873.0,0.00383100,0.00000000,0.00000000,0.00000000,0.00000000
2874.0,0.00383100,0.00000000,0.00000000,0.00000000,0.00000000
2875.0,0.00383100,0.00000000,0.00000000,0.00000000,0.00000000
2876.0,0.00383100,0.00000000,0.00000000,0.00000000,0.00000000
2877.0,0.00383100,0.00000000,0.00000000,0.00000000,0.00000000
2878.0,0.00383100,0.00000000,0.00000000,0.00000000,0.00000000
2879.0,0.00383100,0.00000000,0.00000000,0.00000000,0.00000000
2880.0,0.00383100,0.00000000,0.00000000,0.00000000,0.00000000
2881.0,0.00383100,0.00000000,0.00000000,0.00000000,0.00000000
2882.0,0.00383100,0.00000000,0.00000000,0.00000000,0.00000000
2883.0,0.00383100,0.00000000,0.00000000,0.00000000,0.00000000
2884.0,0.00383100,0.00000000,0.00000000,0.00000000,0.00000000
2885.0,0.00383100,0.00000000,0.00000000,0.00000000,0.00000000
2886.0,0.00383100,0.00000000,0.00000000,0.00000000,0.00000000
2887.0,0.00383100,0.00000000,0.00000000,0.00000000,0.00000000
2888.0,0.00383100,0.00000000,0.00000000,0.00000000,0.00000000
2889.0,0.00383100,0.00000000,0.00000000,0.00000000,0.00000000
2890.0,0.00383100,0.00000000,0.00000000,0.00000000,0.00000000
2891.0,0.00383100,0.00000000,0.00000000,0.00000000,0.00000000
2892.0,0.00383100,0.00000000,0.00000000,0.00000000,0.00000000
2893.0,0.00383100,0.00000000,0.00000000,0.00000000,0.00000000
2894.0,0.00383100,0.00000000,0.00000000,0.00000000,0.00000000
2895.0,0.00383100,0.00000000,0.00000000,0.00000000,0.00000000
2896.0,0.00383100,0.00000000,0.00000000,0.00000000,0.00000000
2897.0,0.00383100,0.00000000,0.00000000,0.00000000,0.00000000
2898.0,0.00383100,0.00000000,0.00000000,0.00000000,0.00000000
2899.0,0.00383100,0.00000000,0.00000000,0.00000000,0.00000000
2900.0,0.00383100,0.00000000,0.00000000,0.00000000,0.00000000
2901.0,0.00383100,0.00000000,0.00000000,0.00000000,0.00000000
2902.0,0.00383100,0.00000000,0.00000000,0.00000000,0.00000000
2903.0,0.00383100,0.00000000,0.00000000,0.00000000,0.00000000
2904.0,0.00383100,0.00000000,0.00000000,0.00000000,0.00000000
2905.0,0.00383100,0.00000000,0.00000000,0.00000000,0.00000000
2906.0,0.00383100,0.00000000,0.00000000,0.00000000,0.00000000
2907.0,0.00383100,0.00000000,0.00000000,0.00000000,0.00000000
2908.0,0.00383100,0.00000000,0.00000000,0.00000000,0.00000000
2909.0,0.00383100,0.00000000,0.00000000,0.00000000,0.00000000
2910.0,0.00383100,0.00000000,0.00000000,0.00000000,0.00000000
2911.0,0.00383100,0.00000000,0.00000000,0.00000000,0.00000000
2912.0,0.00383100,0.00000000,0.00000000,0.00000000,0.00000000
2913.0,0.00383100,0.00000000,0.00000000,0.00000000,0.00000000
2914.0,0.00383100,0.00000000,0.00000000,0.00000000,0.00000000
2915.0,0.00383100,0.00000000,0.00000000,0.00000000,0.00000000
2916.0,0.00383100,0.00000000,0.00000000,0.00000000,0.00000000
2917.0,0.00383100,0.00000000,0.00000000,0.00000000,0.00000000
2918.0,0.00383100,0.00000000,0.00000000,0.00000000,0.00000000
2919.0,0.00383100,0.00000000,0.00000000,0.00000000,0.00000001
2920.0,0.00383100,0.00000000,0.00000000,0.00000000,0.00000002
2921.0,0.00383100,0.00000000,0.00000000,0.00000000,0.00000003
2922.0,0.00383100,0.00000000,0.00000000,0.00000000,0.00000007
2923.0,0.00383100,0.00000000,0.00000000,0.00000000,0.00000013
2924.0,0.00383100,0.00000000,0.00000000,0.00000000,0.00000024
2925.0,0.00383100,0.00000000,0.00000000,0.00000000,0.00000044
2926.0,0.00383100,0.00000000,0.00000000,0.00000000,0.00000081
2927.0,0.00383100,0.00000000,0.00000000,0.00000000,0.00000146
2928.0,0.00383100,0.00000000,0.00000000,0.00000000,0.00000259
2929.0,0.00383100,0.00000000,0.00000000,0.00000000,0.00000456
2930.0,0.00383100,0.00000000,0.00000000,0.00000000,0.00000790
2931.0,0.00383100,0.00000000,0.00000000,0.00000000,0.00001349
2932.0,0.00383100,0.00000000,0.00000000,0.00000000,0.00002274
2933.0,0.00383100,0.00000000,0.00000000,0.00000000,0.00003780
2934.0,0.00383100,0.00000000,0.00000000,0.00000000,0.00006197
2935.0,0.00383100,0.00000000,0.00000000,0.00000000,0.00010019
2936.0,0.00383100,0.00000000,0.00000000,0.00000000,0.00015975
2937.0,0.00383100,0.00000000,0.00000000,0.00000000,0.00025122
2938.0,0.00383100,0.00000000,0.00000000,0.00000000,0.00038961
2939.0,0.00383100,0.00000000,0.00000000,0.00000000,0.00059592
2940.0,0.00383100,0.00000000,0.00000000,0.00000000,0.00089893
2941.0,0.00383100,0.00000000,0.00000000,0.00000000,0.00133734
2942.0,0.00383100,0.00000000,0.00000000,0.00000000,0.00196218
2943.0,0.00383100,0.00000000,0.00000000,0.00000000,0.00283933
2944.0,0.00383100,0.00000000,0.00000000,0.00000000,0.00405202
2945.0,0.00383100,0.00000000,0.00000000,0.00000000,0.00570304
2946.0,0.00383100,0.00000000,0.00000000,0.00000000,0.00791627
2947.0,0.00383100,0.00000000,0.00000000,0.00000000,0.01083714
2948.0,0.00383100,0.00000000,0.00000000,0.00000000,0.01463147
2949.0,0.00383100,0.00000000,0.00000000,0.00000000,0.01948231
2950.0,0.00383100,0.00000000,0.00000000,0.00000000,0.02558424
2951.0,0.00383100,0.00000000,0.00000000,0.00000000,0.03313477
2952.0,0.00383100,0.00000000,0.00000000,0.00000000,0.04232284
2953.0,0.00383100,0.00000000,0.00000000,0.00000000,0.05331446
2954.0,0.00383100,0.00000000,0.00000000,0.00000000,0.06623608
2955.0,0.00383100,0.00000000,0.00000000,0.00000000,0.08115656
2956.0,0.00383100,0.00000000,0.00000000,0.00000000,0.09806907
2957.0,0.00383100,0.00000000,0.00000000,0.00000000,0.11687454
2958.0,0.00383100,0.00000000,0.00000000,0.00000000,0.13736849
2959.0,0.00383100,0.00000000,0.00000000,0.00000000,0.15923325
2960.0,0.00383100,0.00000000,0.00000000,0.00000000,0.18203705
2961.0,0.00383100,0.00000000,0.00000000,0.00000000,0.20524152
2962.0,0.00383100,0.00000000,0.00000000,0.00000000,0.22821808
2963.0,0.00383100,0.00000000,0.00000000,0.00000000,0.25027317
2964.0,0.00383100,0.00000000,0.00000000,0.00000000,0.27068109
2965.0,0.00383100,0.00000000,0.00000000,0.00000000,0.28872271
2966.0,0.00383100,0.00000000,0.00000000,0.00000000,0.30372699
2967.0,0.00383100,0.00000000,0.00000000,0.00000000,0.31511220
2968.0,0.00383100,0.00000000,0.00000000,0.00000000,0.32242332
2969.0,0.00383100,0.00000000,0.00000000,0.00000000,0.32536218
2970.0,0.00383100,0.00000000,0.00000000,0.00000000,0.32380765
2971.0,0.00431760,0.00000000,0.00000000,0.00000000,0.31782389
2972.0,0.00522567,0.00000000,0.00000000,0.00000000,0.30765599
2973.0,0.00613373,0.00000000,0.00000000,0.00000000,0.29371329
2974.0,0.00704180,0.00000000,0.00000000,0.00000000,0.27654208
2975.0,0.00794986,0.00000000,0.00000000,0.00000000,0.25679009
2976.0,0.00885793,0.00000000,0.00000000,0.00000000,0.23516609
2977.0,0.00976599,0.00000000,0.00000000,0.00000000,0.21239805
2978.0,0.01067406,0.00000000,0.00000000,0.00000000,0.18919330
2979.0,0.01149400,0.00000000,0.00000000,0.00000000,0.16620359
2980.0,0.01149400,0.00000000,0.00000000,0.00000000,0.14399733
2981.0,0.01149400,0.00000000,0.00000000,0.00000000,0.12304043
2982.0,0.01149400,0.00000000,0.00000000,0.00000000,0.10368614
2983.0,0.01149400,0.00000000,0.00000000,0.00000000,0.08617334
2984.0,0.01149400,0.00000000,0.00000000,0.00000000,0.07063250
2985.0,0.01149400,0.00000000,0.00000000,0.00000000,0.05709730
2986.0,0.01149400,0.00000000,0.00000000,0.00000000,0.04552039
2987.0,0.01149400,0.00000000,0.00000000,0.00000000,0.03579117
2988.0,0.01089629,0.00000000,0.00000000,0.00000000,0.02775397
2989.0,0.00998822,0.00000000,0.00000000,0.00000000,0.02122529
2990.0,0.00908015,0.00000000,0.00000000,0.00000000,0.01600891
2991.0,0.00817209,0.00000000,0.00000000,0.00000000,0.01190828
2992.0,0.00726402,0.00000000,0.00000000,0.00000000,0.00873607
2993.0,0.00635596,0.00000000,0.00000000,0.00000000,0.00632066
2994.0,0.00544789,0.00000000,0.00000000,0.00000000,0.00451012
2995.0,0.00453983,0.00000000,0.00000000,0.00000000,0.00317390
2996.0,0.00403024,0.00000000,0.00000000,0.00000000,0.00220281
2997.0,0.00493830,0.00000000,0.00000000,0.00000000,0.00150779
2998.0,0.00584637,0.00000000,0.00000000,0.00000000,0.00101785
2999.0,0.00675443,0.00000000,0.00000000,0.00000000,0.00067765
3000.0,0.00766250,0.00000000,0.00000000,0.00000000,0.00044495
3001.0,0.00857057,0.00000000,0.00000000,0.00000001,0.00028813
3002.0,0.00947863,0.00000000,0.00000000,0.00000001,0.00018401
3003.0,0.01038670,0.00000000,0.00000000,0.00000003,0.00011590
3004.0,0.01129476,0.00000000,0.00000000,0.00000005,0.00007200
3005.0,0.01220283,0.00000000,0.00000000,0.00000010,0.00004411
3006.0,0.01311089,0.00000000,0.00000000,0.00000018,0.00002665
3007.0,0.01401896,0.00000000,0.00000000,0.00000032,0.00001588
3008.0,0.01492702,0.00000000,0.00000000,0.00000058,0.00000933
3009.0,0.01583509,0.00000000,0.00000000,0.00000102,0.00000541
3010.0,0.01674315,0.00000000,0.00000000,0.00000177,0.00000309
3011.0,0.01765122,0.00000000,0.00000000,0.00000302,0.00000174
3012.0,0.01855929,0.00000000,0.00000000,0.00000510,0.00000097
3013.0,0.01884665,0.00000000,0.00000000,0.00000850,0.00000053
3014.0,0.01793858,0.00000000,0.00000001,0.00001395,0.00000029
3015.0,0.01703052,0.00000000,0.00000001,0.00002258,0.00000016
3016.0,0.01612245,0.00000000,0.00000003,0.00003606,0.00000009
3017.0,0.01521439,0.00000000,0.00000005,0.00005679,0.00000005
3018.0,0.01430632,0.00000000,0.00000009,0.00008821,0.00000004
3019.0,0.01339826,0.00000000,0.00000017,0.00013511,0.00000004
3020.0,0.01249019,0.00000000,0.00000032,0.00020412,0.00000007
3021.0,0.01158212,0.00000000,0.00000058,0.00030412,0.00000011
3022.0,0.01149400,0.00000000,0.00000103,0.00044688,0.00000020
3023.0,0.01149400,0.00000000,0.00000182,0.00064761,0.00000035
3024.0,0.01149400,0.00000000,0.00000317,0.00092561,0.00000060
3025.0,0.01149400,0.00000000,0.00000544,0.00130474,0.00000104
3026.0,0.01149400,0.00000000,0.00000919,0.00181387,0.00000175
3027.0,0.01149400,0.00000000,0.00001533,0.00248701,0.00000293
3028.0,0.01149400,0.00000000,0.00002523,0.00336311,0.00000483
3029.0,0.01149400,0.00000000,0.00004093,0.00448538,0.00000785
3030.0,0.01191546,0.00000000,0.00006550,0.00590009,0.00001258
3031.0,0.01282353,0.00000000,0.00010338,0.00765462,0.00001989
3032.0,0.01373160,0.00000000,0.00016094,0.00979496,0.00003102
3033.0,0.01463966,0.00000001,0.00024712,0.01236249,0.00004771
3034.0,0.01554773,0.00000002,0.00037428,0.01539028,0.00007238
3035.0,0.01645579,0.00000003,0.00055916,0.01889910,0.00010831
3036.0,0.01736386,0.00000006,0.00082400,0.02289347,0.00015987
3037.0,0.01827192,0.00000011,0.00119780,0.02735815,0.00023277
3038.0,0.01917999,0.00000021,0.00171764,0.03225540,0.00033434
3039.0,0.02008805,0.00000038,0.00242987,0.03752372,0.00047374
3040.0,0.02099612,0.00000070,0.00339125,0.04307820,0.00066225
3041.0,0.02190419,0.00000126,0.00466970,0.04881296,0.00091338
3042.0,0.02281225,0.00000223,0.00634455,0.05460573,0.00124298
3043.0,0.02372032,0.00000391,0.00850608,0.06032455,0.00166914
3044.0,0.02462838,0.00000674,0.01125426,0.06583620,0.00221198
3045.0,0.02553645,0.00001148,0.01469641,0.07101586,0.00289318
3046.0,0.02644451,0.00001928,0.01894382,0.07575718,0.00373540
3047.0,0.02761883,0.00003193,0.02410747,0.07998187,0.00476136
3048.0,0.02898087,0.00005216,0.03029272,0.08364778,0.00599291
3049.0,0.03034291,0.00008404,0.03759367,0.08675464,0.00744987
3050.0,0.03170495,0.00013354,0.04608731,0.08934661,0.00914890
3051.0,0.03306699,0.00020930,0.05582815,0.09151118,0.01110251
3052.0,0.03442903,0.00032356,0.06684387,0.09337431,0.01331818
3053.0,0.03579107,0.00049336,0.07913262,0.09509206,0.01579793
3054.0,0.03715311,0.00074204,0.09266228,0.09683935,0.01853818
3055.0,0.03965500,0.00110087,0.10737209,0.09879683,0.02153022
3056.0,0.04873554,0.00161108,0.12317672,0.10113719,0.02476105
3057.0,0.05781608,0.00232585,0.13997221,0.10401203,0.02821469
3058.0,0.06689662,0.00331246,0.15764365,0.10754089,0.03187382
3059.0,0.07597715,0.00465419,0.17607339,0.11180332,0.03572146
3060.0,0.08505769,0.00645189,0.19514899,0.11683484,0.03974262
3061.0,0.09413823,0.00882492,0.21476987,0.12262726,0.04392558
3062.0,0.10321876,0.01191102,0.23485161,0.12913311,0.04826268
3063.0,0.11229930,0.01586513,0.25532729,0.13627380,0.05275032
3064.0,0.12105787,0.02085654,0.27614547,0.14395034,0.05738826
3065.0,0.12968419,0.02706456,0.29726473,0.15205564,0.06217807
3066.0,0.13831052,0.03467246,0.31864546,0.16048676,0.06712084
3067.0,0.14693684,0.04386007,0.34023942,0.16915587,0.07221446
3068.0,0.15556317,0.05479520,0.36197846,0.17799869,0.07745050
3069.0,0.16418949,0.06762477,0.38376340,0.18697946,0.08281117
3070.0,0.17281582,0.08246613,0.40545457,0.19609183,0.08826655
3071.0,0.18144214,0.09939979,0.42686498,0.20535566,0.09377245
3072.0,0.18761641,0.11846421,0.44775712,0.21480999,0.09926906
3073.0,0.18716243,0.13965362,0.46784412,0.22450287,0.10468067
3074.0,0.18670846,0.16291933,0.48679558,0.23447912,0.10991655
3075.0,0.18625449,0.18817476,0.50424816,0.24476720,0.11487308
3076.0,0.18580051,0.21530388,0.51982067,0.25536662,0.11943710
3077.0,0.18534654,0.24417217,0.53313331,0.26623720,0.12349040
3078.0,0.18489257,0.27463901,0.54383014,0.27729141,0.12691533
3079.0,0.18443859,0.30656970,0.55160376,0.28839086,0.12960115
3080.0,0.18398462,0.33984548,0.55622088,0.29934750,0.13145089
3081.0,0.16768002,0.37436969,0.55754698,0.30993001,0.13238838
3082.0,0.14815703,0.41006880,0.55556825,0.31987492,0.13236493
3083.0,0.12863404,0.44688750,0.55040854,0.32890207,0.13136516
3084.0,0.10911104,0.48477758,0.54233927,0.33673293,0.12941138
3085.0,0.08958805,0.52368151,0.53178035,0.34311047,0.12656612
3086.0,0.07006506,0.56351209,0.51929065,0.34781853,0.12293223
3087.0,0.05054207,0.60413051,0.50554718,0.35069872,0.11865037
3088.0,0.03101907,0.64532521,0.49131328,0.35166306,0.11389374
3089.0,0.01880067,0.68679467,0.47739699,0.35070073,0.10886011
3090.0,0.01789261,0.72813647,0.46460183,0.34787808,0.10376169
3091.0,0.01698454,0.76884501,0.45367348,0.34333155,0.09881328
3092.0,0.01607647,0.80831939,0.44524621,0.33725416,0.09421959
3093.0,0.01516841,0.84588196,0.43979365,0.32987690,0.09016262
3094.0,0.01426034,0.88080731,0.43758805,0.32144713,0.08679003
3095.0,0.01335228,0.91236025,0.43867216,0.31220619,0.08420552
3096.0,0.01244421,0.93984043,0.44284661,0.30236910,0.08246184
3097.0,0.01153615,0.96263063,0.44967448,0.29210835,0.08155721
3098.0,0.01106110,0.98024483,0.45850349,0.28154376,0.08143531
3099.0,0.01060712,0.99237216,0.46850447,0.27073927,0.08198899
3100.0,0.01015315,0.99891248,0.47872351,0.25970698,0.08306736
3101.0,0.00969918,1.00000000,0.48814371,0.24841735,0.08448586
3102.0,0.00924520,0.99601166,0.49575204,0.23681426,0.08603846
3103.0,0.00879123,0.98755823,0.50060577,0.22483268,0.08751111
3104.0,0.00833726,0.97545738,0.50189363,0.21241666,0.08869552
3105.0,0.00788328,0.96068944,0.49898670,0.19953538,0.08940212
3106.0,0.00742925,0.94433814,0.49147571,0.18619531,0.08947150
3107.0,0.00697516,0.92752024,0.47919192,0.17244732,0.08878329
3108.0,0.00652106,0.91130926,0.46221078,0.15838809,0.08726219
3109.0,0.00606697,0.89665908,0.44083884,0.14415603,0.08488062
3110.0,0.00561288,0.88433384,0.41558565,0.12992253,0.08165810
3111.0,0.00515879,0.87485008,0.38712371,0.11587987,0.07765750
3112.0,0.00470470,0.86843611,0.35624041,0.10222740,0.07297873
3113.0,0.00425060,0.86501234,0.32378594,0.08915755,0.06775036
3114.0,0.00383100,0.86419431,0.29062168,0.07684321,0.06212010
3115.0,0.00383100,0.86531845,0.25757264,0.06542758,0.05624485
3116.0,0.00383100,0.86748839,0.22538721,0.05501729,0.05028109
3117.0,0.00383100,0.86963813,0.19470636,0.04567888,0.04437634
3118.0,0.00383100,0.87060707,0.16604331,0.03743882,0.03866213
3119.0,0.00383100,0.86922091,0.13977398,0.03028633,0.03324888
3120.0,0.00383100,0.86437231,0.11613727,0.02417846,0.02822278
3121.0,0.00383100,0.85509543,0.09524372,0.01904664,0.02364462
3122.0,0.00383100,0.84062913,0.07709063,0.01480386,0.01955041
3123.0,0.00383100,0.82046470,0.06158146,0.01135179,0.01595340
3124.0,0.00383100,0.79437539,0.04854734,0.00858734,0.01284724
3125.0,0.00383100,0.76242643,0.03776877,0.00640820,0.01020965
3126.0,0.00383100,0.72496588,0.02899600,0.00471712,0.00800653
3127.0,0.00383100,0.68259764,0.02196684,0.00342504,0.00619580
3128.0,0.00383100,0.63613981,0.01642134,0.00245296,0.00473106
3129.0,0.00383100,0.58657175,0.01211292,0.00173277,0.00356466
3130.0,0.00383100,0.53497446,0.00881610,0.00120728,0.00265011
3131.0,0.00383100,0.48246864,0.00633112,0.00082963,0.00194395
3132.0,0.00383100,0.43015500,0.00448591,0.00056230,0.00140694
3133.0,0.00383100,0.37906053,0.00313601,0.00037588,0.00100467
3134.0,0.00383100,0.33009408,0.00216296,0.00024782,0.00070781
3135.0,0.00383100,0.28401330,0.00147183,0.00016114,0.00049199
3136.0,0.00383100,0.24140408,0.00098808,0.00010334,0.00033738
3137.0,0.00383100,0.20267245,0.00065441,0.00006536,0.00022825
3138.0,0.00383100,0.16804802,0.00042758,0.00004077,0.00015235
3139.0,0.00383100,0.13759720,0.00027560,0.00002508,0.00010031
3140.0,0.00383100,0.11124394,0.00017525,0.00001522,0.00006516
3141.0,0.00383100,0.08879539,0.00010993,0.00000911,0.00004175
3142.0,0.00383100,0.06997000,0.00006802,0.00000537,0.00002639
3143.0,0.00383100,0.05442569,0.00004152,0.00000313,0.00001646
3144.0,0.00383100,0.04178618,0.00002500,0.00000180,0.00001012
3145.0,0.00383100,0.03166408,0.00001485,0.00000102,0.00000614
3146.0,0.00383100,0.02367978,0.00000870,0.00000057,0.00000368
3147.0,0.00383100,0.01747587,0.00000503,0.00000031,0.00000217
3148.0,0.00383100,0.01272699,0.00000287,0.00000017,0.00000126
3149.0,0.00383100,0.00914569,0.00000161,0.00000009,0.00000073
3150.0,0.00383100,0.00648471,0.00000089,0.00000005,0.00000041
3151.0,0.00383100,0.00453658,0.00000049,0.00000003,0.00000023
3152.0,0.00383100,0.00313123,0.00000026,0.00000001,0.00000013
3153.0,0.00383100,0.00213222,0.00000014,0.00000001,0.00000007
3154.0,0.00383100,0.00143241,0.00000007,0.00000000,0.00000004
3155.0,0.00383100,0.00094931,0.00000004,0.00000000,0.00000002
3156.0,0.00383100,0.00062064,0.00000002,0.00000000,0.00000001
3157.0,0.00383100,0.00040027,0.00000001,0.00000000,0.00000001
3158.0,0.00383100,0.00025465,0.00000000,0.00000000,0.00000000
3159.0,0.00383100,0.00015981,0.00000000,0.00000000,0.00000000
3160.0,0.00383100,0.00009892,0.00000000,0.00000000,0.00000000
3161.0,0.00383100,0.00006040,0.00000000,0.00000000,0.00000000
3162.0,0.00383100,0.00003638,0.00000000,0.00000000,0.00000000
3163.0,0.00383100,0.00002161,0.00000000,0.00000000,0.00000000
3164.0,0.00383100,0.00001266,0.00000000,0.00000000,0.00000000
3165.0,0.00383100,0.00000732,0.00000000,0.00000000,0.00000000
3166.0,0.00383100,0.00000417,0.00000000,0.00000000,0.00000000
3167.0,0.00383100,0.00000235,0.00000000,0.00000000,0.00000000
3168.0,0.00383100,0.00000130,0.00000000,0.00000000,0.00000000
3169.0,0.00383100,0.00000071,0.00000000,0.00000000,0.00000000
3170.0,0.00383100,0.00000038,0.00000000,0.00000000,0.00000000
3171.0,0.00383100,0.00000020,0.00000000,0.00000000,0.00000000
3172.0,0.00383100,0.00000011,0.00000000,0.00000000,0.00000000
3173.0,0.00383100,0.00000006,0.00000000,0.00000000,0.00000000
3174.0,0.00383100,0.00000003,0.00000000,0.00000000,0.00000000
3175.0,0.00383100,0.00000001,0.00000000,0.00000000,0.00000000
3176.0,0.00383100,0.00000001,0.00000000,0.00000000,0.00000000
3177.0,0.00383100,0.00000000,0.00000000,0.00000000,0.00000000
3178.0,0.00383100,0.00000000,0.00000000,0.00000000,0.00000000
3179.0,0.00383100,0.00000000,0.00000000,0.00000000,0.00000000
3180.0,0.00383100,0.00000000,0.00000000,0.00000000,0.00000000
3181.0,0.00383100,0.00000000,0.00000000,0.00000000,0.00000000
3182.0,0.00357432,0.00000000,0.00000000,0.00000000,0.00000000
3183.0,0.00312035,0.00000000,0.00000000,0.00000000,0.00000000
3184.0,0.00266638,0.00000000,0.00000000,0.00000000,0.00000000
3185.0,0.00221240,0.00000000,0.00000000,0.00000000,0.00000000
3186.0,0.00175843,0.00000000,0.00000000,0.00000000,0.00000000
3187.0,0.00130446,0.00000000,0.00000000,0.00000000,0.00000000
3188.0,0.00085048,0.00000000,0.00000000,0.00000000,0.00000000
3189.0,0.00039651,0.00000000,0.00000000,0.00000000,0.00000000
3190.0,0.00005746,0.00000000,0.00000000,0.00000000,0.00000000
3191.0,0.00051144,0.00000000,0.00000000,0.00000000,0.00000000
3192.0,0.00096541,0.00000000,0.00000000,0.00000000,0.00000000
3193.0,0.00141939,0.00000000,0.00000000,0.00000000,0.00000000
3194.0,0.00187336,0.00000000,0.00000000,0.00000000,0.00000000
3195.0,0.00232733,0.00000000,0.00000000,0.00000000,0.00000000
3196.0,0.00278131,0.00000000,0.00000000,0.00000000,0.00000000
3197.0,0.00323528,0.00000000,0.00000000,0.00000000,0.00000000
3198.0,0.00368925,0.00000000,0.00000000,0.00000000,0.00000000
3199.0,0.00383100,0.00000000,0.00000000,0.00000000,0.00000000
3200.0,0.00383100,0.00000000,0.00000000,0.00000000,0.00000000
3201.0,0.00383100,0.00000000,0.00000000,0.00000000,0.00000000
3202.0,0.00383100,0.00000000,0.00000000,0.00000000,0.00000000
3203.0,0.00383100,0.00000000,0.00000000,0.00000000,0.00000000
3204.0,0.00383100,0.00000000,0.00000000,0.00000000,0.00000000
3205.0,0.00383100,0.00000000,0.00000000,0.00000000,0.00000000
3206.0,0.00383100,0.00000000,0.00000000,0.00000000,0.00000000
3207.0,0.00383100,0.00000000,0.00000000,0.00000000,0.00000000
3208.0,0.00383100,0.00000000,0.00000000,0.00000000,0.00000000
3209.0,0.00383100,0.00000000,0.00000000,0.00000000,0.00000000
3210.0,0.00383100,0.00000000,0.00000000,0.00000000,0.00000000
3211.0,0.00383100,0.00000000,0.00000000,0.00000000,0.00000000
3212.0,0.00383100,0.00000000,0.00000000,0.00000000,0.00000000
3213.0,0.00383100,0.00000000,0.00000000,0.00000000,0.00000000
3214.0,0.00383100,0.00000000,0.00000000,0.00000000,0.00000000
3215.0,0.00383100,0.00000000,0.00000000,0.00000000,0.00000000
3216.0,0.00346322,0.00000000,0.00000000,0.00000000,0.00000000
3217.0,0.00300925,0.00000000,0.00000000,0.00000000,0.00000000
3218.0,0.00255528,0.00000000,0.00000000,0.00000000,0.00000000
3219.0,0.00210130,0.00000000,0.00000000,0.00000000,0.00000000
3220.0,0.00164733,0.00000000,0.00000000,0.00000000,0.00000000
3221.0,0.00119336,0.00000000,0.00000000,0.00000000,0.00000000
3222.0,0.00073938,0.00000000,0.00000000,0.00000000,0.00000000
3223.0,0.00028541,0.00000000,0.00000000,0.00000000,0.00000000
3224.0,0.00000000,0.00000000,0.00000000,0.00000000,0.00000000
3225.0,0.00000000,0.00000000,0.00000000,0.00000000,0.00000000
3226.0,0.00000000,0.00000000,0.00000000,0.00000000,0.00000000
3227.0,0.00000000,0.00000000,0.00000000,0.00000000,0.00000000
3228.0,0.00000000,0.00000000,0.00000000,0.00000000,0.00000000
3229.0,0.00000000,0.00000000,0.00000000,0.00000000,0.00000000
3230.0,0.00000000,0.00000000,0.00000000,0.00000000,0.00000000
3231.0,0.00000000,0.00000000,0.00000000,0.00000000,0.00000000
3232.0,0.00000000,0.00000000,0.00000000,0.00000000,0.00000000
3233.0,0.00000000,0.00000000,0.00000000,0.00000000,0.00000000
3234.0,0.00000000,0.00000000,0.00000000,0.00000000,0.00000000
3235.0,0.00000000,0.00000000,0.00000000,0.00000000,0.00000000
3236.0,0.00000000,0.00000000,0.00000000,0.00000000,0.00000000
3237.0,0.00000000,0.00000000,0.00000000,0.00000000,0.00000000
3238.0,0.00000000,0.00000000,0.00000000,0.00000000,0.00000000
3239.0,0.00000000,0.00000000,0.00000000,0.00000000,0.00000000
3240.0,0.00000000,0.00000000,0.00000000,0.00000000,0.00000000
3241.0,0.00000000,0.00000000,0.00000000,0.00000000,0.00000000
3242.0,0.00000000,0.00000000,0.00000000,0.00000000,0.00000000
3243.0,0.00000000,0.00000000,0.00000000,0.00000000,0.00000000
3244.0,0.00000000,0.00000000,0.00000000,0.00000000,0.00000000
3245.0,0.00000000,0.00000000,0.00000000,0.00000000,0.00000000
3246.0,0.00000000,0.00000000,0.00000000,0.00000000,0.00000000
3247.0,0.00000000,0.00000000,0.00000000,0.00000000,0.00000000
3248.0,0.00000000,0.00000000,0.00000000,0.00000000,0.00000000
3249.0,0.00000000,0.00000000,0.00000000,0.00000000,0.00000000
3250.0,0.00000000,0.00000000,0.00000000,0.00000000,0.00000000
3251.0,0.00000000,0.00000000,0.00000000,0.00000000,0.00000000
3252.0,0.00000000,0.00000000,0.00000000,0.00000000,0.00000000
3253.0,0.00000000,0.00000000,0.00000000,0.00000000,0.00000000
3254.0,0.00000000,0.00000000,0.00000000,0.00000000,0.00000000
3255.0,0.00000000,0.00000000,0.00000000,0.00000000,0.00000000
3256.0,0.00000000,0.00000000,0.00000000,0.00000000,0.00000000
3257.0,0.00000000,0.00000000,0.00000000,0.00000000,0.00000000
3258.0,0.00000000,0.00000000,0.00000000,0.00000000,0.00000000
3259.0,0.00000000,0.00000000,0.00000000,0.00000000,0.00000000
3260.0,0.00000000,0.00000000,0.00000000,0.00000000,0.00000000
3261.0,0.00000000,0.00000000,0.00000000,0.00000000,0.00000000
3262.0,0.00000000,0.00000000,0.00000000,0.00000000,0.00000000
3263.0,0.00000000,0.00000000,0.00000000,0.00000000,0.00000000
3264.0,0.00000000,0.00000000,0.00000000,0.00000000,0.00000000
3265.0,0.00000000,0.00000000,0.00000000,0.00000000,0.00000000
3266.0,0.00000000,0.00000000,0.00000000,0.00000000,0.00000000
3267.0,0.00000000,0.00000000,0.00000000,0.00000000,0.00000000
3268.0,0.00000000,0.00000000,0.00000000,0.00000000,0.00000000
3269.0,0.00000000,0.00000000,0.00000000,0.00000000,0.00000000
3270.0,0.00000000,0.00000000,0.00000000,0.00000000,0.00000000
3271.0,0.00000000,0.00000000,0.00000000,0.00000000,0.00000000
3272.0,0.00000000,0.00000000,0.00000000,0.00000000,0.00000000
3273.0,0.00000000,0.00000000,0.00000000,0.00000000,0.00000000
3274.0,0.00000000,0.00000000,0.00000000,0.00000000,0.00000000
3275.0,0.00000000,0.00000000,0.00000000,0.00000000,0.00000000
3276.0,0.00000000,0.00000000,0.00000000,0.00000000,0.00000000
3277.0,0.00000000,0.00000000,0.00000000,0.00000000,0.00000000
3278.0,0.00000000,0.00000000,0.00000000,0.00000000,0.00000000
3279.0,0.00000000,0.00000000,0.00000000,0.00000000,0.00000000
3280.0,0.00000000,0.00000000,0.00000000,0.00000000,0.00000000
3281.0,0.00000000,0.00000000,0.00000000,0.00000000,0.00000000
3282.0,0.00000000,0.00000000,0.00000000,0.00000000,0.00000000
3283.0,0.00000000,0.00000000,0.00000000,0.00000000,0.00000000
3284.0,0.00000000,0.00000000,0.00000000,0.00000000,0.00000000
3285.0,0.00000000,0.00000000,0.00000000,0.00000000,0.00000000
3286.0,0.00000000,0.00000000,0.00000000,0.00000000,0.00000000
3287.0,0.00000000,0.00000000,0.00000000,0.00000000,0.00000000
3288.0,0.00000000,0.00000000,0.00000000,0.00000000,0.00000000
3289.0,0.00000000,0.00000000,0.00000000,0.00000000,0.00000000
3290.0,0.00000000,0.00000000,0.00000000,0.00000000,0.00000000
3291.0,0.00000000,0.00000000,0.00000000,0.00000000,0.00000000
3292.0,0.00000000,0.00000000,0.00000000,0.00000000,0.00000000
3293.0,0.00000000,0.00000000,0.00000000,0.00000000,0.00000000
3294.0,0.00000000,0.00000000,0.00000000,0.00000000,0.00000000
3295.0,0.00000000,0.00000000,0.00000000,0.00000000,0.00000000
3296.0,0.00000000,0.00000000,0.00000000,0.00000000,0.00000000
3297.0,0.00000000,0.00000000,0.00000000,0.00000000,0.00000000
3298.0,0.00000000,0.00000000,0.00000000,0.00000000,0.00000000
3299.0,0.00000000,0.00000000,0.00000000,0.00000000,0.00000000
3300.0,0.00000000,0.00000000,0.00000000,0.00000000,0.00000000
3301.0,0.00000000,0.00000000,0.00000000,0.00000000,0.00000000
3302.0,0.00000000,0.00000000,0.00000000,0.00000000,0.00000000
3303.0,0.00000000,0.00000000,0.00000000,0.00000000,0.00000000
3304.0,0.00000000,0.00000000,0.00000000,0.00000000,0.00000000
3305.0,0.00000000,0.00000000,0.00000000,0.00000000,0.00000000
3306.0,0.00000000,0.00000000,0.00000000,0.00000000,0.00000000
3307.0,0.00000000,0.00000000,0.00000000,0.00000000,0.00000000
3308.0,0.00000000,0.00000000,0.00000000,0.00000000,0.00000000
3309.0,0.00000000,0.00000000,0.00000000,0.00000000,0.00000000
3310.0,0.00000000,0.00000000,0.00000000,0.00000000,0.00000000
3311.0,0.00000000,0.00000000,0.00000000,0.00000000,0.00000000
3312.0,0.00000000,0.00000000,0.00000000,0.00000000,0.00000000
3313.0,0.00000000,0.00000000,0.00000000,0.00000000,0.00000000
3314.0,0.00000000,0.00000000,0.00000000,0.00000000,0.00000000
3315.0,0.00000000,0.00000000,0.00000000,0.00000000,0.00000000
3316.0,0.00000000,0.00000000,0.00000000,0.00000000,0.00000000
3317.0,0.00000000,0.00000000,0.00000000,0.00000000,0.00000000
3318.0,0.00000000,0.00000000,0.00000000,0.00000000,0.00000000
3319.0,0.00000000,0.00000000,0.00000000,0.00000000,0.00000000
3320.0,0.00000000,0.00000000,0.00000000,0.00000000,0.00000000
3321.0,0.00000000,0.00000000,0.00000000,0.00000000,0.00000000
3322.0,0.00000000,0.00000000,0.00000000,0.00000000,0.00000000
3323.0,0.00000000,0.00000000,0.00000000,0.00000000,0.00000000
3324.0,0.00000000,0.00000000,0.00000000,0.00000000,0.00000000
3325.0,0.00000000,0.00000000,0.00000000,0.00000000,0.00000000
3326.0,0.00000000,0.00000000,0.00000000,0.00000000,0.00000000
3327.0,0.00000000,0.00000000,0.00000000,0.00000000,0.00000000
3328.0,0.00000000,0.00000000,0.00000000,0.00000000,0.00000000
3329.0,0.00000000,0.00000000,0.00000000,0.00000000,0.00000000
3330.0,0.00000000,0.00000000,0.00000000,0.00000000,0.00000000
3331.0,0.00000000,0.00000000,0.00000000,0.00000000,0.00000000
3332.0,0.00000000,0.00000000,0.00000000,0.00000000,0.00000000
3333.0,0.00000000,0.00000000,0.00000000,0.00000000,0.00000000
3334.0,0.00000000,0.00000000,0.00000000,0.00000000,0.00000000
3335.0,0.00000000,0.00000000,0.00000000,0.00000000,0.00000000
3336.0,0.00000000,0.00000000,0.00000000,0.00000000,0.00000000
3337.0,0.00000000,0.00000000,0.00000000,0.00000000,0.00000000
3338.0,0.00000000,0.00000000,0.00000000,0.00000000,0.00000000
3339.0,0.00000000,0.00000000,0.00000000,0.00000000,0.00000000
3340.0,0.00000000,0.00000000,0.00000000,0.00000000,0.00000000
3341.0,0.00000000,0.00000000,0.00000000,0.00000000,0.00000000
3342.0,0.00000000,0.00000000,0.00000000,0.00000000,0.00000000
3343.0,0.00000000,0.00000000,0.00000000,0.00000000,0.00000000
3344.0,0.00000000,0.00000000,0.00000000,0.00000000,0.00000000
3345.0,0.00000000,0.00000000,0.00000000,0.00000000,0.00000000
3346.0,0.00000000,0.00000000,0.00000000,0.00000000,0.00000000
3347.0,0.00000000,0.00000000,0.00000000,0.00000000,0.00000000
3348.0,0.00000000,0.00000000,0.00000000,0.00000000,0.00000000
3349.0,0.00000000,0.00000000,0.00000000,0.00000000,0.00000000
3350.0,0.00000000,0.00000000,0.00000000,0.00000000,0.00000000
3351.0,0.00000000,0.00000000,0.00000000,0.00000000,0.00000000
3352.0,0.00000000,0.00000000,0.00000000,0.00000000,0.00000000
3353.0,0.00000000,0.00000000,0.00000000,0.00000000,0.00000000
3354.0,0.00000000,0.00000000,0.00000000,0.00000000,0.00000000
3355.0,0.00000000,0.00000000,0.00000000,0.00000000,0.00000000
3356.0,0.00000000,0.00000000,0.00000000,0.00000000,0.00000000
3357.0,0.00000000,0.00000000,0.00000000,0.00000000,0.00000000
3358.0,0.00000000,0.00000000,0.00000000,0.00000000,0.00000000
3359.0,0.00000000,0.00000000,0.00000000,0.00000000,0.00000000
3360.0,0.00000000,0.00000000,0.00000000,0.00000000,0.00000000
3361.0,0.00000000,0.00000000,0.00000000,0.00000000,0.00000000
3362.0,0.00000000,0.00000000,0.00000000,0.00000000,0.00000000
3363.0,0.00000000,0.00000000,0.00000000,0.00000000,0.00000000
3364.0,0.00000000,0.00000000,0.00000000,0.00000000,0.00000000
3365.0,0.00000000,0.00000000,0.00000000,0.00000000,0.00000000
3366.0,0.00000000,0.00000000,0.00000000,0.00000000,0.00000000
3367.0,0.00000000,0.00000000,0.00000000,0.00000000,0.00000000
3368.0,0.00000000,0.00000000,0.00000000,0.00000000,0.00000000
3369.0,0.00000000,0.00000000,0.00000000,0.00000000,0.00000000
3370.0,0.00000000,0.00000000,0.00000000,0.00000000,0.00000000
3371.0,0.00000000,0.00000000,0.00000000,0.00000000,0.00000000
3372.0,0.00000000,0.00000000,0.00000000,0.00000000,0.00000000
3373.0,0.00000000,0.00000000,0.00000000,0.00000000,0.00000000
3374.0,0.00000000,0.00000000,0.00000000,0.00000000,0.00000000
3375.0,0.00000000,0.00000000,0.00000000,0.00000000,0.00000000
3376.0,0.00000000,0.00000000,0.00000000,0.00000000,0.00000000
3377.0,0.00000000,0.00000000,0.00000000,0.00000000,0.00000000
3378.0,0.00000000,0.00000000,0.00000000,0.00000000,0.00000000
3379.0,0.00000000,0.00000000,0.00000000,0.00000000,0.00000000
3380.0,0.00000000,0.00000000,0.00000000,0.00000000,0.00000000
3381.0,0.00000000,0.00000000,0.00000000,0.00000000,0.00000000
3382.0,0.00000000,0.00000000,0.00000000,0.00000000,0.00000000
3383.0,0.00000000,0.00000000,0.00000000,0.00000000,0.00000000
3384.0,0.00000000,0.00000000,0.00000000,0.00000000,0.00000000
3385.0,0.00000000,0.00000000,0.00000000,0.00000000,0.00000000
3386.0,0.00000000,0.00000000,0.00000000,0.00000000,0.00000000
3387.0,0.00000000,0.00000000,0.00000000,0.00000000,0.00000000
3388.0,0.00000000,0.00000000,0.00000000,0.00000000,0.00000000
3389.0,0.00000000,0.00000000,0.00000000,0.00000000,0.00000000
3390.0,0.00000000,0.00000000,0.00000000,0.00000000,0.00000000
3391.0,0.00000000,0.00000000,0.00000000,0.00000000,0.00000000
3392.0,0.00000000,0.00000000,0.00000000,0.00000000,0.00000000
3393.0,0.00000000,0.00000000,0.00000000,0.00000000,0.00000000
3394.0,0.00000000,0.00000000,0.00000000,0.00000000,0.00000000
3395.0,0.00000000,0.00000000,0.00000000,0.00000000,0.00000000
3396.0,0.00000000,0.00000000,0.00000000,0.00000000,0.00000000
3397.0,0.00000000,0.00000000,0.00000000,0.00000000,0.00000000
3398.0,0.00000000,0.00000000,0.00000000,0.00000000,0.00000000
3399.0,0.00000000,0.00000000,0.00000000,0.00000000,0.00000000
3400.0,0.00000000,0.00000000,0.00000000,0.00000000,0.00000000
3401.0,0.00000000,0.00000000,0.00000000,0.00000000,0.00000000
3402.0,0.00000000,0.00000000,0.00000000,0.00000000,0.00000000
3403.0,0.00000000,0.00000000,0.00000000,0.00000000,0.00000000
3404.0,0.00000000,0.00000000,0.00000000,0.00000000,0.00000000
3405.0,0.00000000,0.00000000,0.00000000,0.00000000,0.00000000
3406.0,0.00000000,0.00000000,0.00000000,0.00000000,0.00000000
3407.0,0.00000000,0.00000000,0.00000000,0.00000000,0.00000000
3408.0,0.00000000,0.00000000,0.00000000,0.00000000,0.00000000
3409.0,0.00000000,0.00000000,0.00000000,0.00000000,0.00000000
3410.0,0.00000000,0.00000000,0.00000000,0.00000000,0.00000000
3411.0,0.00000000,0.00000000,0.00000000,0.00000000,0.00000000
3412.0,0.00000000,0.00000000,0.00000000,0.00000000,0.00000000
3413.0,0.00000000,0.00000000,0.00000000,0.00000000,0.00000000
3414.0,0.00000000,0.00000000,0.00000000,0.00000000,0.00000000
3415.0,0.00000000,0.00000000,0.00000000,0.00000000,0.00000000
3416.0,0.00000000,0.00000000,0.00000000,0.00000000,0.00000000
3417.0,0.00000000,0.00000000,0.00000000,0.00000000,0.00000000
3418.0,0.00000000,0.00000000,0.00000000,0.00000000,0.00000000
3419.0,0.00000000,0.00000000,0.00000000,0.00000000,0.00000000
3420.0,0.00000000,0.00000000,0.00000000,0.00000000,0.00000000
3421.0,0.00000000,0.00000000,0.00000000,0.00000000,0.00000000
3422.0,0.00000000,0.00000000,0.00000000,0.00000000,0.00000000
3423.0,0.00000000,0.00000000,0.00000000,0.00000000,0.00000000
3424.0,0.00000000,0.00000000,0.00000000,0.00000000,0.00000000
3425.0,0.00000000,0.00000000,0.00000000,0.00000000,0.00000000
3426.0,0.00000000,0.00000000,0.00000000,0.00000000,0.00000000
3427.0,0.00000000,0.00000000,0.00000000,0.00000000,0.00000000
3428.0,0.00000000,0.00000000,0.00000000,0.00000000,0.00000000
3429.0,0.00000000,0.00000000,0.00000000,0.00000000,0.00000000
3430.0,0.00000000,0.00000000,0.00000000,0.00000000,0.00000000
3431.0,0.00000000,0.00000000,0.00000000,0.00000000,0.00000000
3432.0,0.00000000,0.00000000,0.00000000,0.00000000,0.00000000
3433.0,0.00000000,0.00000000,0.00000000,0.00000000,0.00000000
3434.0,0.00000000,0.00000000,0.00000000,0.00000000,0.00000000
3435.0,0.00018197,0.00000000,0.00000000,0.00000000,0.00000000
3436.0,0.00063595,0.00000000,0.00000000,0.00000000,0.00000000
3437.0,0.00108992,0.00000000,0.00000000,0.00000000,0.00000000
3438.0,0.00154389,0.00000000,0.00000000,0.00000000,0.00000000
3439.0,0.00199787,0.00000000,0.00000000,0.00000000,0.00000000
3440.0,0.00245184,0.00000000,0.00000000,0.00000000,0.00000000
3441.0,0.00290581,0.00000000,0.00000000,0.00000000,0.00000000
3442.0,0.00335979,0.00000000,0.00000000,0.00000000,0.00000000
3443.0,0.00381376,0.00000000,0.00000000,0.00000000,0.00000000
3444.0,0.00383100,0.00000000,0.00000000,0.00000000,0.00000000
3445.0,0.00383100,0.00000000,0.00000000,0.00000000,0.00000000
3446.0,0.00383100,0.00000000,0.00000000,0.00000000,0.00000000
3447.0,0.00383100,0.00000000,0.00000000,0.00000000,0.00000000
3448.0,0.00383100,0.00000000,0.00000000,0.00000000,0.00000000
3449.0,0.00383100,0.00000000,0.00000000,0.00000000,0.00000000
3450.0,0.00383100,0.00000000,0.00000000,0.00000000,0.00000000
3451.0,0.00383100,0.00000000,0.00000000,0.00000000,0.00000000
3452.0,0.00383100,0.00000000,0.00000000,0.00000000,0.00000000
3453.0,0.00383100,0.00000000,0.00000000,0.00000000,0.00000000
3454.0,0.00383100,0.00000000,0.00000000,0.00000000,0.00000000
3455.0,0.00383100,0.00000000,0.00000000,0.00000000,0.00000000
3456.0,0.00383100,0.00000000,0.00000000,0.00000000,0.00000000
3457.0,0.00383100,0.00000000,0.00000000,0.00000000,0.00000000
3458.0,0.00383100,0.00000000,0.00000000,0.00000000,0.00000000
3459.0,0.00383100,0.00000000,0.00000000,0.00000000,0.00000000
3460.0,0.00379269,0.00000000,0.00000000,0.00000000,0.00000000
3461.0,0.00333872,0.00000000,0.00000000,0.00000000,0.00000000
3462.0,0.00288474,0.00000000,0.00000000,0.00000000,0.00000000
3463.0,0.00243077,0.00000000,0.00000000,0.00000000,0.00000000
3464.0,0.00197680,0.00000000,0.00000000,0.00000000,0.00000000
3465.0,0.00152282,0.00000000,0.00000000,0.00000000,0.00000000
3466.0,0.00106885,0.00000000,0.00000000,0.00000000,0.00000000
3467.0,0.00061488,0.00000000,0.00000000,0.00000000,0.00000000
3468.0,0.00016090,0.00000000,0.00000000,0.00000000,0.00000000
3469.0,0.00000000,0.00000000,0.00000000,0.00000000,0.00000000
3470.0,0.00000000,0.00000000,0.00000000,0.00000000,0.00000000
3471.0,0.00000000,0.00000000,0.00000000,0.00000000,0.00000000
3472.0,0.00000000,0.00000000,0.00000000,0.00000000,0.00000000
3473.0,0.00000000,0.00000000,0.00000000,0.00000000,0.00000000
3474.0,0.00000000,0.00000000,0.00000000,0.00000000,0.00000000
3475.0,0.00000000,0.00000000,0.00000000,0.00000000,0.00000000
3476.0,0.00000000,0.00000000,0.00000000,0.00000000,0.00000000
3477.0,0.00000000,0.00000000,0.00000000,0.00000000,0.00000000
3478.0,0.00000000,0.00000000,0.00000000,0.00000000,0.00000000
3479.0,0.00000000,0.00000000,0.00000000,0.00000000,0.00000000
3480.0,0.00000000,0.00000000,0.00000000,0.00000000,0.00000000
3481.0,0.00000000,0.00000000,0.00000000,0.00000000,0.00000000
3482.0,0.00000000,0.00000000,0.00000000,0.00000000,0.00000000
3483.0,0.00000000,0.00000000,0.00000000,0.00000000,0.00000000
3484.0,0.00000000,0.00000000,0.00000000,0.00000000,0.00000000
3485.0,0.00000000,0.00000000,0.00000000,0.00000000,0.00000000
3486.0,0.00000000,0.00000000,0.00000000,0.00000000,0.00000000
3487.0,0.00000000,0.00000000,0.00000000,0.00000000,0.00000000
3488.0,0.00000000,0.00000000,0.00000000,0.00000000,0.00000000
3489.0,0.00000000,0.00000000,0.00000000,0.00000000,0.00000000
3490.0,0.00000000,0.00000000,0.00000000,0.00000000,0.00000000
3491.0,0.00000000,0.00000000,0.00000000,0.00000000,0.00000000
3492.0,0.00000000,0.00000000,0.00000000,0.00000000,0.00000000
3493.0,0.00000000,0.00000000,0.00000000,0.00000000,0.00000000
3494.0,0.00000000,0.00000000,0.00000000,0.00000000,0.00000000
3495.0,0.00000000,0.00000000,0.00000000,0.00000000,0.00000000
3496.0,0.00000000,0.00000000,0.00000000,0.00000000,0.00000000
3497.0,0.00000000,0.00000000,0.00000000,0.00000000,0.00000000
3498.0,0.00000000,0.00000000,0.00000000,0.00000000,0.00000000
3499.0,0.00000000,0.00000000,0.00000000,0.00000000,0.00000000
3500.0,0.00000000,0.00000000,0.00000000,0.00000000,0.00000000
3501.0,0.00000000,0.00000000,0.00000000,0.00000000,0.00000000
3502.0,0.00000000,0.00000000,0.00000000,0.00000000,0.00000000
3503.0,0.00000000,0.00000000,0.00000000,0.00000000,0.00000000
3504.0,0.00000000,0.00000000,0.00000000,0.00000000,0.00000000
3505.0,0.00000000,0.00000000,0.00000000,0.00000000,0.00000000
3506.0,0.00000000,0.00000000,0.00000001,0.00000000,0.00000000
3507.0,0.00000000,0.00000000,0.00000002,0.00000000,0.00000000
3508.0,0.00000000,0.00000000,0.00000004,0.00000000,0.00000000
3509.0,0.00000000,0.00000000,0.00000007,0.00000000,0.00000000
3510.0,0.00000000,0.00000000,0.00000014,0.00000000,0.00000000
3511.0,0.00000000,0.00000000,0.00000026,0.00000000,0.00000000
3512.0,0.00000000,0.00000000,0.00000048,0.00000000,0.00000000
3513.0,0.00000000,0.00000000,0.00000088,0.00000000,0.00000000
3514.0,0.00000000,0.00000000,0.00000158,0.00000000,0.00000000
3515.0,0.00000000,0.00000000,0.00000281,0.00000000,0.00000000
3516.0,0.00000000,0.00000000,0.00000492,0.00000000,0.00000000
3517.0,0.00000000,0.00000000,0.00000849,0.00000000,0.00000000
3518.0,0.00000000,0.00000000,0.00001446,0.00000000,0.00000000
3519.0,0.00000000,0.00000000,0.00002428,0.00000000,0.00000000
3520.0,0.00000000,0.00000000,0.00004022,0.00000000,0.00000000
3521.0,0.00000000,0.00000000,0.00006570,0.00000000,0.00000000
3522.0,0.00000000,0.00000000,0.00010585,0.00000000,0.00000000
3523.0,0.00000000,0.00000000,0.00016819,0.00000000,0.00000000
3524.0,0.00000000,0.00000000,0.00026355,0.00000000,0.00000000
3525.0,0.00000000,0.00000000,0.00040729,0.00000000,0.00000000
3526.0,0.00000000,0.00000000,0.00062077,0.00000000,0.00000000
3527.0,0.00000000,0.00000000,0.00093312,0.00000000,0.00000000
3528.0,0.00000000,0.00000000,0.00138332,0.00000000,0.00000000
3529.0,0.00000000,0.00000000,0.00202249,0.00000000,0.00000000
3530.0,0.00000000,0.00000000,0.00291629,0.00000000,0.00000000
3531.0,0.00000000,0.00000000,0.00414719,0.00000000,0.00000000
3532.0,0.00000000,0.00000000,0.00581644,0.00000000,0.00000000
3533.0,0.00000000,0.00000000,0.00804524,0.00000000,0.00000000
3534.0,0.00000000,0.00000000,0.01097491,0.00000000,0.00000000
3535.0,0.00000000,0.00000000,0.01476529,0.00000000,0.00000000
3536.0,0.00000000,0.00000000,0.01959126,0.00000000,0.00000000
3537.0,0.00000000,0.00000000,0.02563670,0.00000000,0.00000000
3538.0,0.00000000,0.00000000,0.03308578,0.00000000,0.00000000
3539.0,0.00000000,0.00000000,0.04211143,0.00000000,0.00000000
3540.0,0.00000000,0.00000000,0.05286132,0.00000000,0.00000000
3541.0,0.00000000,0.00000000,0.06544184,0.00000000,0.00000000
3542.0,0.00000000,0.00000000,0.07990102,0.00000000,0.00000000
3543.0,0.00000000,0.00000000,0.09621185,0.00000000,0.00000000
3544.0,0.00000000,0.00000000,0.11425736,0.00000000,0.00000000
3545.0,0.00000000,0.00000000,0.13381945,0.00000000,0.00000000
3546.0,0.00000000,0.00000000,0.15457301,0.00000000,0.00000000
3547.0,0.00000000,0.00000000,0.17608709,0.00000000,0.00000000
3548.0,0.00000000,0.00000000,0.19783392,0.00000001,0.00000000
3549.0,0.00000000,0.00000000,0.21920648,0.00000001,0.00000000
3550.0,0.00000000,0.00000000,0.23954408,0.00000002,0.00000000
3551.0,0.00000000,0.00000000,0.25816471,0.00000004,0.00000000
3552.0,0.00000000,0.00000000,0.27440228,0.00000007,0.00000000
3553.0,0.00000000,0.00000000,0.28764575,0.00000012,0.00000000
3554.0,0.00000000,0.00000000,0.29737715,0.00000022,0.00000000
3555.0,0.00000000,0.00000000,0.30320520,0.00000039,0.00000000
3556.0,0.00000000,0.00000000,0.30489134,0.00000069,0.00000000
3557.0,0.00000000,0.00000000,0.30236598,0.00000119,0.00000000
3558.0,0.00000000,0.00000000,0.29573326,0.00000203,0.00000000
3559.0,0.00000000,0.00000000,0.28526390,0.00000341,0.00000000
3560.0,0.00000000,0.00000000,0.27137688,0.00000567,0.00000000
3561.0,0.00000000,0.00000000,0.25461166,0.00000927,0.00000000
3562.0,0.00000000,0.00000000,0.23559341,0.00001497,0.00000000
3563.0,0.00000000,0.00000000,0.21499451,0.00002384,0.00000000
3564.0,0.00000000,0.00000000,0.19349557,0.00003744,0.00000000
3565.0,0.00000000,0.00000000,0.17174894,0.00005798,0.00000000
3566.0,0.00000000,0.00000000,0.15034760,0.00008855,0.00000000
3567.0,0.00000000,0.00000000,0.12980109,0.00013339,0.00000000
3568.0,0.00000000,0.00000000,0.11051967,0.00019817,0.00000000
3569.0,0.00000000,0.00000000,0.09280689,0.00029035,0.00000000
3570.0,0.00000000,0.00000000,0.07685998,0.00041954,0.00000000
3571.0,0.00000000,0.00000000,0.06277688,0.00059788,0.00000000
3572.0,0.00000000,0.00000000,0.05056832,0.00084030,0.00000000
3573.0,0.00000000,0.00000000,0.04017323,0.00116475,0.00000000
3574.0,0.00000000,0.00000000,0.03147563,0.00159225,0.00000000
3575.0,0.00000000,0.00000000,0.02432156,0.00214669,0.00000000
3576.0,0.00000000,0.00000000,0.01853480,0.00285433,0.00000000
3577.0,0.00000000,0.00000000,0.01393041,0.00374301,0.00000000
3578.0,0.00000000,0.00000000,0.01032569,0.00484079,0.00000000
3579.0,0.00000000,0.00000000,0.00754838,0.00617434,0.00000000
3580.0,0.00000000,0.00000000,0.00544211,0.00776685,0.00000000
3581.0,0.00000000,0.00000000,0.00386956,0.00963559,0.00000000
3582.0,0.00000000,0.00000000,0.00271353,0.01178939,0.00000000
3583.0,0.00000000,0.00000000,0.00187666,0.01422603,0.00000000
3584.0,0.00000000,0.00000000,0.00128002,0.01692994,0.00000000
3585.0,0.00000000,0.00000000,0.00086105,0.01987039,0.00000000
3586.0,0.00000000,0.00000000,0.00057124,0.02300048,0.00000000
3587.0,0.00000000,0.00000000,0.00037376,0.02625711,0.00000000
3588.0,0.00000000,0.00000000,0.00024118,0.02956216,0.00000000
3589.0,0.00000000,0.00000000,0.00015349,0.03282501,0.00000000
3590.0,0.00000000,0.00000000,0.00009633,0.03594620,0.00000000
3591.0,0.00000000,0.00000000,0.00005963,0.03882223,0.00000000
3592.0,0.00000000,0.00000000,0.00003640,0.04135113,0.00000000
3593.0,0.00000000,0.00000000,0.00002192,0.04343839,0.00000000
3594.0,0.00000000,0.00000000,0.00001301,0.04500279,0.00000000
3595.0,0.00000000,0.00000001,0.00000762,0.04598165,0.00000000
3596.0,0.00000000,0.00000002,0.00000440,0.04633499,0.00000000
3597.0,0.00000000,0.00000003,0.00000251,0.04604823,0.00000000
3598.0,0.00000000,0.00000006,0.00000141,0.04513321,0.00000000
3599.0,0.00000000,0.00000011,0.00000078,0.04362736,0.00000000
3600.0,0.00000000,0.00000022,0.00000043,0.04159116,0.00000000
3601.0,0.00000000,0.00000040,0.00000023,0.03910413,0.00000000
3602.0,0.00000000,0.00000075,0.00000012,0.03625964,0.00000000
3603.0,0.00000000,0.00000136,0.00000006,0.03315918,0.00000000
3604.0,0.00000000,0.00000244,0.00000003,0.02990636,0.00000000
3605.0,0.00000000,0.00000432,0.00000002,0.02660129,0.00000000
3606.0,0.00000000,0.00000755,0.00000001,0.02333572,0.00000000
3607.0,0.00000000,0.00001300,0.00000000,0.02018920,0.00000000
3608.0,0.00000000,0.00002208,0.00000000,0.01722647,0.00000000
3609.0,0.00000000,0.00003700,0.00000000,0.01449616,0.00000000
3610.0,0.00000000,0.00006114,0.00000000,0.01203065,0.00000000
3611.0,0.00000000,0.00009965,0.00000000,0.00984702,0.00000000
3612.0,0.00000000,0.00016016,0.00000000,0.00794876,0.00000000
3613.0,0.00000000,0.00025387,0.00000000,0.00632811,0.00000000
3614.0,0.00000000,0.00039687,0.00000000,0.00496853,0.00000000
3615.0,0.00000000,0.00061189,0.00000000,0.00384734,0.00000000
3616.0,0.00000000,0.00093042,0.00000000,0.00293814,0.00000000
3617.0,0.00000000,0.00139528,0.00000000,0.00221292,0.00000000
3618.0,0.00000000,0.00206359,0.00000000,0.00164375,0.00000000
3619.0,0.00000000,0.00300998,0.00000000,0.00120417,0.00000000
3620.0,0.00000000,0.00432996,0.00000000,0.00087000,0.00000000
3621.0,0.00000000,0.00614304,0.00000000,0.00061991,0.00000000
3622.0,0.00000000,0.00859534,0.00000000,0.00043563,0.00000000
3623.0,0.00000000,0.01186100,0.00000000,0.00030191,0.00000000
3624.0,0.00000000,0.01614207,0.00000000,0.00020636,0.00000000
3625.0,0.00000000,0.02166589,0.00000000,0.00013911,0.00000000
3626.0,0.00000000,0.02867962,0.00000000,0.00009248,0.00000000
3627.0,0.00000000,0.03744118,0.00000000,0.00006064,0.00000000
3628.0,0.00000000,0.04820644,0.00000000,0.00003921,0.00000000
3629.0,0.00000000,0.06121248,0.00000000,0.00002501,0.00000000
3630.0,0.00000000,0.07665744,0.00000000,0.00001573,0.00000000
3631.0,0.00000000,0.09467777,0.00000000,0.00000976,0.00000000
3632.0,0.00000000,0.11532439,0.00000000,0.00000597,0.00000000
3633.0,0.00000000,0.13853953,0.00000000,0.00000360,0.00000000
3634.0,0.00000000,0.16413668,0.00000000,0.00000214,0.00000000
3635.0,0.00000000,0.19178604,0.00000000,0.00000126,0.00000000
3636.0,0.00000000,0.22100786,0.00000000,0.00000073,0.00000000
3637.0,0.00000000,0.25117584,0.00000000,0.00000042,0.00000000
3638.0,0.00000000,0.28153176,0.00000000,0.00000023,0.00000000
3639.0,0.00000000,0.31121200,0.00000000,0.00000013,0.00000000
3640.0,0.00000000,0.33928501,0.00000000,0.00000007,0.00000000
3641.0,0.00000000,0.36479797,0.00000000,0.00000004,0.00000000
3642.0,0.00000000,0.38682946,0.00000000,0.00000002,0.00000000
3643.0,0.00000000,0.40454430,0.00000000,0.00000001,0.00000000
3644.0,0.00000000,0.41724585,0.00000000,0.00000001,0.00000000
3645.0,0.00000000,0.42442148,0.00000000,0.00000000,0.00000000
3646.0,0.00000000,0.42577690,0.00000000,0.00000000,0.00000000
3647.0,0.00000000,0.42125613,0.00000000,0.00000000,0.00000000
3648.0,0.00000000,0.41104538,0.00000000,0.00000000,0.00000000
3649.0,0.00000000,0.39556031,0.00000000,0.00000000,0.00000000
3650.0,0.00000000,0.37541796,0.00000000,0.00000000,0.00000000
3651.0,0.00000000,0.35139598,0.00000000,0.00000000,0.00000000
3652.0,0.00000000,0.32438288,0.00000000,0.00000000,0.00000000
3653.0,0.00000000,0.29532381,0.00000000,0.00000000,0.00000000
3654.0,0.00000000,0.26516635,0.00000000,0.00000000,0.00000000
3655.0,0.00000000,0.23481062,0.00000000,0.00000000,0.00000000
3656.0,0.00000000,0.20506733,0.00000000,0.00000000,0.00000000
3657.0,0.00000000,0.17662599,0.00000000,0.00000000,0.00000000
3658.0,0.00000000,0.15003485,0.00000000,0.00000000,0.00000000
3659.0,0.00000000,0.12569242,0.00000000,0.00000000,0.00000000
3660.0,0.00000000,0.10384975,0.00000000,0.00000000,0.00000000
3661.0,0.00000000,0.08462159,0.00000000,0.00000000,0.00000000
3662.0,0.00000000,0.06800429,0.00000000,0.00000000,0.00000000
3663.0,0.00000000,0.05389778,0.00000000,0.00000000,0.00000000
3664.0,0.00000000,0.04212935,0.00000000,0.00000000,0.00000000
3665.0,0.00000000,0.03247717,0.00000000,0.00000000,0.00000000
3666.0,0.00000000,0.02469169,0.00000000,0.00000000,0.00000000
3667.0,0.00000000,0.01851412,0.00000000,0.00000000,0.00000000
3668.0,0.00000000,0.01369098,0.00000000,0.00000000,0.00000000
3669.0,0.00000000,0.00998494,0.00000000,0.00000000,0.00000000
3670.0,0.00000000,0.00718184,0.00000000,0.00000000,0.00000000
3671.0,0.00000000,0.00509455,0.00000000,0.00000000,0.00000000
3672.0,0.00000000,0.00356414,0.00000000,0.00000000,0.00000000
3673.0,0.00000000,0.00245914,0.00000000,0.00000000,0.00000000
3674.0,0.00000000,0.00167337,0.00000000,0.00000000,0.00000000
3675.0,0.00000000,0.00112300,0.00000000,0.00000000,0.00000000
3676.0,0.00000000,0.00074327,0.00000000,0.00000000,0.00000000
3677.0,0.00000000,0.00048517,0.00000000,0.00000000,0.00000000
3678.0,0.00000000,0.00031233,0.00000000,0.00000000,0.00000000
3679.0,0.00000000,0.00019830,0.00000000,0.00000000,0.00000000
3680.0,0.00000000,0.00012417,0.00000000,0.00000000,0.00000000
3681.0,0.00000000,0.00007668,0.00000000,0.00000000,0.00000000
3682.0,0.00000000,0.00004670,0.00000000,0.00000000,0.00000000
3683.0,0.00000000,0.00002805,0.00000000,0.00000000,0.00000000
3684.0,0.00000000,0.00001662,0.00000000,0.00000000,0.00000000
3685.0,0.00000000,0.00000971,0.00000000,0.00000000,0.00000000
3686.0,0.00000000,0.00000559,0.00000000,0.00000000,0.00000000
3687.0,0.00000000,0.00000318,0.00000000,0.00000000,0.00000000
3688.0,0.00000000,0.00000178,0.00000000,0.00000000,0.00000000
3689.0,0.00000000,0.00000098,0.00000000,0.00000000,0.00000000
3690.0,0.00000000,0.00000054,0.00000000,0.00000000,0.00000000
3691.0,0.00000000,0.00000029,0.00000000,0.00000000,0.00000000
3692.0,0.00000000,0.00000015,0.00000000,0.00000000,0.00000000
3693.0,0.00000000,0.00000008,0.00000000,0.00000000,0.00000000
3694.0,0.00000000,0.00000004,0.00000000,0.00000000,0.00000000
3695.0,0.00000000,0.00000002,0.00000000,0.00000000,0.00000000
3696.0,0.00000000,0.00000001,0.00000000,0.00000000,0.00000000
3697.0,0.00000000,0.00000001,0.00000000,0.00000000,0.00000000
3698.0,0.00000000,0.00000000,0.00000000,0.00000000,0.00000000
3699.0,0.00000000,0.00000000,0.00000000,0.00000000,0.00000000
3700.0,0.00000000,0.00000000,0.00000000,0.00000000,0.00000000
3701.0,0.00000000,0.00000000,0.00000000,0.00000000,0.00000000
3702.0,0.00000000,0.00000000,0.00000000,0.00000000,0.00000000
3703.0,0.00000000,0.00000000,0.00000000,0.00000000,0.00000000
3704.0,0.00000000,0.00000000,0.00000000,0.00000000,0.00000000
3705.0,0.00000000,0.00000000,0.00000000,0.00000000,0.00000000
3706.0,0.00000000,0.00000000,0.00000000,0.00000000,0.00000000
3707.0,0.00000000,0.00000000,0.00000000,0.00000000,0.00000000
3708.0,0.00000000,0.00000000,0.00000000,0.00000000,0.00000000
3709.0,0.00000000,0.00000000,0.00000000,0.00000000,0.00000000
3710.0,0.00000000,0.00000000,0.00000000,0.00000000,0.00000000
3711.0,0.00000000,0.00000000,0.00000000,0.00000000,0.00000000
3712.0,0.00000000,0.00000000,0.00000000,0.00000000,0.00000000
3713.0,0.00000000,0.00000000,0.00000000,0.00000000,0.00000000
3714.0,0.00000000,0.00000000,0.00000000,0.00000000,0.00000000
3715.0,0.00000000,0.00000000,0.00000000,0.00000000,0.00000000
3716.0,0.00000000,0.00000000,0.00000000,0.00000000,0.00000000
3717.0,0.00000000,0.00000000,0.00000000,0.00000000,0.00000000
3718.0,0.00000000,0.00000000,0.00000000,0.00000000,0.00000000
3719.0,0.00000000,0.00000000,0.00000000,0.00000000,0.00000000
3720.0,0.00000000,0.00000000,0.00000000,0.00000000,0.00000000
3721.0,0.00000000,0.00000000,0.00000000,0.00000000,0.00000000
3722.0,0.00000000,0.00000000,0.00000000,0.00000000,0.00000000
3723.0,0.00000000,0.00000000,0.00000000,0.00000000,0.00000000
3724.0,0.00000000,0.00000000,0.00000000,0.00000000,0.00000000
3725.0,0.00000000,0.00000000,0.00000000,0.00000000,0.00000000
3726.0,0.00000000,0.00000000,0.00000000,0.00000000,0.00000000
3727.0,0.00000000,0.00000000,0.00000000,0.00000000,0.00000000
3728.0,0.00000000,0.00000000,0.00000000,0.00000000,0.00000000
3729.0,0.00000000,0.00000000,0.00000000,0.00000000,0.00000000
3730.0,0.00000000,0.00000000,0.00000000,0.00000000,0.00000000
3731.0,0.00000000,0.00000000,0.00000000,0.00000000,0.00000000
3732.0,0.00000000,0.00000000,0.00000000,0.00000000,0.00000000
3733.0,0.00000000,0.00000000,0.00000000,0.00000000,0.00000000
3734.0,0.00000000,0.00000000,0.00000000,0.00000000,0.00000000
3735.0,0.00000000,0.00000000,0.00000000,0.00000000,0.00000000
3736.0,0.00000000,0.00000000,0.00000000,0.00000000,0.00000000
3737.0,0.00000000,0.00000000,0.00000000,0.00000000,0.00000000
3738.0,0.00000000,0.00000000,0.00000000,0.00000000,0.00000000
3739.0,0.00000000,0.00000000,0.00000000,0.00000000,0.00000000
3740.0,0.00000000,0.00000000,0.00000000,0.00000000,0.00000000
3741.0,0.00000000,0.00000000,0.00000000,0.00000000,0.00000000
3742.0,0.00000000,0.00000000,0.00000000,0.00000000,0.00000000
3743.0,0.00000000,0.00000000,0.00000000,0.00000000,0.00000000
3744.0,0.00000000,0.00000000,0.00000000,0.00000000,0.00000000
3745.0,0.00000000,0.00000000,0.00000000,0.00000000,0.00000000
3746.0,0.00000000,0.00000000,0.00000000,0.00000000,0.00000000
3747.0,0.00000000,0.00000000,0.00000000,0.00000000,0.00000000
3748.0,0.00000000,0.00000000,0.00000000,0.00000000,0.00000000
3749.0,0.00000000,0.00000000,0.00000000,0.00000000,0.00000000
3750.0,0.00000000,0.00000000,0.00000000,0.00000000,0.00000000
3751.0,0.00000000,0.00000000,0.00000000,0.00000000,0.00000000
3752.0,0.00000000,0.00000000,0.00000000,0.00000000,0.00000000
3753.0,0.00000000,0.00000000,0.00000000,0.00000000,0.00000000
3754.0,0.00000000,0.00000000,0.00000000,0.00000000,0.00000000
3755.0,0.00000000,0.00000000,0.00000000,0.00000000,0.00000000
3756.0,0.00000000,0.00000000,0.00000000,0.00000000,0.00000000
3757.0,0.00000000,0.00000000,0.00000000,0.00000000,0.00000000
3758.0,0.00000000,0.00000000,0.00000000,0.00000000,0.00000000
3759.0,0.00000000,0.00000000,0.00000000,0.00000000,0.00000000
3760.0,0.00000000,0.00000000,0.00000000,0.00000000,0.00000000
3761.0,0.00000000,0.00000000,0.00000000,0.00000000,0.00000000
3762.0,0.00000000,0.00000000,0.00000000,0.00000000,0.00000000
3763.0,0.00000000,0.00000000,0.00000000,0.00000000,0.00000000
3764.0,0.00000000,0.00000000,0.00000000,0.00000000,0.00000000
3765.0,0.00000000,0.00000000,0.00000000,0.00000000,0.00000000
3766.0,0.00000000,0.00000000,0.00000000,0.00000000,0.00000000
3767.0,0.00000000,0.00000000,0.00000000,0.00000000,0.00000000
3768.0,0.00000000,0.00000000,0.00000000,0.00000000,0.00000000
3769.0,0.00000000,0.00000000,0.00000000,0.00000000,0.00000000
3770.0,0.00000000,0.00000000,0.00000000,0.00000000,0.00000000
3771.0,0.00000000,0.00000000,0.00000000,0.00000000,0.00000000
3772.0,0.00000000,0.00000000,0.00000000,0.00000000,0.00000000
3773.0,0.00000000,0.00000000,0.00000000,0.00000000,0.00000000
3774.0,0.00000000,0.00000000,0.00000000,0.00000000,0.00000000
3775.0,0.00000000,0.00000000,0.00000000,0.00000000,0.00000000
3776.0,0.00000000,0.00000000,0.00000000,0.00000000,0.00000000
3777.0,0.00000000,0.00000000,0.00000000,0.00000000,0.00000000
3778.0,0.00000000,0.00000000,0.00000000,0.00000000,0.00000000
3779.0,0.00000000,0.00000000,0.00000000,0.00000000,0.00000000
3780.0,0.00000000,0.00000000,0.00000000,0.00000000,0.00000000
3781.0,0.00000000,0.00000000,0.00000000,0.00000000,0.00000000
3782.0,0.00000000,0.00000000,0.00000000,0.00000000,0.00000000
3783.0,0.00000000,0.00000000,0.00000000,0.00000000,0.00000000
3784.0,0.00000000,0.00000000,0.00000000,0.00000000,0.00000000
3785.0,0.00000000,0.00000000,0.00000000,0.00000000,0.00000000
3786.0,0.00000000,0.00000000,0.00000000,0.00000000,0.00000000
3787.0,0.00000000,0.00000000,0.00000000,0.00000000,0.00000000
3788.0,0.00000000,0.00000000,0.00000000,0.00000000,0.00000000
3789.0,0.00000000,0.00000000,0.00000000,0.00000000,0.00000000
3790.0,0.00000000,0.00000000,0.00000000,0.00000000,0.00000000
3791.0,0.00000000,0.00000000,0.00000000,0.00000000,0.00000000
3792.0,0.00000000,0.00000000,0.00000000,0.00000000,0.00000000
3793.0,0.00000000,0.00000000,0.00000000,0.00000000,0.00000000
3794.0,0.00000000,0.00000000,0.00000000,0.00000000,0.00000000
3795.0,0.00000000,0.00000000,0.00000000,0.00000000,0.00000000
3796.0,0.00000000,0.00000000,0.00000000,0.00000000,0.00000000
3797.0,0.00000000,0.00000000,0.00000000,0.00000000,0.00000000
3798.0,0.00000000,0.00000000,0.00000000,0.00000000,0.00000000
3799.0,0.00000000,0.00000000,0.00000000,0.00000000,0.00000000
3800.0,0.00000000,0.00000000,0.00000000,0.00000000,0.00000000
3801.0,0.00000000,0.00000000,0.00000000,0.00000000,0.00000000
3802.0,0.00000000,0.00000000,0.00000000,0.00000000,0.00000000
3803.0,0.00000000,0.00000000,0.00000000,0.00000000,0.00000000
3804.0,0.00000000,0.00000000,0.00000000,0.00000000,0.00000000
3805.0,0.00000000,0.00000000,0.00000000,0.00000000,0.00000000
3806.0,0.00000000,0.00000000,0.00000000,0.00000000,0.00000000
3807.0,0.00000000,0.00000000,0.00000000,0.00000000,0.00000000
3808.0,0.00000000,0.00000000,0.00000000,0.00000000,0.00000000
3809.0,0.00000000,0.00000000,0.00000000,0.00000000,0.00000000
3810.0,0.00000000,0.00000000,0.00000000,0.00000000,0.00000000
3811.0,0.00000000,0.00000000,0.00000000,0.00000000,0.00000000
3812.0,0.00000000,0.00000000,0.00000000,0.00000000,0.00000000
3813.0,0.00000000,0.00000000,0.00000000,0.00000000,0.00000000
3814.0,0.00000000,0.00000000,0.00000000,0.00000000,0.00000000
3815.0,0.00000000,0.00000000,0.00000000,0.00000000,0.00000000
3816.0,0.00000000,0.00000000,0.00000000,0.00000000,0.00000000
3817.0,0.00000000,0.00000000,0.00000000,0.00000000,0.00000000
3818.0,0.00000000,0.00000000,0.00000000,0.00000000,0.00000000
3819.0,0.00000000,0.00000000,0.00000000,0.00000000,0.00000000
3820.0,0.00000000,0.00000000,0.00000000,0.00000000,0.00000000
3821.0,0.00000000,0.00000000,0.00000000,0.00000000,0.00000000
3822.0,0.00000000,0.00000000,0.00000000,0.00000000,0.00000000
3823.0,0.00000000,0.00000000,0.00000000,0.00000000,0.00000000
3824.0,0.00000000,0.00000000,0.00000000,0.00000000,0.00000000
3825.0,0.00000000,0.00000000,0.00000000,0.00000000,0.00000000
3826.0,0.00000000,0.00000000,0.00000000,0.00000000,0.00000000
3827.0,0.00000000,0.00000000,0.00000000,0.00000000,0.00000000
3828.0,0.00000000,0.00000000,0.00000000,0.00000000,0.00000000
3829.0,0.00000000,0.00000000,0.00000000,0.00000000,0.00000000
3830.0,0.00000000,0.00000000,0.00000000,0.00000000,0.00000000
3831.0,0.00000000,0.00000000,0.00000000,0.00000000,0.00000000
3832.0,0.00000000,0.00000000,0.00000000,0.00000000,0.00000000
3833.0,0.00000000,0.00000000,0.00000000,0.00000000,0.00000000
3834.0,0.00000000,0.00000000,0.00000000,0.00000000,0.00000000
3835.0,0.00000000,0.00000000,0.00000000,0.00000000,0.00000000
3836.0,0.00000000,0.00000000,0.00000000,0.00000000,0.00000000
3837.0,0.00000000,0.00000000,0.00000000,0.00000000,0.00000000
3838.0,0.00000000,0.00000000,0.00000000,0.00000000,0.00000000
3839.0,0.00000000,0.00000000,0.00000000,0.00000000,0.00000000
3840.0,0.00000000,0.00000000,0.00000000,0.00000000,0.00000000
3841.0,0.00000000,0.00000000,0.00000000,0.00000000,0.00000000
3842.0,0.00000000,0.00000000,0.00000000,0.00000000,0.00000000
3843.0,0.00000000,0.00000000,0.00000000,0.00000000,0.00000000
3844.0,0.00000000,0.00000000,0.00000000,0.00000000,0.00000000
3845.0,0.00000000,0.00000000,0.00000000,0.00000000,0.00000000
3846.0,0.00000000,0.00000000,0.00000000,0.00000000,0.00000000
3847.0,0.00000000,0.00000000,0.00000000,0.00000000,0.00000000
3848.0,0.00000000,0.00000000,0.00000000,0.00000000,0.00000000
3849.0,0.00000000,0.00000000,0.00000000,0.00000000,0.00000000
3850.0,0.00000000,0.00000000,0.00000000,0.00000000,0.00000000
3851.0,0.00000000,0.00000000,0.00000000,0.00000000,0.00000000
3852.0,0.00000000,0.00000000,0.00000000,0.00000000,0.00000000
3853.0,0.00000000,0.00000000,0.00000000,0.00000000,0.00000000
3854.0,0.00000000,0.00000000,0.00000000,0.00000000,0.00000000
3855.0,0.00000000,0.00000000,0.00000000,0.00000000,0.00000000
3856.0,0.00000000,0.00000000,0.00000000,0.00000000,0.00000000
3857.0,0.00000000,0.00000000,0.00000000,0.00000000,0.00000000
3858.0,0.00000000,0.00000000,0.00000000,0.00000000,0.00000000
3859.0,0.00000000,0.00000000,0.00000000,0.00000000,0.00000000
3860.0,0.00000000,0.00000000,0.00000000,0.00000000,0.00000000
3861.0,0.00000000,0.00000000,0.00000000,0.00000000,0.00000000
3862.0,0.00000000,0.00000000,0.00000000,0.00000000,0.00000000
3863.0,0.00000000,0.00000000,0.00000000,0.00000000,0.00000000
3864.0,0.00000000,0.00000000,0.00000000,0.00000000,0.00000000
3865.0,0.00000000,0.00000000,0.00000000,0.00000000,0.00000000
3866.0,0.00000000,0.00000000,0.00000000,0.00000000,0.00000000
3867.0,0.00000000,0.00000000,0.00000000,0.00000000,0.00000000
3868.0,0.00000000,0.00000000,0.00000000,0.00000000,0.00000000
3869.0,0.00000000,0.00000000,0.00000000,0.00000000,0.00000000
3870.0,0.00000000,0.00000000,0.00000000,0.00000000,0.00000000
3871.0,0.00000000,0.00000000,0.00000000,0.00000000,0.00000000
3872.0,0.00000000,0.00000000,0.00000000,0.00000000,0.00000000
3873.0,0.00000000,0.00000000,0.00000000,0.00000000,0.00000000
3874.0,0.00000000,0.00000000,0.00000000,0.00000000,0.00000000
3875.0,0.00000000,0.00000000,0.00000000,0.00000000,0.00000000
3876.0,0.00000000,0.00000000,0.00000000,0.00000000,0.00000000
3877.0,0.00000000,0.00000000,0.00000000,0.00000000,0.00000000
3878.0,0.00000000,0.00000000,0.00000000,0.00000000,0.00000000
3879.0,0.00000000,0.00000000,0.00000000,0.00000000,0.00000000
3880.0,0.00000000,0.00000000,0.00000000,0.00000000,0.00000000
3881.0,0.00000000,0.00000000,0.00000000,0.00000000,0.00000000
3882.0,0.00000000,0.00000000,0.00000000,0.00000000,0.00000000
3883.0,0.00000000,0.00000000,0.00000000,0.00000000,0.00000000
3884.0,0.00000000,0.00000000,0.00000000,0.00000000,0.00000000
3885.0,0.00000000,0.00000000,0.00000000,0.00000000,0.00000000
3886.0,0.00000000,0.00000000,0.00000000,0.00000000,0.00000000
3887.0,0.00000000,0.00000000,0.00000000,0.00000000,0.00000000
3888.0,0.00000000,0.00000000,0.00000000,0.00000000,0.00000000
3889.0,0.00000000,0.00000000,0.00000000,0.00000000,0.00000000
3890.0,0.00000000,0.00000000,0.00000000,0.00000000,0.00000000
3891.0,0.00000000,0.00000000,0.00000000,0.00000000,0.00000000
3892.0,0.00000000,0.00000000,0.00000000,0.00000000,0.00000000
3893.0,0.00000000,0.00000000,0.00000000,0.00000000,0.00000000
3894.0,0.00000000,0.00000000,0.00000000,0.00000000,0.00000000
3895.0,0.00000000,0.00000000,0.00000000,0.00000000,0.00000000
3896.0,0.00000000,0.00000000,0.00000000,0.00000000,0.00000000
3897.0,0.00000000,0.00000000,0.00000000,0.00000000,0.00000000
3898.0,0.00000000,0.00000000,0.00000000,0.00000000,0.00000000
3899.0,0.00000000,0.00000000,0.00000000,0.00000000,0.00000000
3900.0,0.00000000,0.00000000,0.00000000,0.00000000,0.00000000
3901.0,0.00000000,0.00000000,0.00000000,0.00000000,0.00000000
3902.0,0.00000000,0.00000000,0.00000000,0.00000000,0.00000000
3903.0,0.00000000,0.00000000,0.00000000,0.00000000,0.00000000
3904.0,0.00000000,0.00000000,0.00000000,0.00000000,0.00000000
3905.0,0.00000000,0.00000000,0.00000000,0.00000000,0.00000000
3906.0,0.00000000,0.00000000,0.00000000,0.00000000,0.00000000
3907.0,0.00000000,0.00000000,0.00000000,0.00000000,0.00000000
3908.0,0.00000000,0.00000000,0.00000000,0.00000000,0.00000000
3909.0,0.00000000,0.00000000,0.00000000,0.00000000,0.00000000
3910.0,0.00000000,0.00000000,0.00000000,0.00000000,0.00000000
3911.0,0.00000000,0.00000000,0.00000000,0.00000000,0.00000000
3912.0,0.00000000,0.00000000,0.00000000,0.00000000,0.00000000
3913.0,0.00000000,0.00000000,0.00000000,0.00000000,0.00000000
3914.0,0.00000000,0.00000000,0.00000000,0.00000000,0.00000000
3915.0,0.00000000,0.00000000,0.00000000,0.00000000,0.00000000
3916.0,0.00000000,0.00000000,0.00000000,0.00000000,0.00000000
3917.0,0.00000000,0.00000000,0.00000000,0.00000000,0.00000000
3918.0,0.00000000,0.00000000,0.00000000,0.00000000,0.00000000
3919.0,0.00000000,0.00000000,0.00000000,0.00000000,0.00000000
3920.0,0.00000000,0.00000000,0.00000000,0.00000000,0.00000000
3921.0,0.00000000,0.00000000,0.00000000,0.00000000,0.00000000
3922.0,0.00000000,0.00000000,0.00000000,0.00000000,0.00000000
3923.0,0.00000000,0.00000000,0.00000000,0.00000000,0.00000000
3924.0,0.00000000,0.00000000,0.00000000,0.00000000,0.00000000
3925.0,0.00000000,0.00000000,0.00000000,0.00000000,0.00000000
3926.0,0.00000000,0.00000000,0.00000000,0.00000000,0.00000000
3927.0,0.00000000,0.00000000,0.00000000,0.00000000,0.00000000
3928.0,0.00000000,0.00000000,0.00000000,0.00000000,0.00000000
3929.0,0.00000000,0.00000000,0.00000000,0.00000000,0.00000000
3930.0,0.00000000,0.00000000,0.00000000,0.00000000,0.00000000
3931.0,0.00000000,0.00000000,0.00000000,0.00000000,0.00000000
3932.0,0.00000000,0.00000000,0.00000000,0.00000000,0.00000000
3933.0,0.00000000,0.00000000,0.00000000,0.00000000,0.00000000
3934.0,0.00000000,0.00000000,0.00000000,0.00000000,0.00000000
3935.0,0.00000000,0.00000000,0.00000000,0.00000000,0.00000000
3936.0,0.00000000,0.00000000,0.00000000,0.00000000,0.00000000
3937.0,0.00000000,0.00000000,0.00000000,0.00000000,0.00000000
3938.0,0.00000000,0.00000000,0.00000000,0.00000000,0.00000000
3939.0,0.00000000,0.00000000,0.00000000,0.00000000,0.00000000
3940.0,0.00000000,0.00000000,0.00000000,0.00000000,0.00000000
3941.0,0.00000000,0.00000000,0.00000000,0.00000000,0.00000000
3942.0,0.00000000,0.00000000,0.00000000,0.00000000,0.00000000
3943.0,0.00000000,0.00000000,0.00000000,0.00000000,0.00000000
3944.0,0.00000000,0.00000000,0.00000000,0.00000000,0.00000000
3945.0,0.00000000,0.00000000,0.00000000,0.00000000,0.00000000
3946.0,0.00000000,0.00000000,0.00000000,0.00000000,0.00000000
3947.0,0.00000000,0.00000000,0.00000000,0.00000000,0.00000000
3948.0,0.00000000,0.00000000,0.00000000,0.00000000,0.00000000
3949.0,0.00000000,0.00000000,0.00000000,0.00000000,0.00000000
3950.0,0.00000000,0.00000000,0.00000000,0.00000000,0.00000000
3951.0,0.00000000,0.00000000,0.00000000,0.00000000,0.00000000
3952.0,0.00000000,0.00000000,0.00000000,0.00000000,0.00000000
3953.0,0.00000000,0.00000000,0.00000000,0.00000000,0.00000000
3954.0,0.00000000,0.00000000,0.00000000,0.00000000,0.00000000
3955.0,0.00000000,0.00000000,0.00000000,0.00000000,0.00000000
3956.0,0.00000000,0.00000000,0.00000000,0.00000000,0.00000000
3957.0,0.00000000,0.00000000,0.00000000,0.00000000,0.00000000
3958.0,0.00000000,0.00000000,0.00000000,0.00000000,0.00000000
3959.0,0.00000000,0.00000000,0.00000000,0.00000000,0.00000000
3960.0,0.00000000,0.00000000,0.00000000,0.00000000,0.00000000
3961.0,0.00000000,0.00000000,0.00000000,0.00000000,0.00000000
3962.0,0.00000000,0.00000000,0.00000000,0.00000000,0.00000000
3963.0,0.00000000,0.00000000,0.00000000,0.00000000,0.00000000
3964.0,0.00000000,0.00000000,0.00000000,0.00000000,0.00000000
3965.0,0.00000000,0.00000000,0.00000000,0.00000000,0.00000000
3966.0,0.00000000,0.00000000,0.00000000,0.00000000,0.00000000
3967.0,0.00000000,0.00000000,0.00000000,0.00000000,0.00000000
3968.0,0.00000000,0.00000000,0.00000000,0.00000000,0.00000000
3969.0,0.00000000,0.00000000,0.00000000,0.00000000,0.00000000
3970.0,0.00000000,0.00000000,0.00000000,0.00000000,0.00000000
3971.0,0.00000000,0.00000000,0.00000000,0.00000000,0.00000000
3972.0,0.00000000,0.00000000,0.00000000,0.00000000,0.00000000
3973.0,0.00000000,0.00000000,0.00000000,0.00000000,0.00000000
3974.0,0.00000000,0.00000000,0.00000000,0.00000000,0.00000000
3975.0,0.00000000,0.00000000,0.00000000,0.00000000,0.00000000
3976.0,0.00000000,0.00000000,0.00000000,0.00000000,0.00000000
3977.0,0.00000000,0.00000000,0.00000000,0.00000000,0.00000000
3978.0,0.00000000,0.00000000,0.00000000,0.00000000,0.00000000
3979.0,0.00000000,0.00000000,0.00000000,0.00000000,0.00000000
3980.0,0.00000000,0.00000000,0.00000000,0.00000000,0.00000000
3981.0,0.00000000,0.00000000,0.00000000,0.00000000,0.00000000
3982.0,0.00000000,0.00000000,0.00000000,0.00000000,0.00000000
3983.0,0.00000000,0.00000000,0.00000000,0.00000000,0.00000000
3984.0,0.00000000,0.00000000,0.00000000,0.00000000,0.00000000
3985.0,0.00000000,0.00000000,0.00000000,0.00000000,0.00000000
3986.0,0.00000000,0.00000000,0.00000000,0.00000000,0.00000000
3987.0,0.00000000,0.00000000,0.00000000,0.00000000,0.00000000
3988.0,0.00000000,0.00000000,0.00000000,0.00000000,0.00000000
3989.0,0.00000000,0.00000000,0.00000000,0.00000000,0.00000000
3990.0,0.00000000,0.00000000,0.00000000,0.00000000,0.00000000
3991.0,0.00000000,0.00000000,0.00000000,0.00000000,0.00000000
3992.0,0.00000000,0.00000000,0.00000000,0.00000000,0.00000000
3993.0,0.00000000,0.00000000,0.00000000,0.00000000,0.00000000
3994.0,0.00000000,0.00000000,0.00000000,0.00000000,0.00000000
3995.0,0.00000000,0.00000000,0.00000000,0.00000000,0.00000000
3996.0,0.00000000,0.00000000,0.00000000,0.00000000,0.00000000
3997.0,0.00000000,0.00000000,0.00000000,0.00000000,0.00000000
3998.0,0.00000000,0.00000000,0.00000000,0.00000000,0.00000000
3999.0,0.00000000,0.00000000,0.00000000,0.00000000,0.00000000
4000.0,0.00000000,0.00000000,0.00000000,0.00000000,0.00000000
