wavenumber_cm-1,experiment,reference,conformer1,conformer2,dimer
400.0,nan,0.0017139145872900013,0.003005486130215349,0.020989067122565166,1.1992215135990826e-05
401.0,nan,0.0019364668551320344,0.0034475457650037346,0.021495628582571803,1.1264291333941864e-05
402.0,nan,0.0022157744656246567,0.00397602429579235,0.021727608630553463,1.081595375140031e-05
403.0,nan,0.0025648196189779334,0.00460358121058036,0.021675779038438713,1.0625329821704325e-05
404.0,0.034840012366910894,0.0029982637940867145,0.005342066262174503,0.021341966852687883,1.0701466681663821e-05
405.0,0.03501478678743141,0.003531639265165237,0.006201146548098446,0.020738947292578316,1.1084215036043707e-05
406.0,0.035189561207951935,0.004180297372390586,0.0071868325281176275,0.019889633130139417,1.1843552215376834e-05
407.0,0.03536433562847245,0.00495813756803182,0.008300012146787779,0.018825631601591404,1.3078274207873092e-05
408.0,0.035539235826719785,0.005876169754051633,0.00953512540323123,0.017585295016268387,1.4913872023047356e-05
409.0,0.03571432544023431,0.006940992613697565,0.010879123979495281,0.016211432204609643,1.749931221273131e-05
410.0,0.03588941505374884,0.008153298974301577,0.012310858125071853,0.014748870570409366,2.1002381319036046e-05
411.0,0.03606450466726336,0.009506541563487913,0.013801013519668044,0.013242061017046558,2.560324628377415e-05
412.0,0.03602998581234245,0.01098590453562923,0.015312683922413512,0.011732901222523554,3.148594241862881e-05
413.0,0.035854896198827924,0.012567724032891312,0.016802613080473712,0.01025891980190921,3.8827637538917735e-05
414.0,0.03567980658531341,0.014219482177922618,0.01822307609409748,0.008851919735439567,4.77857372193407e-05
415.0,0.03550471697179888,0.015900462503181837,0.019524302840267533,0.007537129935213434,5.848318240191224e-05
416.0,0.03519064214162489,0.017563102486760792,0.0206572821855414,0.006332864941587738,7.099262394600835e-05
417.0,0.03484140736080785,0.019155014706536015,0.021576733983455085,0.005250649735839729,8.532050277897284e-05
418.0,0.03449217257999081,0.020621578585223812,0.022244003802805407,0.004295733451506494,0.00010139237149040446
419.0,0.034142937799173774,0.021908937889477342,0.02262962843654648,0.0034678946025851094,0.00011904100976729633
420.0,0.03327653902121241,0.022967183812492197,0.022715340892286516,0.002762431811708024,0.0001379989595694832
421.0,0.032408908900400726,0.023753467713799152,0.022495330529480242,0.002171236846013272,0.00015789699431140888
422.0,0.03154127877958905,0.024234777553391106,0.02197664241835385,0.001683858807912991,0.00017826971693027475
423.0,0.030540606443090434,0.024390130803255423,0.021178681940100346,0.0012884866491750843,0.00019856895894069648
424.0,0.0289981477342762,0.024211983437039716,0.020131876270436635,0.000972798657540157,0.00021818496186897483
425.0,0.027455689025461978,0.0237067248874495,0.018875623320029514,0.0007246493285679931,0.00023647452977239303
426.0,0.02591323031664775,0.022894214650984592,0.01745572158549056,0.0005325837658075533,0.00025279453725998567
427.0,0.024313997685803848,0.021806407263871154,0.015921514190717204,0.00038618586919045,0.0002665384652234901
428.0,0.022628414299298103,0.02048519763726036,0.014322993469827822,0.00027627826529233126,0.0002771731185316045
429.0,0.02094283091279235,0.018979688032952923,0.01270809875365166,0.00019499908803226413,0.0002842724407026729
430.0,0.019257247526286606,0.0173431234226584,0.011120403054625855,0.00013578375928281324,0.00028754543206914446
431.0,0.01768683847088645,0.01562975916172172,0.009597330336486572,9.327962271436792e-05,0.0002868556092816965
432.0,0.016194435934561786,0.013891913308217572,0.008168981888438407,6.321859277903462e-05,0.00028223017736303
433.0,0.014702033398237125,0.012177418812439337,0.0068575862643416585,4.226884118740492e-05,0.0002738580397885375
434.0,0.013209630861912467,0.010527634549922137,0.005677529747334665,2.7881791978776115e-05,0.000262076833688567
435.0,0.01199358386978072,0.008976107065155193,0.004635879056481063,1.814599100846607e-05,0.00024735021671249644
436.0,0.010848481883023904,0.007547905809644546,0.0037332784086818683,1.1655211221587636e-05,0.00023023752312054333
437.0,0.009703379896267086,0.006259591751746489,0.002965090021104992,7.394713884793445e-06,0.00021135854496200576
438.0,0.008558277909510264,0.005119728886008084,0.002322649421185143,4.647011146479819e-06,0.00019135651221728633
439.0,0.00742646121209581,0.004129814323739956,0.0017945215917051767,2.916755087795276e-06,0.00017086232129483322
440.0,0.006294707928950292,0.003285486615979485,0.0013676671091245865,1.8734321985776562e-06,0.0001504627183647058
441.0,0.00516295464580477,0.0025778726414399217,0.0010284548532592218,1.3102618345412602e-06,0.0001306745467370097
442.0,0.0041891251211966,0.0019949478107134724,0.000763485728850684,1.1179796559159036e-06,0.00011192640774833031
443.0,0.003868175525175816,0.0015228083754484213,0.0005602170637266245,1.2729567253743987e-06,9.454826665071571e-05
444.0,0.003547225929155033,0.0011467837885923136,0.00040739784510954283,1.8403255542726035e-06,7.876875947525038e-05
445.0,0.00322627633313425,0.0008523471309678141,0.0002953396573440929,2.9944605708550156e-06,6.471930715458622e-05
446.0,0.003095099739128504,0.0006258091741395813,0.00021605691833833136,5.061329391563879e-06,5.2443675983062473e-05
447.0,0.0032554419132785027,0.0004548043164377209,0.00016331327774273796,8.589943590627128e-06,4.191136447887545e-05
448.0,0.0034157840874284983,0.0003285931446049605,0.00013260974890531155,1.4463427074596704e-05,3.303314169968923e-05
449.0,0.0035761262615784974,0.00023821646698189258,0.00012114537967018016,2.406406024609955e-05,2.567718229239144e-05
450.0,0.00402369397723182,0.0001765398268000272,0.00012777408559082505,3.9510906494219464e-05,1.968449379063626e-05
451.0,0.004667723963273381,0.00013822671131833835,0.0001529726014427639,6.399295954127174e-05,1.4882659277373632e-05
452.0,0.005311753949314939,0.0001196741154587015,0.00019882511149296132,0.00010222458848043413,1.1097271939949643e-05
453.0,0.0059557839353565,0.00011893698920755306,0.0002690206128264508,0.00016105250925682593,8.160773397620075e-06
454.0,0.006861696016464775,0.00013565944989631586,0.00036884999625264107,0.00025024333243372,5.918692942418161e-06
455.0,0.007835822894791043,0.00017102133055519329,0.0005051817598359992,0.000383476345989388,4.233501333328935e-06
456.0,0.008809949773117312,0.00022769933652398385,0.000686388854257394,0.0005795557652847237,2.9864344889004956e-06
457.0,0.009784076651443574,0.00030983334384881306,0.0009221951717038207,0.0008638383579558993,2.0777136077516104e-06
458.0,0.010768006251043018,0.0004229807035894034,0.0012234094982703273,0.0012698445583322216,1.4256002934221892e-06
459.0,0.011752006205101358,0.0005740353599207309,0.0016015182157310274,0.001840983101891606,9.646933131024146e-07
460.0,0.0127360061591597,0.0007710847684470131,0.0020681163541447435,0.0026322713167828186,6.438136205623643e-07
461.0,0.013689931759754932,0.0010231767042625183,0.002634170075149348,0.0037118778748827176,4.237507236655205e-07
462.0,0.014517619333468002,0.0013399707637618346,0.0033091220215070404,0.005162256783669457,2.7506804825530637e-07
463.0,0.015345306907181073,0.0017312562435729739,0.004099873135978065,0.007080588099814551,1.76095898527202e-07
464.0,0.016172994480894137,0.002206329372086924,0.005009698595861972,0.00957820219352247,1.1118283482148768e-07
465.0,0.01687226159919276,0.0027732383312904178,0.006037178670974461,0.012778652151867529,6.923180795041746e-08
466.0,0.017372282435151334,0.003437923249850382,0.007175244233579156,0.016814125343670674,4.251606991963267e-08
467.0,0.017872303271109915,0.00420329875510954,0.008410447763527049,0.021819961071509006,2.5750186622417834e-08
468.0,0.018372324107068495,0.00506834643011918,0.009722570764784473,0.027927173478489047,1.5381147297219617e-08
469.0,0.01877461559025866,0.0060273008045270225,0.011084665240307316,0.03525306779449572,9.061144983359148e-09
470.0,0.019109399247440154,0.00706902229837899,0.012463599468991567,0.043890275109900345,5.264810075892487e-09
471.0,0.019444182904621646,0.00817665107819671,0.013821137930011208,0.05389479744381716,3.0176109268412347e-09
472.0,0.019778966561803134,0.009327625087647399,0.015115535056526042,0.06527392206462353,1.7073438314018688e-09
473.0,0.02011466650152104,0.01049412285082668,0.01630356771642026,0.07797509476914187,9.561209059433575e-10
474.0,0.020450608581969298,0.011643957906487909,0.017342878432134376,0.09187699490865313,5.354187754032947e-10
475.0,0.02078655066241755,0.012741909576933578,0.01819445741059523,0.10678409080235461,3.112732885400533e-10
476.0,0.021122492742865803,0.013751428497183148,0.018825062985403814,0.12242584187224496,2.1052610184933268e-10
477.0,0.021292492475610287,0.014636610408418235,0.01920937201797443,0.13846143809323458,2.0224694300033284e-10
478.0,0.02146090043523529,0.015364294113861844,0.019331666617879825,0.15449053429333984,2.9130091635942177e-10
479.0,0.021629308394860297,0.01590611476475507,0.01918690064375525,0.1700698770510852,5.238570267909531e-10
480.0,0.021765714841967477,0.016240336042720818,0.018781045135984435,0.18473508983841694,1.0079441793046033e-09
481.0,0.021765714841967477,0.016353296510757835,0.018130679726944706,0.19802625098727497,1.9566645846438613e-09
482.0,0.021765714841967477,0.01624033603949207,0.01726186899255874,0.20951535235704774,3.768387645941783e-09
483.0,0.021765714841967477,0.015906114756273505,0.016208429871276058,0.2188333457303469,7.168626586174847e-09
484.0,0.021765714841967477,0.01536429409494302,0.015009750610514674,0.22569433559161856,1.3454411882427494e-08
485.0,0.021765714841967477,0.014636610367884183,0.013708357019806012,0.2299146009174394,2.490668738536606e-08
486.0,0.021765714841967477,0.013751428411974954,0.01234743466889766,0.23142452949980494,4.5473418772702405e-08
487.0,0.021765714841967477,0.012741909400461998,0.010968505752544669,0.23027219203224267,8.1880680554588e-08
488.0,0.021765714841967477,0.011643957546110072,0.009609429343572454,0.22661809970614719,1.4540702696077562e-07
489.0,0.021765714841967477,0.010494122125050251,0.008302848784308432,0.2207215812630908,2.5466480438523475e-07
490.0,0.021765714841967477,0.009327623646118166,0.007075156635442319,0.2129200726242169,4.398776616227591e-07
491.0,0.021765714841967477,0.00817664825446956,0.005945992948124789,0.20360332622015423,7.4933203428445e-07
492.0,0.021765714841967477,0.007069016843297262,0.004928243078440703,0.19318502838929824,1.2589140891181646e-06
493.0,0.021765714841967477,0.006027290411090571,0.0040284618162811274,0.18207450386250673,2.085918277334198e-06
494.0,0.021765714841967477,0.0050683269003791295,0.0032476243017963927,0.17065106847450015,3.4086144860648803e-06
495.0,0.021765714841967477,0.004203262563061529,0.0025820920089631378,0.1592431886454834,5.493357728885631e-06
496.0,0.021765714841967477,0.0034378571029868776,0.0020246830393264035,0.14811397978939062,8.73126716757414e-06
497.0,0.021765714841967477,0.002773119101507616,0.0015657476771282926,0.13745381356395103,1.3686615714289786e-05
498.0,0.021765714841967477,0.0022061174190469678,0.001194169314804804,0.12738000699419044,2.11589576722155e-05
499.0,0.02179737124697675,0.0017308846450772733,0.0008982338942789694,0.117942834490693,3.226055734182226e-05
500.0,0.02196607183569695,0.001339328242290818,0.0006663346083031084,0.10913652069338053,4.850973057220701e-05
501.0,0.022134772424417155,0.0010220810318086638,0.0004875000919967992,0.10091349596913986,7.193914286611467e-05
502.0,0.022303473013137353,0.0007692420743602806,0.00035175188519194424,0.09320005349301558,0.00010521582276182993
503.0,0.022669263643247416,0.0005709789954537401,0.00025030963415551965,0.08591163077347844,0.00015176661658909308
504.0,0.02334701274377822,0.00041798108996469324,0.00017567020064671702,0.07896621431421165,0.00021589910850966225
505.0,0.024024761844309024,0.00030176754948838463,0.00012159004782849467,0.07229477808340147,0.00030290388662821137
506.0,0.024702510944839835,0.0002148660689374597,8.299986028803368e-05,0.0658481478782012,0.00041911986237831277
507.0,0.025282683771306883,0.00015088377474605993,5.58773875799815e-05,0.05960016717240885,0.0005719407491027849
508.0,0.025794118655720913,0.00010449527249628513,3.710002700043946e-05,0.05354746678337028,0.0007697385492091767
509.0,0.026305553540134943,7.137237444463362e-05,2.4293593373529598e-05,0.04770646717866739,0.0010216798642037695
510.0,0.026816988424548976,4.8077629679553705e-05,1.568876256386604e-05,0.04210844402504709,0.0013374138964719422
511.0,0.02746577363919854,3.19400323223603e-05,9.992289839994194e-06,0.03679355983603024,0.0017266178596468341
512.0,0.02815190486509038,2.0927003974719257e-05,6.276546568765099e-06,0.03180471979031094,0.0021983965117501674
513.0,0.028838036090982223,1.3522536739008697e-05,3.888265286386764e-06,0.02718197338121909,0.002760547496748881
514.0,0.029524167316874052,8.617647222161384e-06,2.3755841599584915e-06,0.022957988321866848,0.0034187222732497864
515.0,0.030215112481014432,5.416250683451944e-06,1.4314110109044555e-06,0.019154903596326742,0.004175532027218053
516.0,0.03090612724426202,3.357287890229324e-06,8.50624106906457e-07,0.015782656007484384,0.005029666818952225
517.0,0.03159714200750959,2.0523868159814153e-06,4.985289918538359e-07,0.01283869346538877,0.005975111512464848
518.0,0.03225675170909529,1.237412275482109e-06,2.8815260714612523e-07,0.010308854182080364,0.007000550822463342
519.0,0.03277825966516772,7.358140192896202e-07,1.642608588056689e-07,0.00816911028993507,0.008089055420365312
520.0,0.03329976762124015,4.31589771529187e-07,9.23474769210455e-08,0.006387845407093273,0.009218129586464287
521.0,0.033821275577312584,2.498108436568312e-07,5.1203001799413737e-08,0.0049283503641976084,0.010360177764418641
522.0,0.03454672185358997,1.4291470106219073e-07,2.7999186080750038e-08,0.0037512679491967884,0.011483413558945726
523.0,0.03559821766649125,8.127807962607729e-08,1.5099956307111183e-08,0.0028167830630046148,0.01255319294367497
524.0,0.03664971347939253,4.6897765640505644e-08,8.031367444722313e-09,0.002086426790993961,0.01353370801562518
525.0,0.037701209292293814,2.92969425923106e-08,4.21309826499287e-09,0.001524431480294939,0.014389933969156807
526.0,0.03875943239103461,2.3032754603668092e-08,2.180116120295967e-09,0.0010986318793818144,0.015089685899230015
527.0,0.0398224411605962,2.640778649293375e-08,1.113610598287349e-09,0.0007809508342704529,0.01560561895720683
528.0,0.040885449930157795,4.119653423561815e-08,5.63346381966707e-10,0.000547535889893587,0.015916999307181084
529.0,0.04194845869971939,7.340764474718455e-08,2.8637833553319956e-10,0.00037862657443848925,0.016011086223358104
530.0,0.043587558945553447,1.3534133927512843e-07,1.554453798441033e-10,0.0002582337445820654,0.01588399696178702
531.0,0.0453855207802989,2.495048312315856e-07,1.088440821159454e-10,0.00017370541721947521,0.015540972588501512
532.0,0.04718348261504434,4.553619822428865e-07,1.2558346289702641e-10,0.0001152413354992781,0.014996019401067507
533.0,0.048981444449789795,8.204726991126993e-07,2.1768608851127014e-10,7.540404397686186e-05,0.014270960132611142
534.0,0.051542965735302634,1.4583888707434175e-06,4.3761671781850635e-10,4.8659759082202466e-05,0.013393984507411227
535.0,0.05411739744631151,2.556790971196792e-06,9.047475320209291e-10,3.0969362483861016e-05,0.012397833275311599
536.0,0.0566918291573204,4.420847642127767e-06,1.862405319029728e-09,1.9439272547804158e-05,0.011317778529555515
537.0,0.059349273360642225,7.5387219957334846e-06,3.788878087597706e-09,1.2034053666836529e-05,0.010189573137232972
538.0,0.06237757856858304,1.2678561335910383e-05,7.605459638958624e-09,7.34728835884792e-06,0.009047533307373894
539.0,0.06540588377652386,2.102915418234518e-05,1.5057856085460372e-08,4.42409708482979e-06,0.007922892993364806
540.0,0.06843418898446467,3.4399575535453924e-05,2.940286826314624e-08,2.627265806758317e-06,0.0068425312617793254
541.0,0.07180474052873732,5.5496267614883194e-05,5.662363199828761e-08,1.5387380224367108e-06,0.005828129460916362
542.0,0.07572798801988104,8.82986109239706e-05,1.0754385473650083e-07,8.888045553549998e-07,0.004895769814499294
543.0,0.07965123551102476,0.0001385553718770794,2.0144336800047254e-07,5.063239391179126e-07,0.004055946244520879
544.0,0.08357448300216849,0.0002144234431347938,3.721343594807856e-07,2.844664202280351e-07,0.0033139258800628135
545.0,0.08747251574050881,0.00032726575468103173,6.779941902519771e-07,1.576208689490846e-07,0.002670378304929755
546.0,0.09135243502377406,0.0004926157127643158,1.218236410876953e-06,8.613436394679677e-08,0.0021221798733833427
547.0,0.0952323543070393,0.000731299636857594,2.1588207298274043e-06,4.642149846651696e-08,0.00166330154868871
548.0,0.09911227359030453,0.0010706853377723874,3.7729494324498178e-06,2.4674140801897726e-08,0.0012856986635545059
549.0,0.10160599751612663,0.001545993818427628,6.503165258447978e-06,1.2934402146700847e-08,0.000980137020513538
550.0,0.10371209234503437,0.002201572799525337,1.1054726381751424e-05,6.687100732062466e-09,0.0007369088866878203
551.0,0.1058181871739421,0.0030919876368618432,1.8533208296818924e-05,3.409900939770612e-09,0.0005464119575065422
552.0,0.10792428200284981,0.0042827413511097815,3.064309435896229e-05,1.7154093581448287e-09,0.0003995820730550746
553.0,0.106102830961533,0.005850397094907622,4.9968237786656915e-05,8.522995651526036e-10,0.0002881848836975192
554.0,0.10420530154984886,0.007881851404315384,8.035906100557386e-05,4.2021449210998677e-10,0.00020498203398854102
555.0,0.10230777213816475,0.010472504149865261,0.00012745447242434852,2.0972963825567382e-10,0.00014379368062898763
556.0,0.09937604054850299,0.0137231003601702,0.00019936766147968195,1.1431717289735648e-10,9.948170141324967e-05
557.0,0.0917495753877579,0.01773508759628127,0.0003075627689536522,8.330060050038751e-11,6.787752740540052e-05
558.0,0.08412311022701278,0.022604444373821333,0.00046794221505015027,9.822494471684729e-11,4.567601841395845e-05
559.0,0.07649664506626767,0.028414088904922582,0.0007021503462295072,1.632349532556089e-10,3.0313069341302414e-05
560.0,0.06887732654496094,0.03522516480956062,0.001039076289204362,3.0516719923054437e-10,1.984043224626995e-05
561.0,0.06126966597923804,0.043067705300348515,0.0015165062353835036,5.825965563875798e-10,1.2807140452233937e-05
562.0,0.05366200541351515,0.05193137620543041,0.0021828325878533597,1.1060640370005755e-09,8.153308709808955e-06
563.0,0.04605434484779225,0.06175716214575613,0.003098675831452627,2.0749511154897325e-09,5.119161040923443e-06
564.0,0.040625097914191076,0.07243095827556095,0.004338218108044246,3.840678141898077e-09,3.169964556089046e-06
565.0,0.03677609365635006,0.08378003388397497,0.005989991290380515,7.01184542673731e-09,1.9360793282856343e-06
566.0,0.03292708939850905,0.09557322337009745,0.00815681545353781,1.262545987526834e-08,1.1664653923178834e-06
567.0,0.029078085140668047,0.10752546706004962,0.010954556867665903,2.242048077246892e-08,6.935849513132677e-07
568.0,0.026771890225727728,0.11930697807978469,0.014509380038748422,3.926666124585317e-08,4.075663416634539e-07
569.0,0.024903138203744127,0.13055687921904635,0.018953217567405325,6.782414676075119e-08,2.3763675940064364e-07
570.0,0.02303438618176052,0.14090067933776204,0.024417283748972514,1.1553841480536879e-07,1.39087138645149e-07
571.0,0.02116563415977692,0.14997049849015542,0.031023616853438723,1.9411128056986282e-07,8.433439192541756e-08
572.0,0.020469297408942575,0.15742656561514812,0.038874847280374054,3.2163124997849673e-07,5.6946526113876236e-08
573.0,0.019798571671312836,0.1629782593245354,0.04804264122272723,5.255932846632439e-07,4.776736086060803e-08
574.0,0.019127845933683087,0.16640288460709024,0.05855553889258524,8.470845721664836e-07,5.2506564376920266e-08
575.0,0.018517172311615017,0.16756049849728244,0.07038716037173566,1.3464516880222357e-06,7.034409106345268e-08
576.0,0.018183539116004767,0.16640341208303017,0.08344595207724934,2.1107845703007847e-06,1.0323827370318621e-07
577.0,0.017849905920394513,0.1629794737292837,0.0975677525352717,3.2635392980683795e-06,1.5572906108760855e-07
578.0,0.01751627272478426,0.15742882464223,0.1125124322881532,4.976556969152921e-06,2.350983330446467e-07
579.0,0.017245803527479574,0.14997444249435732,0.12796568560907878,7.484600735364609e-06,3.5179370096985064e-07
580.0,0.01707941588713127,0.1409073757131252,0.14354671540430713,1.1102309501441053e-05,5.200457315859743e-07
581.0,0.016913028246782966,0.13056804976887046,0.1588220735101587,1.6243143110564205e-05,7.586152742506899e-07
582.0,0.016746640606434663,0.11932534285903995,0.1733253360776473,2.343946997236174e-05,1.0916010858305203e-06
583.0,0.016772329909576344,0.10755525068844726,0.18658166797039313,3.336244237659611e-05,1.5492216075091609e-06
584.0,0.016938717549924636,0.09562088445859762,0.19813573504581808,4.683976030971633e-05,2.168462203733802e-06
585.0,0.017105105190272935,0.0838552946110308,0.2075809367739149,6.486891401166859e-05,2.993454727466444e-06
586.0,0.017271492830621227,0.07254822829986528,0.2145876240752748,8.862312166249014e-05,4.0754350863531945e-06
587.0,0.017308643515164552,0.06193746714848825,0.218927889534014,0.00011944706975039851,5.4721124993800165e-06
588.0,0.017308643515164552,0.05220491363360981,0.22049469195297317,0.00015883986094962862,7.24628769401445e-06
589.0,0.017308643515164552,0.043477154468392384,0.21931349405521225,0.00020842341052733007,9.463582388418692e-06
590.0,0.017308643515164552,0.03582987050049826,0.21554520775580194,0.0002698960027579125,1.2189193621322425e-05
591.0,0.016984050540514484,0.0292952112988306,0.2094799858421764,0.00034497284685851883,1.548366579918162e-05
592.0,0.016651559926578494,0.023871117569341824,0.2015221859050642,0.0004353181735986936,1.9397778870915647e-05
593.0,0.0163190693126425,0.019531548844695042,0.19216757272339458,0.0005424764687723183,2.3966776232928697e-05
594.0,0.01601587484780213,0.016236638867701735,0.1819744401571858,0.0006678134773246144,2.9204289176087447e-05
595.0,0.01585005556858579,0.013941931638189548,0.17153076552857363,0.000812480119244551,3.50964397251147e-05
596.0,0.01568423628936946,0.0126060210482531,0.16141972929710302,0.0009774138187704114,4.159670132696986e-05
597.0,0.015518417010153123,0.012196103620556285,0.1521859410160338,0.0011633913128159714,4.862214710741211e-05
598.0,0.015477060657854504,0.012691140615138244,0.14430453524784176,0.0013711441926778736,5.605170092392191e-05
599.0,0.01564287993707085,0.014082503520882653,0.13815498210734856,0.0016015428572468164,6.372691572028094e-05
600.0,0.0158086992162872,0.016372143042867715,0.134001047602724,0.0018558461497434472,7.145563430141991e-05
601.0,0.01597451849550354,0.01956847774927786,0.13197788759649332,0.002136003081724482,7.901864834650223e-05
602.0,0.015949704684124343,0.02368034738716933,0.13208680442846468,0.00244498059321579,8.617918276178836e-05
603.0,0.015783885404908004,0.02870951845158753,0.1341977613898266,0.0027870786462178155,9.26947252107937e-05
604.0,0.015618066125691672,0.034642362456006354,0.13805934804516157,0.0031681829273544422,9.833043272109893e-05
605.0,0.015452246846475335,0.04144144143814622,0.14331552006787177,0.003595898136130243,0.00010287311853717715
606.0,0.015030934907895982,0.04903781619772294,0.14952809873654652,0.004079503353683193,0.0001061446888600408
607.0,0.014535169586986925,0.05732492296810735,0.15620370874936476,0.004629677092065235,0.0001080138870903326
608.0,0.01403940426607787,0.06615482612558977,0.16282356782819551,0.0052579543985893816,0.00010840532466056832
609.0,0.013543638945168813,0.07533753485841224,0.16887433669720944,0.005975901894056621,0.00010730502767479047
610.0,0.013852285920503523,0.08464386562400512,0.1738781200616158,0.0067940276465561725,0.0001047620859232022
611.0,0.014182514689152137,0.09381204662421326,0.17741970703503718,0.007720478741066914,0.00010088642032874575
612.0,0.014512743457800749,0.10255791562467714,0.17916927669699,0.008759616444572108,9.584314309275468e-05
613.0,0.015133426422552844,0.11058819097209423,0.17889908186481723,0.009910592188100848,8.984442657983844e-05
614.0,0.017138740349550808,0.11761593963989864,0.17649305376106006,0.011166071996539772,8.314018203498852e-05
615.0,0.019144054276548778,0.12337707140839949,0.17194881284047384,0.012511267624283841,7.600914739592428e-05
616.0,0.021149368203546737,0.12764649767493974,0.165372177901288,0.013923425756710893,6.87521774207103e-05
617.0,0.022093384249363215,0.13025253954369267,0.15696487438373857,0.015371900358705998,6.168961407409584e-05
618.0,0.02125279748860702,0.131088269166677,0.147006686394301,0.01681888820449303,5.516459407922206e-05
619.0,0.02041221072785082,0.1301187171374007,0.1358337140485614,0.018220847156116472,4.9554029258843734e-05
620.0,0.019571623967094626,0.12738325266343864,0.12381464206949316,0.0195305468154389,4.528877355238897e-05
621.0,0.01845088461351894,0.12299289983924858,0.11132697356470318,0.02069962971517275,4.288415522910276e-05
622.0,0.017120902659497086,0.1171228379927504,0.09873503671517528,0.021681497230688688,4.298157308100065e-05
623.0,0.01579092070547523,0.11000078794640432,0.0863712587336039,0.02243428665695483,4.640118304765602e-05
624.0,0.014460938751453371,0.1018923547620256,0.0745217676935005,0.02292368161338596,5.420477751527195e-05
625.0,0.013903170574421066,0.09308463921308419,0.0634168873934698,0.023125301563885436,6.77667267015757e-05
626.0,0.01357350246689943,0.0838695211804259,0.0532265946820006,0.02302644862599494,8.884927627947074e-05
627.0,0.013243834359377796,0.07452795569611002,0.04406056782351925,0.022627047951349993,0.00011967659211521429
628.0,0.012914166251856167,0.06531642401860926,0.03597211053243736,0.02193969516449843,0.0001629998008125093
629.0,0.013225040928070137,0.05645638187360923,0.028965013826036827,0.020988811336131685,0.00022214307979709943
630.0,0.01355470903559177,0.04812718908742717,0.023002322986506042,0.01980899208377532,0.0003010188976140304
631.0,0.013884377143113406,0.04046263661504542,0.01801599923336981,0.018442712203422845,0.00040409919081996334
632.0,0.014242595988984034,0.033550851881038374,0.013916582213585691,0.01693760204518814,0.0005363290572847555
633.0,0.014739206608240869,0.027437095368800714,0.010602139838409439,0.015343540914220728,0.0007029709307265065
634.0,0.015235817227497696,0.022128781474696844,0.00796600412510031,0.013709814027536219,0.0009093705939039901
635.0,0.01573242784675453,0.017601971681738115,0.005903006040154653,0.012082554678564384,0.0011606420354469758
636.0,0.016478091014935154,0.013808592109716931,0.004314115423647113,0.010502647225055695,0.0014612760319086505
637.0,0.017646824218146503,0.010683704501089259,0.0031095482230073844,0.009004206613436207,0.0018146870546464438
638.0,0.018815557421357848,0.008152287662416555,0.002210514844221134,0.007613684756825113,0.00222272386221074
639.0,0.019984290624569193,0.006135141265956832,0.0015498499072717107,0.0063495913641333284,0.0026851797465169253
640.0,0.022040453470598666,0.004553683295133846,0.0010717899336800277,0.005222763622552122,0.0031993473503985994
641.0,0.024765886172253587,0.0033335581031049125,0.0007311597285289485,0.0042370802087604775,0.003759668623122534
642.0,0.02749131887390852,0.0024070915658241984,0.000492200089582099,0.003390492718611169,0.004357531289533381
643.0,0.030216751575563444,0.0017147167009922692,0.00032722842100327146,0.0026762416207561433,0.004981258019330906
644.0,0.03097777007405206,0.0012055463635455368,0.00021527795723167925,0.0020841321105754718,0.005616322790936847
645.0,0.031150676912951085,0.0008372923808553379,0.00014081677681652055,0.0016017642526641516,0.006245811111243303
646.0,0.03132358375185012,0.0005757286079893522,9.260865855308582e-05,0.001215637398531661,0.006851118106801699
647.0,0.03149649059074915,0.0003938759208648103,6.274621398675167e-05,0.0009120769433692347,0.00741285328786971
648.0,0.02983943274143491,0.00027105713875515055,4.586316566584511e-05,0.0006779585270570783,0.00791189594577645
649.0,0.028124067193721736,0.00019193536908208088,3.8516567407011575e-05,0.0005012282169440309,0.008330523945902057
650.0,0.026408701646008566,0.0001456149693314155,3.8719965654023384e-05,0.0003712355400272423,0.00865352424828089
651.0,0.025184590605942126,0.0001248533319245788,4.560349648570895e-05,0.0002789089982090615,0.008869188304872915
652.0,0.026382156716248033,0.00012540568605572477,5.917524057385153e-05,0.00021681128544430783,0.008970100939373789
653.0,0.02757972282655394,0.00014550459701978744,8.015857161569622e-05,0.00017911479060990748,0.00895364742104825
654.0,0.028777288936859855,0.0001854605725638436,0.00010988180124775943,0.00016153836038312089,0.008822188736211666
655.0,0.030497472724086712,0.0002473594937574578,0.0001501985611928525,0.00016128496767834195,0.0085828867550085
656.0,0.0331145358794486,0.00033482571755152625,0.00020341981542502523,0.00017701792001013466,0.008247195349880576
657.0,0.03573159903481047,0.0004528160246892473,0.0002722411802213767,0.00020891119868242055,0.00783006638869101
658.0,0.03834866219017235,0.0006074087417566989,0.00035965256700502986,0.00025880760341675006,0.007348946929016167
659.0,0.04375796671289356,0.0008055542617818457,0.00046882138412700545,0.0003305162145060974,0.006822662670161802
660.0,0.05129358056138638,0.0010547579498776498,0.0006029459927988371,0.00043027738731087674,0.00627029077063239
661.0,0.05882919440987921,0.0013626742540266544,0.0007650830933115993,0.0005674177378790625,0.005710121953225548
662.0,0.06636480825837203,0.0017366018537669085,0.0009579613516993042,0.0007552077519647034,0.005158798293713696
663.0,0.08354033487821189,0.0021828836967014886,0.0011838037740149793,0.001011919078522647,0.004630691353309318
664.0,0.10364066475375608,0.0027062321826265903,0.0014441927363559876,0.0013620558249764867,0.004137558342479299
665.0,0.12374099462930024,0.0033090174206040096,0.001740023533055067,0.0018377034617964281,0.0036884851196848575
666.0,0.14384132450484444,0.00399057375412267,0.002071603872720427,0.0024799005530615893,0.0032900972180970444
667.0,0.14028817179103792,0.004746594586798464,0.002438966723415136,0.0033398942693927173,0.002946996386438834
668.0,0.13592138576949087,0.005568695769345986,0.0028424708387851765,0.004480094220227349,0.002662362130520733
669.0,0.13155459974794387,0.006444231447973631,0.003283765535922081,0.005974496359460592,0.002438646328396067
670.0,0.12488994916769486,0.007356441916621732,0.0037671920143954375,0.007908317332080748,0.0022782841890205494
671.0,0.1067031491573802,0.008285000164403452,0.00430168072470158,0.01037656882346108,0.002184346008492336
672.0,0.08851634914706559,0.009207003105075608,0.004903180934317948,0.013481320824152028,0.002161060361500998
673.0,0.07032954913675098,0.01009842672567401,0.005597622638089598,0.017327460687770815,0.0022141494894239236
674.0,0.05805339145944346,0.010936034365952637,0.006424360506423983,0.022016856896261757,0.0023509308179931604
675.0,0.05602490587896801,0.011699697317984726,0.007439983512051055,0.02764098301690837,0.0025801541619993947
676.0,0.053996420298492574,0.012375060061019934,0.008722292358284393,0.034272242143989065,0.002911561953655399
677.0,0.051967934718017146,0.012956461002946692,0.010374152078977628,0.04195444102724112,0.003355179629935432
678.0,0.059067461299931255,0.013450004347810829,0.012526824438095444,0.050693074139846354,0.003920364929058239
679.0,0.07318558546889199,0.013876668473471875,0.01534228313112237,0.06044626280822616,0.004614667732507374
680.0,0.08730370963785272,0.014275327861037983,0.019013927753282926,0.07111732154940438,0.005442575119297271
681.0,0.10142183380681347,0.014705554596180052,0.023765057730747004,0.08254996233743654,0.006404237630453869
682.0,0.11044373191435795,0.015250046771011121,0.02984446566379325,0.09452707339147545,0.00749428985148122
683.0,0.11789877790985165,0.016016500807234935,0.03751858230133036,0.10677380966932816,0.008700888346770208
684.0,0.12535382390534536,0.01713870157049728,0.04705977134777596,0.11896541104618784,0.010005089754540846
685.0,0.13280886990083904,0.018776551209787894,0.058730642893637094,0.13073974309090824,0.011380679073659241
686.0,0.11826565241889299,0.021114703332990075,0.07276462872098398,0.14171407438128703,0.012794531626896045
687.0,0.1029096912124131,0.024359427318703605,0.08934352391083712,0.15150511778946724,0.014207552365067832
688.0,0.08755373000593321,0.028733316611930276,0.10857321089738638,0.15975093325454723,0.015576185609734323
689.0,0.0747464616057935,0.03446749514845757,0.1304592893486717,0.16613297732998417,0.016854431571589435
690.0,0.0749412202756788,0.041791086385188275,0.1548847679070762,0.17039644064927548,0.017996249225486573
691.0,0.07513597894556409,0.05091790246102279,0.18159225440190038,0.1723670693314922,0.018958175472549757
692.0,0.07533073761544938,0.06203058869006167,0.21017313585455427,0.1719629254861563,0.019701954969614237
693.0,0.07833207837653625,0.0752628081414017,0.24006601150731358,0.16919998254213953,0.02019695932562795
694.0,0.08624952371567719,0.0906804429205326,0.27056610429996364,0.16419102437101943,0.020422182070346805
695.0,0.09416696905481814,0.10826317708018571,0.30084654231681296,0.15713795495077326,0.02036762742111789
696.0,0.1020844143939591,0.1278881524829676,0.32999133125370883,0.14831824991614562,0.020034963664020827
697.0,0.11402940966237071,0.14931758960903782,0.3570386355436272,0.13806681702561666,0.019437380155181178
698.0,0.12910127913747269,0.17219228077699308,0.38103178736199933,0.12675491673715947,0.018598662500137784
699.0,0.14417314861257466,0.19603264952972782,0.4010744043507105,0.1147679861513088,0.017551574237455018
700.0,0.1592450180876766,0.220248609158878,0.4163852683512943,0.10248419613149755,0.01633569643514172
701.0,0.20957068022952718,0.24415876175798534,0.4263483192965913,0.09025536679877812,0.014994921661349437
702.0,0.27087883229871496,0.2670186105328246,0.43055332066229807,0.07839150915876346,0.013574821075182717
703.0,0.3321869843679027,0.28805650082132717,0.42882346032721197,0.06714980541035713,0.012120101365919343
704.0,0.3934951364370905,0.30651507335394484,0.4212272982733498,0.05672835001407774,0.01067234369066968
705.0,0.527562962362106,0.32169523128268623,0.4080739320322967,0.04726450826280227,0.009268174187132928
706.0,0.664505244538224,0.3329991070594377,0.38989184808599653,0.03883735897250532,0.007937961598864696
707.0,0.8014475267143419,0.3399683559406584,0.367393467953228,0.031473407055768586,0.006705079441763886
708.0,0.8995639651650581,0.342314346016836,0.3414286951778061,0.02515459567415139,0.005585715097636278
709.0,0.7961285972177929,0.3399374529785128,0.312931673405461,0.019827613968887343,0.004589162148287847
710.0,0.6926932292705277,0.332933638702756,0.28286538273238804,0.015413567874288372,0.003718499166743471
711.0,0.5892578613232625,0.3215876853613263,0.2521686065871603,0.011817231148513027,0.00297153987098511
712.0,0.49421950893756655,0.3063537275287463,0.2217092383079618,0.008935289974402995,0.002341935710498693
713.0,0.4140416643549139,0.2878249184256701,0.19224696708172134,0.006663206367747047,0.0018203205470991252
714.0,0.33386381977226126,0.2666950391083514,0.16440722788989368,0.004900526858392224,0.001395404893273305
715.0,0.2536859751896086,0.24371549976335524,0.13866707605189127,0.0035546342418290985,0.0010549504466483947
716.0,0.20074259030689193,0.21965142691129447,0.11535250234134178,0.002543070404677741,0.0007865807498606277
717.0,0.1691482522228452,0.1952403711496695,0.09464576002033563,0.0017946436567289506,0.0005784076010802854
718.0,0.1375539141387985,0.17115665243689698,0.07660060983068032,0.0012495771873597338,0.00041947307244236885
719.0,0.10595957605475176,0.14798357260945558,0.06116303580191969,0.0008589630036429575,0.00030002234078329795
720.0,0.08933850581380123,0.12619478390735855,0.048194932372820395,0.0005837670517846791,0.00021163257303199784
721.0,0.07744337323582753,0.1061451321828811,0.03749846498796181,0.0003935956920670888,0.00014722814341849969
722.0,0.06554824065785383,0.08807040857231992,0.028839192240185104,0.00026538992834972797,0.0001010133010018238
723.0,0.053653108079880135,0.07209473325835423,0.02196652869272324,0.0001821687026869334,6.835112938565164e-05
724.0,0.04870266959096883,0.058243815007715354,0.01663064784946846,0.00013190099225762528,4.5613377223504324e-05
725.0,0.044044458328578,0.046462099003136643,0.012595411270138156,0.0001065511861012935,3.0020516795822754e-05
726.0,0.03938624706618716,0.036631817904204514,0.009647318038729013,0.00010131433165229746,1.948603603874585e-05
727.0,0.03535840768158164,0.028592155797137697,0.007600774579658464,0.00011403709419705596,1.2474071839449335e-05
728.0,0.03466118986019821,0.022157064639476018,0.006300182938642749,0.0001448056316709501,7.875395730593148e-06
729.0,0.033963972038814766,0.017130675796609006,0.005619445824151707,0.0001956716665279895,4.903610305250587e-06
730.0,0.03326675421743133,0.013319667435747057,0.005459508451232155,0.0002704814678390465,3.011195667745741e-06
731.0,0.03263322566424709,0.010542335144365566,0.005744524486944489,0.0003747681581795155,1.8236506186327565e-06
732.0,0.03211357858400183,0.008634436225242422,0.006417169826765911,0.0005156650957950033,1.0892424202526886e-06
733.0,0.03159393150375657,0.007452121158706513,0.007433553375171615,0.0007017969229232344,6.41637779964157e-07
734.0,0.03107428442351131,0.0068724257658513855,0.008758102365673079,0.0009431055562329005,3.727742122372955e-07
735.0,0.030748357517587532,0.006791881869179829,0.010358738297401476,0.0012505716166864886,2.1361004428986388e-07
736.0,0.030575758068786367,0.007123826060771081,0.01220260941733709,0.0016357984065112788,1.2076017532966774e-07
737.0,0.030403158619985198,0.007794961162594451,0.014252603264650984,0.002110436311186386,6.741204533015114e-08
738.0,0.030230559171184033,0.008741667964696335,0.016464821818107572,0.002685440854003253,3.727804731644032e-08
739.0,0.030058191811245086,0.00990648808583848,0.018787155398343584,0.0033701773699145944,2.0653907535812063e-08
740.0,0.029885898661537943,0.0112351111961492,0.02115903428610916,0.004171408393400778,1.1909447563529011e-08
741.0,0.0297136055118308,0.012674107165221335,0.02351236666365839,0.005092224465824389,7.94035561046749e-09
742.0,0.02954131236212367,0.014169549579627827,0.02577358952353037,0.006131002405230199,7.264299012965924e-09
743.0,0.029533945909167063,0.015666584158119536,0.02786667117600306,0.007280493772866714,9.561560145263797e-09
744.0,0.029533945909167063,0.017109906628459372,0.02971681876797717,0.008527156735148183,1.554964447253e-08
745.0,0.029533945909167063,0.01844503316355598,0.0312545725213087,0.009850843517370624,2.7152849657660894e-08
746.0,0.029506983429917522,0.019620177015127055,0.032419920936341044,0.011224940891208441,4.7990576426916014e-08
747.0,0.029334995494098588,0.020588492618610094,0.03316605672832501,0.012617031878259416,8.427013754577176e-08
748.0,0.029163007558279667,0.0213104180301763,0.033462416760451405,0.013990104286392021,1.4623777046584237e-07
749.0,0.028991019622460732,0.021755841696954874,0.03329671074775948,0.015304279136733231,2.504209066530103e-07
750.0,0.02875807802646387,0.021905841623693766,0.03267573773579317,0.01651897473475782,4.2298905226611886e-07
751.0,0.028415013484412194,0.02175379243702007,0.0316249062005735,0.01759536674087548,7.046706838980535e-07
752.0,0.028071948942360522,0.02130570399964414,0.030186499523486312,0.01849895832265868,1.1577860605778177e-06
753.0,0.027728884400308837,0.02057973667318742,0.02841684855474179,0.019202044080581373,1.8760816934680845e-06
754.0,0.02738649127497973,0.01960492378269627,0.02638267276265468,0.019685842177365926,2.9981645693972954e-06
755.0,0.027044634709168215,0.018419211405755472,0.02415691973578105,0.01994208380728022,4.725406783954657e-06
756.0,0.0267027781433567,0.017066990209372506,0.0218144627234333,0.019973887682192076,7.345187169478414e-06
757.0,0.02636092157754519,0.01559633671485695,0.019428005968075913,0.0197958063518477,1.1260208860293026e-05
758.0,0.026019971046749617,0.014056198182223211,0.017064501594055478,0.019433004931821173,1.7024326218599837e-05
759.0,0.02567931398012587,0.012493745890512144,0.014782307980753213,0.018919613221915283,2.5384775404510968e-05
760.0,0.025338656913502126,0.010952088969228009,0.012629228985196658,0.01829637038965943,3.732988260540139e-05
761.0,0.024997999846878383,0.009468490884865408,0.010641478288457002,0.017607748770105354,5.4140196743483694e-05
762.0,0.02465848013570461,0.008073170708394329,0.008843524974924242,0.016898792670788663,7.743957167473509e-05
763.0,0.024319014180136676,0.006788709404663889,0.007248704406818305,0.016211934372783184,0.00010924107425662625
764.0,0.02397954822456875,0.0056300249561870176,0.005860428470979628,0.01558405050848757,0.0001519808574391774
765.0,0.023640264888215374,0.004604834921167156,0.004673803674103013,0.015043998213960155,0.00020853152871432826
766.0,0.02330198174325248,0.003714494594535786,0.0036774632742522873,0.014610824989589419,0.0002821853562102692
767.0,0.02296369859828958,0.002955084480675736,0.0028554368884578718,0.014292784163268906,0.0003765972356021951
768.0,0.022625415453326688,0.0023186213094395576,0.002188912312811658,0.014087215661872425,0.0004956780560952025
769.0,0.022347150837770363,0.0017942796578742518,0.0016577834688204873,0.01398127647319148,0.0006434312777765438
770.0,0.02217845024905016,0.0013695326725697175,0.0012419195676159603,0.01395343363531443,0.000823729377832022
771.0,0.022009749660329956,0.0010311463736699027,0.0009221288846854362,0.013975571053165997,0.0010400323620374415
772.0,0.021841049071609758,0.0007659887785043516,0.0006808225102491548,0.014015514995193112,0.0012950575353458662
773.0,0.021765714841967477,0.0005616395392301074,0.0005024071824723728,0.014039755359502045,0.0015904176458979187
774.0,0.021765714841967477,0.00040680583434465927,0.00037345134634315664,0.014016132587890327,0.0019262525249721513
775.0,0.021765714841967477,0.0002915647955432573,0.0002826755655097403,0.013916273471367289,0.002300886361346141
776.0,0.021765714841967477,0.00020746161348665705,0.0002208187569950661,0.013717591205065528,0.0027105475634085193
777.0,0.022147457938351142,0.00014749618568827235,0.0001804272018159981,0.013404712375244094,0.0031491896072641423
778.0,0.022654441672034252,0.00010603074503721153,0.00015560573684904203,0.012970251145582486,0.0036084484175510243
779.0,0.02316142540571736,7.864754874908095e-05,0.00014176159123543874,0.01241491285582719,0.004077764200200589
780.0,0.02366840913940046,6.198062740748915e-05,0.00013536229713240636,0.011746969311220472,0.004544683377809986
781.0,0.024177927787559807,5.353985611436884e-05,0.00013372089629853353,0.010981200324912918,0.004995340209009556
782.0,0.024687572865368837,5.154004217571646e-05,0.0001348148262346828,0.010137435694264159,0.005415099332258427
783.0,0.025197217943177867,5.474288659177303e-05,0.00013713963477925606,0.009238855448092314,0.005789321940238075
784.0,0.02578556962967184,6.231587541322008e-05,0.00013959503754569922,0.008310212550404898,0.00610420193660878
785.0,0.026812956617736635,7.370948219080303e-05,0.00014139864009980827,0.0073761319939615695,0.0063476065826054175
786.0,0.02784034360580144,8.85524423571045e-05,0.00014202165130985312,0.006459615937049397,0.006509850725597825
787.0,0.028867730593866235,0.00010656411475840936,0.00014114083718095961,0.00558085022654759,0.0065843358878770715
788.0,0.029898980453824713,0.00012748283670407326,0.00013860152979936583,0.004756368112061694,0.006567995470823695
789.0,0.03093735574639785,0.00015100945143918068,0.00013438746299416178,0.003998587104753849,0.006461504214402471
790.0,0.031975731038970986,0.00017676559991166877,0.0001285943413475983,0.0033156991477893733,0.006269231973896169
791.0,0.033014106331544134,0.00020426671902391377,0.00012140519106312637,0.002711865872571673,0.005998946226774502
792.0,0.03454549302035266,0.00023290982732249803,0.00011306656255135057,0.0021876516951668747,0.005661291534391318
793.0,0.036478513993163285,0.000261976021398552,0.00010386547090669845,0.001740618417864291,0.005269094567765471
794.0,0.03841153496597391,0.00029064713484971326,9.410752749326512e-05,0.0013660051194014924,0.004836557882312856
795.0,0.040344555938784527,0.00031803527379043356,8.409702550345835e-05,0.0010574247451957226,0.004378412855845988
796.0,0.04423575197053651,0.0003432230406045992,7.411981666440913e-05,0.0008075216626946932,0.003909101588482903
797.0,0.04877760743643063,0.0003653113311613186,6.442969998743872e-05,0.0006085500643257147,0.003442049662878722
798.0,0.05331946290232474,0.0003834707967010679,5.523879528993913e-05,0.00045284919374949736,0.0029890779521396776
799.0,0.05786131836821887,0.00039699254827985303,4.671205772226347e-05,0.00033320608484023126,0.002559984248921101
800.0,0.06467955646279756,0.00040533356448121147,3.8965764601362486e-05,0.00024310855612823414,0.0021623067602642904
801.0,0.071617304645382,0.0004081526045819631,3.206952180092903e-05,0.00017689992019265615,0.0018012637715939033
802.0,0.07855505282796643,0.000405333226680787,2.605112791105241e-05,0.0001298521160636853,0.0014798489350874666
803.0,0.0847872231383695,0.00039699169318723387,2.090351741769048e-05,9.817604686675995e-05,0.0011990509740227612
804.0,0.08700991919097978,0.0003834689856125384,1.6592979955085553e-05,7.89873792639427e-05,0.0009581606989029613
805.0,0.08923261524359005,0.00036530767790588436,1.3067908424722368e-05,7.024364997168625e-05,0.0007551270024804362
806.0,0.09145531129620034,0.0003432158491368608,1.0267442354712698e-05,7.06649646724275e-05,0.0005869262773786145
807.0,0.09503745796714723,0.0003180213817784404,8.129517741723491e-06,7.96465428916361e-05,0.00044991544424225746
808.0,0.10115354660696743,0.0002906207592820672,6.5979843785320596e-06,9.716742845339016e-05,0.00034014628488386595
809.0,0.10726963524678759,0.00026192677110763185,5.628583900987501e-06,0.00012369629316703908,0.000253626864157945
810.0,0.1133857238866078,0.00023281934564111482,5.193680709131993e-06,0.00016009273154917434,0.00018652349384998878
811.0,0.11027115658551215,0.0002041031158811696,5.2856958077890965e-06,0.00020750098245436618,0.00013530321060062117
812.0,0.09956427487414107,0.00017647438539644656,5.9192110426577745e-06,0.00026723272039300876,9.682168263518007e-05
813.0,0.08885739316276998,0.00015049904124803636,7.131696273608416e-06,0.0003406364349211919,6.836469076659072e-05
814.0,0.07815051145139887,0.0001266018045311129,8.98277879761336e-06,0.00042895285708047817,4.765294717968615e-05
815.0,0.06917047666818564,0.000105066153985311,1.1551940726739744e-05,0.0005331586846578466,3.282028254894099e-05
816.0,0.06077153958143199,8.60434100411994e-05,1.4934515267068782e-05,0.0006538041791338273,2.2374495326599462e-05
817.0,0.05237260249467833,6.956889125842457e-05,1.9235874668962134e-05,0.0007908536305813059,1.5148781644293266e-05
818.0,0.043973665407924675,5.558277388242322e-05,2.4563774398916064e-05,0.0009435407108788813,1.0249981970402716e-05
819.0,0.04037018125931926,4.3953279534862736e-05,3.101894610974166e-05,0.001110252830601739,7.008158193128562e-06
820.0,0.03703110804965995,3.450003634142373e-05,3.868421325299632e-05,0.0012884592894111544,4.930440478321838e-06
821.0,0.03369203484000065,2.7015837147425845e-05,4.761262407205772e-05,0.0014746968892272144,3.6607683278832645e-06
822.0,0.03059252803321521,2.128548150632444e-05,5.781533304284869e-05,0.0016646235848341811,2.946140144180324e-06
823.0,0.028880187978553965,1.710086841625253e-05,6.925018053444315e-05,0.001853145756727311,2.6092761732161357e-06
824.0,0.02716784792389271,1.4271951035856815e-05,8.181208317319786e-05,0.00203461817412187,2.5271547083815326e-06
825.0,0.02545550786923147,1.2633537999579754e-05,9.532641565222728e-05,0.002203108317155153,2.61464814538816e-06
826.0,0.024160870797460224,1.2048212580570211e-05,0.0001095465063377923,0.0023527093068742874,2.8124069464223242e-06
827.0,0.023653003042776496,1.2405841192000818e-05,0.00012415616462731148,0.00247787921861298,3.0781630971589397e-06
828.0,0.023145135288092773,1.362026846008002e-05,0.00013877780671093712,0.002573779967584651,3.3807065831521533e-06
829.0,0.02263726753340905,1.56238650931756e-05,0.00015298626917799695,0.0026365870144658306,3.695896067173129e-06
830.0,0.022314693004786185,1.8360625214098792e-05,0.00016632783990425863,0.0026637422905692763,4.00417632320389e-06
831.0,0.022145992416065987,2.1778516094583824e-05,0.00017834345450455167,0.0026541270301892695,4.289177286299474e-06
832.0,0.02197729182734578,2.582177330769426e-05,0.00018859447723464743,0.0026081382309255463,4.537057106661212e-06
833.0,0.02180859123862558,3.0423809114170673e-05,0.00019668908156979543,0.0025276614561489633,4.736323502756396e-06
834.0,0.021765714841967477,3.550135644328407e-05,0.00020230703137126497,0.002415942574332337,4.877925976483008e-06
835.0,0.021765714841967477,4.095039681711278e-05,0.00020522068090465058,0.0022773705929311945,4.955459261117201e-06
836.0,0.021765714841967477,4.664430977247803e-05,0.00020531027384456182,0.0021171918320902496,4.965358906242902e-06
837.0,0.021765714841967477,5.243452910086633e-05,0.00020257210730772,0.0019411813555752387,4.9070056230922575e-06
838.0,0.021447575476578724,5.81537993440494e-05,0.00019711878455772934,0.0017553002433784606,4.782687320578661e-06
839.0,0.021111051172989084,6.36219043256439e-05,0.0001891715319099606,0.001565366786264639,4.597396993841918e-06
840.0,0.020774526869399446,6.865350601340425e-05,0.0001790453101508826,0.0013767662672306397,4.358470282180237e-06
841.0,0.020486762619299062,7.306751094173914e-05,0.00016712811664192748,0.001194218290555339,4.07508761411251e-06
842.0,0.020486762619299062,7.669720001330208e-05,0.00015385637252778714,0.001021613493618629,3.757681351928321e-06
843.0,0.020486762619299062,7.940024163848025e-05,0.00013968856590235125,0.0008619238986526703,3.4172974704641624e-06
844.0,0.020486762619299062,8.10676778513241e-05,0.00012507935376365948,0.0007171840539537553,3.064963832369223e-06
845.0,0.020486762619299062,8.163103839562016e-05,0.00011045612386709288,0.0005885342299492384,2.711113494801077e-06
846.0,0.020486762619299062,8.106689655875534e-05,9.619962278234202e-05,0.00047631277474853806,2.3651027783523637e-06
847.0,0.020486762619299062,7.93984175656452e-05,8.262973109151062e-05,0.0003801825086780125,2.0348516162837e-06
848.0,0.020486762619299062,7.669373915368884e-05,6.99968844072933e-05,0.00029927568611877404,1.7266198088264583e-06
849.0,0.020395474985914864,7.306133035907855e-05,5.8479073087360274e-05,0.00023234329240386784,1.4449190591060055e-06
850.0,0.020227649249431223,6.864276165696239e-05,4.8183866941552295e-05,0.00017789684502303433,1.1925486444076842e-06
851.0,0.020059823512947588,6.360355326430126e-05,3.915454860398293e-05,0.00013433394233786523,9.707334308188043e-07
852.0,0.019891997776463947,5.812292224345128e-05,3.137922348665771e-05,0.00010004207606157009,7.793372955530639e-07
853.0,0.0200987072577943,5.238330807452906e-05,2.4801706461090398e-05,7.347829826895763e-05,6.171229698382238e-07
854.0,0.020434649338242555,4.65605187968371e-05,1.933304821593264e-05,5.322492385882566e-05,4.820304842502363e-07
855.0,0.020770591418690806,4.08152165929284e-05,1.4862727149838586e-05,3.802339332606195e-05,3.714500822947668e-07
856.0,0.021106533499139064,3.5286274079861367e-05,1.12687586182464e-05,2.6789672205047116e-05,2.824707829640504e-07
857.0,0.02144357555050203,3.0086308356527103e-05,8.426224919828226e-06,1.8615169462058485e-05,2.1209180933377226e-07
858.0,0.021780684098847248,2.5299468788358392e-05,6.213973818400032e-06,1.275722739425397e-05,1.5739004935820526e-07
859.0,0.022117792647192464,2.0981343939284054e-05,4.5194458943743175e-06,8.622912435441999e-06,1.1564195514440418e-07
860.0,0.02247923742446955,1.7160684387861417e-05,3.241756321203293e-06,5.7492672240845016e-06,8.440242382419478e-08
861.0,0.022987105179153245,1.3842524639088892e-05,2.293268728826595e-06,3.7825022458672146e-06,6.154606856296847e-08
862.0,0.023494972933836938,1.1012233375514008e-05,1.599959380018822e-06,2.457916414954842e-06,4.5277907142888566e-08
863.0,0.02400284068852063,8.640023187836332e-06,1.1008862477610188e-06,1.5817145895300473e-06,3.4121033525135875e-08
864.0,0.024453311176530337,6.685498714058293e-06,7.47060204856524e-07,1.0153800604997028e-06,2.6888542343913604e-08
865.0,0.024793371644618544,5.101901989252385e-06,4.999758481580092e-07,6.628794186090177e-07,2.2646122206021745e-08
866.0,0.025133432112706754,3.839810687400604e-06,3.3000815560555905e-07,4.6072442761258855e-07,2.067057967995898e-08
867.0,0.025473492580794965,2.850144736073535e-06,2.1482702579597675e-07,3.7077649171377854e-07,2.040831601574557e-08
868.0,0.025906851104940547,2.0864280697200776e-06,1.3793119655598188e-07,3.7563301513878345e-07,2.1436608823520222e-08
869.0,0.02641918561513472,1.5063272021107441e-06,8.736007222975311e-08,4.7645776477573353e-07,2.342954844482949e-08
870.0,0.02693152012532889,1.0725427734022527e-06,5.460847871984119e-08,6.931854429290405e-07,2.6129691833477264e-08
871.0,0.02744385463552305,7.53163601068105e-07,3.374555683565532e-08,1.0671209875022163e-06,2.9325940956760985e-08
872.0,0.0284703093643593,5.216070174672283e-07,2.0724079617021352e-08,1.6660441045806156e-06,3.283783140352344e-08
873.0,0.02967637660547748,3.5626809210798083e-07,1.2859079467756703e-08,2.591996384107689e-06,3.650634495786777e-08
874.0,0.030882443846595675,2.399881682157796e-07,8.453332893647296e-09,3.991948157122769e-06,4.019159142589985e-08
875.0,0.03208851108771386,1.5943443779809572e-07,6.550731086362491e-09,6.071489898870915e-06,4.3778367636312085e-08
876.0,0.03314385857414596,1.044609189647334e-07,6.806057602684254e-09,9.111543171779337e-06,4.719194326520859e-08
877.0,0.034189690924549904,6.750018492001816e-08,9.470957569764652e-09,1.3487816069921564e-05,5.042887954748812e-08
878.0,0.03523552327495384,4.301654558824808e-08,1.5511289833757786e-08,1.9692322168795328e-05,5.3611979915551534e-08
879.0,0.03613479004656017,2.7036201976917746e-08,2.6891582691330166e-08,2.8355737666716114e-05,5.708575275503066e-08
880.0,0.03613479004656017,1.67585295373318e-08,4.708946953303377e-08,4.0268706801735413e-05,6.158081947301137e-08
881.0,0.03613479004656017,1.0244907947796415e-08,8.193862471496336e-08,5.639946640963498e-05,6.849521524276427e-08
882.0,0.03613479004656017,6.176878132630569e-09,1.409447759744675e-07,7.79044251251454e-05,8.037144965612624e-08
883.0,0.03607531780253979,3.673199889611037e-09,2.3927735008388573e-07,0.0001061277137272351,1.0169613447172998e-07
884.0,0.03590022818902527,2.154917558415103e-09,4.0070961289064574e-07,0.00014258536215031755,1.4022167000890207e-07
885.0,0.03572513857551074,1.2482026100698218e-09,6.618611180872556e-07,0.00018892981384266623,2.0911712567967113e-07
886.0,0.03555004896199621,7.160366901858974e-10,1.078182917494906e-06,0.0002468911128629325,3.3041093289698624e-07
887.0,0.035848020147890035,4.113668517614438e-10,1.7322086786762794e-06,0.00031819241343891686,5.404066080819394e-07
888.0,0.036550281179974296,2.45975412983714e-10,2.744657952746234e-06,0.00040443951934435337,8.98051089099444e-07
889.0,0.03725254221205856,1.7084155380555065e-10,4.288998663876924e-06,0.0005069869163349855,1.4976292229272315e-06
890.0,0.037954803244142826,1.6520665004062983e-10,6.610024569198292e-06,0.0006267860465222186,2.487658656926609e-06
891.0,0.039055272042072334,2.3294804115915607e-10,1.0046844065525766e-05,0.0007642250873295463,4.098467510071644e-06
892.0,0.0402965860304938,4.0635052606920473e-10,1.5060370564560936e-05,0.000918972816874149,6.681634707313646e-06
893.0,0.04153790001891527,7.591578193960618e-10,2.2264915810101798e-05,0.0010898417661679245,1.0765212757531737e-05
894.0,0.04277921400733674,1.4332036617046e-09,3.246279120824333e-05,0.0012746872499573418,1.7129347448508246e-05
895.0,0.044375505045279186,2.68640822256228e-09,4.667991554020409e-05,0.0014703585678237543,2.6907418936401423e-05
896.0,0.045995161661164775,4.975087199572377e-09,6.619934114196324e-05,0.0016727163632579802,4.171795451544798e-05
897.0,0.04761481827705035,9.09116607299219e-09,9.258842062860657e-05,0.0018767257438758293,6.383204441478058e-05
898.0,0.04936601160437807,1.638605467113843e-08,0.0001277141713038753,0.002076628516556638,9.637951762258774e-05
899.0,0.051940443315387115,2.9128877726962708e-08,0.0001737404373869648,0.0022661903021938684,0.00014359437217653312
900.0,0.05451487502639615,5.1068907080758225e-08,0.00023309992911063523,0.002439010165707671,0.0002110955977565315
901.0,0.057089306737405185,8.830186214755137e-08,0.00030843438418929573,0.0025888727147690455,0.0003061933707933285
902.0,0.06001194163322367,1.5057846037678838e-07,0.00040249719133755586,0.0027101164273952284,0.0004382026272763012
903.0,0.0636187222231393,2.532417584293905e-07,0.0005180150197751764,0.0027979882044925674,0.0006187365027222128
904.0,0.06722550281305495,4.2003667275925926e-07,0.0006575083845953339,0.0028489534907618053,0.0008619417390043208
905.0,0.0708322834029706,6.870977153936803e-07,0.0008230755557151455,0.002860934063370744,0.0011846280181165546
906.0,0.07516526162084647,1.1084834184024273e-06,0.0010161494992476953,0.0028334515926242945,0.0016062348850800787
907.0,0.08012482628762607,1.7636780013549408e-06,0.001237243124742668,0.002767663715106998,0.002148575448666623
908.0,0.08508439095440568,2.767507427095417e-06,0.0014857033118845003,0.002666289627229518,0.002835297587904304
909.0,0.09004395562118526,4.282897613437319e-06,0.001759498193833303,0.002533432862510839,0.0036910130378704975
910.0,0.09535850232413066,6.536811923501671e-06,0.002055064148865478,0.0023743186545177363,0.00474006407693611
911.0,0.1008001554980903,9.839514886272598e-06,0.0023672381772496835,0.002194970934975,0.006004927231501496
912.0,0.10624180867204994,1.4606991772222816e-05,0.002689297352314755,0.002001858698718813,0.007504292698348373
913.0,0.11168346184600957,2.1385887714510593e-05,0.003013119753895767,0.0018015427269012995,0.00925090457556936
914.0,0.11807123575280574,3.08797076431623e-05,0.003329471109560618,0.0016003515055418162,0.01124929616152354
915.0,0.12452384534433943,4.397425370926291e-05,0.0036284091638783865,0.0014041100554041425,0.01349360053965681
916.0,0.13097645493587307,6.175941528646643e-05,0.0038997848732215405,0.0012179380957052543,0.01596565231237163
917.0,0.1373913267712753,8.55435508584895e-05,0.004133807465885233,0.001046125503589647,0.01863361435252409
918.0,0.14356520662015396,0.0001168559341789003,0.0043216308606048685,0.000892084465340218,0.021451357410449245
919.0,0.14973908646903258,0.0001574322381829319,0.004455913359136198,0.0007583700169652054,0.0243587861399895
920.0,0.1559129663179112,0.0002091779815576233,0.0045313019461798954,0.0006467546117775111,0.027283241710679453
921.0,0.16205202965855867,0.00027410544727106114,0.0045447973424787525,0.000558338430455944,0.030142021888033565
922.0,0.16812195383392434,0.0003542409506860489,0.004495965836019643,0.0004936755726903895,0.03284595183839491
923.0,0.17419187800929,0.0004515015683547831,0.00438697781837582,0.0004528969761910513,0.03530382430036716
924.0,0.18026180218465568,0.0005675435100953264,0.00422246925179765,0.00043581361580710925,0.03742742006692891
925.0,0.18745056277461775,0.0007035880596327064,0.004009239010433991,0.0004419878041796387,0.03913673354284571
926.0,0.19561395419685032,0.000860235100852723,0.003755810141426372,0.0004707657156574085,0.04036497657811856
927.0,0.2037773456190829,0.0010372782187579995,0.003471894789962001,0.0005212700201853405,0.04106292624329512
928.0,0.21194073704131544,0.0012335386389823776,0.0031678095441494574,0.0005923571809802466,0.04120222267917562
929.0,0.22180577831377155,0.0014467372290092875,0.002853889676339007,0.0006825490103979098,0.04077730917267981
930.0,0.23228759881996575,0.0016734238618963046,0.002539947317677393,0.0007899520208822556,0.03980582933619447
931.0,0.24276941932615992,0.0019089812304287905,0.0022348108042173627,0.0009121805607896403,0.03832744153645246
932.0,0.2532512398323541,0.00214771554471913,0.0019459715832994596,0.00104630040424888,0.036401161036573294
933.0,0.25817853868401913,0.0023830396300163156,0.0016793527480372784,0.001188808225928155,0.034101477419939276
934.0,0.26271009553485325,0.0026077453068828723,0.00143920107247888,0.0013356592642227343,0.031513602428639216
935.0,0.2672416523856873,0.002814352460069887,0.001228093732444635,0.001482350686384009,0.02872826934255961
936.0,0.2699115636077584,0.002995513006068133,0.0010470427127422075,0.0016240621478527785,0.0258365233449349
937.0,0.2604475345709303,0.00314444027147786,0.0008956747403652733,0.0017558484017189116,0.02292491342280367
938.0,0.25098350553410215,0.0032553292324610326,0.0007724624876348833,0.001872872311431278,0.020071426823913014
939.0,0.241519476497274,0.0033237315099548773,0.0006749833971220808,0.001970661048675884,0.017342408295883887
940.0,0.23279574010328183,0.0033468514116873896,0.0006001851510223674,0.0020453643615850827,0.014790592407279339
941.0,0.22555787679955383,0.00332373558272023,0.0005446407701540886,0.00209399215320488,0.012454262861452797
942.0,0.21832001349582578,0.003255338352747893,0.0005047808212914082,0.002114609530557953,0.010357450955407743
943.0,0.21108215019209775,0.003144456562407694,0.00047709459775035313,0.0021064709574554474,0.00851100609512165
944.0,0.20369776192929342,0.0029955401051262754,0.00045829596893395857,0.0020700808118997854,0.006914320293647259
945.0,0.1961845101980158,0.002814396115312798,0.00044545263302350557,0.00200717484690511,0.005557467240292278
946.0,0.1886712584667382,0.0026078142605738164,0.0004360797070903982,0.001920624898135618,0.004423522360742269
947.0,0.18115800673546062,0.002383146866475556,0.00042820004588074316,0.001814276695255161,0.0034908579129687787
948.0,0.1717901808260521,0.0021478799983023276,0.00042037456794005376,0.0016927368861234858,0.0027352495350313802
949.0,0.16174194296167996,0.0019092300671634923,0.0004117063755640149,0.0015611296247711806,0.002131680306087222
950.0,0.1516937050973078,0.0016737954628864415,0.0004018227408466889,0.0014248448400462578,0.0016557784691226978
951.0,0.14164546723293567,0.0014472850133985357,0.0003908391901836861,0.0012892994660824392,0.0012848700578950722
952.0,0.13287100197703763,0.0012343358670712015,0.00037930998198791826,0.001159729693463256,0.000998664128832549
953.0,0.12419076989880742,0.0010384239100296065,0.00036816920862838454,0.0010410271979556743,0.0007796143269081234
954.0,0.11551053782057724,0.0008618611860167477,0.00035866650361711903,0.000937626032465466,0.0006130159526902534
955.0,0.1071040683754428,0.000705867860164975,0.00035230083761767867,0.0008534402333872834,0.00048690363439162686
956.0,0.10051936481599899,0.0005707016042087129,0.0003507551085704836,0.0007918459875180889,0.00039181302467487713
957.0,0.09393466125655517,0.0004558250612051486,0.00035583318845553417,0.0007556971176568521,0.00032046286946936346
958.0,0.08734995769711135,0.0003600921220938605,0.0003693998589892922,0.0007473591919443724,0.00026740355277884265
959.0,0.08158874423834747,0.0002819357055300144,0.0003933227874576539,0.0007687460596339445,0.00022866675078262296
960.0,0.07749820853779782,0.00021954300890375642,0.0004294145450667469,0.0008213431728339461,0.00020143965124796556
961.0,0.07340767283724817,0.00017100817118453218,0.0004793718604334188,0.0009062045856761422,0.00018377735823829494
962.0,0.06931713713669853,0.00013445637517200943,0.0005447090303811436,0.001023914776562426,0.00017435920551339107
963.0,0.06589971626472718,0.0001081371436493608,0.0006266828386654793,0.0011745120194758785,0.00017228896288563192
964.0,0.06307994891768215,9.0487623592436e-05,0.0007262075455273356,0.0013573764198449225,0.00017693526672732214
965.0,0.06026018157063714,8.016883524716829e-05,0.0008437604877324158,0.0015710923127151316,0.00018780677098628417
966.0,0.057440414223592105,7.607916323710153e-05,0.0009792814265788318,0.0018133008064049585,0.00020445611718861506
967.0,0.05494187349920651,7.734987518921486e-05,0.001132071727812887,0.0020805631198269102,0.00022640743356550888
968.0,0.05256261562492894,8.33273391009372e-05,0.0013007023657252653,0.0023682583075684636,0.0002531032717585808
969.0,0.050183357750651386,9.354608532186499e-05,0.0014829421498371194,0.00267053939991227,0.0002838682923720442
970.0,0.04780409987637383,0.0001076961433772506,0.0016757189939774378,0.0029803695116214553,0.0003178883013063767
971.0,0.045641793926549705,0.00012558738203099915,0.0018751270588101263,0.0032896539961475768,0.000354204182528723
972.0,0.04349613390443301,0.000147113061899602,0.0020764909143503045,0.003589476516367359,0.00039172072638347987
973.0,0.041350473882316316,0.00017221459553005953,0.002274494418330662,0.003870436651723348,0.00042923026724746055
974.0,0.03934466928968229,0.00020084966874648515,0.002463376986580409,0.004123075428065281,0.00046545046323859967
975.0,0.03828936363445742,0.0002329664222821617,0.002637193821366636,0.004338364287098546,0.0004990745970112316
976.0,0.037234057979232536,0.00026848728259802455,0.002790130187661337,0.004508223972682359,0.0005288316345024461
977.0,0.036178752324007656,0.00030730717231305065,0.002916853869846285,0.004626033974101525,0.0005535521658044505
978.0,0.03512716630717787,0.0003493120845093354,0.0030128854156512065,0.00468709158520504,0.0005722354885889484
979.0,0.034083208244448174,0.0003944251918776696,0.003074963465290504,0.004688982845306798,0.0005841126665901065
980.0,0.03303925018171847,0.00044268856809079684,0.003101382871552888,0.0046318354981601875,0.0005887005269637228
981.0,0.03199529211898878,0.0004943889839978753,0.0030922865271723467,0.004518435817726544,0.0005858422880888988
982.0,0.031047562296552512,0.0005502358418011406,0.0030498974308209824,0.004354205258464991,0.0005757317743582722
983.0,0.030186091121946826,0.0006115978462939519,0.0029786846665422603,0.004147047504077222,0.0005589198258817587
984.0,0.02932461994734114,0.0006808021965909891,0.0028854643832238497,0.003907089541253784,0.0005363033262443875
985.0,0.028463148772735467,0.0007614956394331294,0.002779443070725222,0.003646349926933936,0.0005090989887041293
986.0,0.02797891649572863,0.0008590604270477226,0.0026722139926948505,0.0033783719252827656,0.0004788053997386841
987.0,0.027636457007035133,0.0009810699418050617,0.002577717397580633,0.0031178578113143797,0.00044715760084823266
988.0,0.027293997518341634,0.00113775854272804,0.0025121704772153226,0.0028803333480819765,0.0004160785570659877
989.0,0.026951538029648135,0.001342468396838677,0.0024939641117959453,0.0026818590949165976,0.000387631181840083
990.0,0.027084802798243823,0.0016120234189864499,0.002543511227015402,0.002538789450636801,0.00036397324832488634
991.0,0.02725588154626506,0.0019669681860117385,0.002683017945279434,0.002467563459099971,0.0003473157141279391
992.0,0.027426960294286307,0.0024315995803498775,0.002936136203836076,0.002484496048090053,0.0003398830079351498
993.0,0.027641342148440617,0.0030337132131093864,0.003327448135544563,0.00260552722042395,0.00034387201460609325
994.0,0.028156394626311233,0.0038039879600219742,0.0038817312852381745,0.00284588214595731,0.00036140520195982747
995.0,0.028671447104181853,0.004774942805798218,0.0046229622171097984,0.003219598844463508,0.000394472868160775
996.0,0.02918649958205246,0.005979422771599954,0.0055730358057454734,0.0037388929806134296,0.0004448600733416329
997.0,0.03173770146594,0.0074486061209655275,0.006750208554951175,0.004413350810948719,0.00051405553930405
998.0,0.03850982620609535,0.009209572829712116,0.00816731486584966,0.005248969824956448,0.0006031425793527895
999.0,0.045281950946250704,0.011282531910838212,0.00982985150517097,0.006247099128128168,0.0007126757029245855
1000.0,0.05205407568640605,0.01367786771630331,0.011734072008744488,0.007403364068103675,0.0008425505073489499
1001.0,0.05099844502761062,0.016393225676895582,0.013865272476746295,0.008706687261872726,0.0009918782727008576
1002.0,0.04285887283130209,0.019410907305694218,0.01619647577820029,0.010138536175506589,0.001158879697447392
1003.0,0.034719300634993545,0.022695873258043966,0.018687725803540837,0.011672531441127674,0.001340813848005034
1004.0,0.026579728438685002,0.026194653167233108,0.021286182144873208,0.013274537180213725,0.0015339581476355093
1005.0,0.024214137748099083,0.029835425612963713,0.023927156482180027,0.014903323725323086,0.0017336528036744716
1006.0,0.02404455313837826,0.03352945863073329,0.026536156865833094,0.016511845724613998,0.001934418449150232
1007.0,0.023874968528657434,0.03717399345198043,0.02903191101110878,0.018049118695228104,0.002130149259352111
1008.0,0.02370538391893661,0.04065652009266208,0.03133023447104065,0.01946261101489071,0.002314376019133599
1009.0,0.024320921087871317,0.043860246575409496,0.033348506723443125,0.020701004110519644,0.0024805854498881567
1010.0,0.02500104411006301,0.046670421360384164,0.035010431532180294,0.021717119834012574,0.002622574601010191
1011.0,0.02568116713225471,0.04898104990459344,0.03625070027546437,0.02247077867337483,0.0027348133266799023
1012.0,0.026404406821672718,0.05070146886552681,0.03701915816300745,0.022931341563783673,0.0028127847128430064
1013.0,0.027433609015061946,0.05176221889695931,0.037284098540742654,0.02307970466405705,0.0028532733973370542
1014.0,0.028462811208451188,0.05211969627434236,0.037034379110586955,0.022909559914985,0.0028545752282914654
1015.0,0.029492013401840416,0.0517591636517388,0.03628015912325525,0.022427800112402516,0.0028166083533310345
1016.0,0.030807584799079763,0.050695851612386045,0.03505218641497433,0.021654027996204014,0.002740914898452427
1017.0,0.03272326813085803,0.048974068528930104,0.033399701942341924,0.020619214700266016,0.002630552802611017
1018.0,0.03463895146263632,0.046664434771953804,0.03138716031690775,0.019363633325402446,0.0024898878474608616
1019.0,0.0365546347944146,0.04385954478809663,0.029090072073126437,0.01793425872238741,0.0023243051792676494
1020.0,0.041087867355219417,0.04066851484911665,0.02659034487480289,0.01638186739013412,0.0021398665621375403
1021.0,0.048012588075271215,0.03721097784250538,0.023971529656851835,0.014758087566008592,0.0019429434690760188
1022.0,0.05493730879532301,0.033611128726204476,0.021314362918979382,0.013112638714814426,0.0017398565903484135
1023.0,0.061862029515374825,0.029992402523911083,0.01869294297496908,0.011490964910111492,0.0015365495628347672
1024.0,0.07777890295471115,0.026473285930282395,0.01617179557472807,0.009932414136408139,0.0013383192617492203
1025.0,0.0971565720129822,0.023164634799673015,0.013803985549170462,0.008469053193265259,0.0011496177153036548
1026.0,0.1165342410712532,0.02016870794645526,0.011630329391895814,0.007125144002148924,0.0009739326282293976
1027.0,0.13591191012952425,0.017579949059184363,0.009679671147027622,0.005917249275558467,0.0008137456527712528
1028.0,0.11922458646730258,0.015487368468481776,0.007970109839505456,0.004854889485229137,0.0006705608008914173
1029.0,0.09946987940359817,0.013978207891478007,0.006511016167950596,0.0039416422187247445,0.0005449903736784949
1030.0,0.07971517233989373,0.013142423960007756,0.00530565012150226,0.0031765600842711948,0.0004368828145284698
1031.0,0.061581691847188834,0.013077407564481516,0.004354186410458295,0.002555782667963568,0.00034547598874526143
1032.0,0.05521005118330712,0.013892271567985186,0.003656964869637734,0.0020742281923694095,0.00026956031159859807
1033.0,0.04883841051942542,0.015710994960527722,0.003217800307024692,0.0017272669342894142,0.00020763846327581675
1034.0,0.0424667698555437,0.018673713820580612,0.0030472023893890355,0.0015122963696175265,0.00015807162089967954
1035.0,0.037913101282617774,0.022935506783755708,0.003165364084121914,0.0014301532265160917,0.00011920567347313592
1036.0,0.03721084025053348,0.02866214401198643,0.0036047724495683253,0.0014863071584328214,8.947429393649116e-05
1037.0,0.03650857921844917,0.036022461435258474,0.00441227721984991,0.0016917832679340444,6.747865867292784e-05
1038.0,0.035806318186364865,0.04517728928603357,0.005650423727846796,0.002063756762303897,5.2045791808323377e-05
1039.0,0.03565169063036783,0.05626520045783753,0.0073978243555548225,0.002625754977737596,4.226885967069096e-05
1040.0,0.036002186189300525,0.0693857332714966,0.009748317469313691,0.003407393799769876,3.753325050809666e-05
1041.0,0.03635268174823322,0.08458115456561263,0.01280865754655331,0.004443572102102351,3.753203235133996e-05
1042.0,0.036703177307165935,0.10181821905951689,0.016694508282264833,0.005773054509819105,4.2273533374476916e-05
1043.0,0.037308678340730254,0.12097169586038581,0.02152458342944625,0.007436394282737269,5.2082516427227066e-05
1044.0,0.03801348843702243,0.14181161490909114,0.027412905148010223,0.009473187587445892,6.759492463460547e-05
1045.0,0.038718298533314606,0.16399618179300615,0.0344593269661953,0.011918708581594216,8.974466917036463e-05
1046.0,0.03942310862960679,0.18707208008711157,0.042738689409473556,0.014800049039366566,0.00011973962632120294
1047.0,0.040296561806893255,0.2104834120159139,0.05228922227936644,0.01813197054663271,0.00015902311592696914
1048.0,0.04118483117217409,0.23358983834459304,0.06310105034202462,0.021912761938999194,0.00020921683770428945
1049.0,0.04207310053745493,0.25569361949938074,0.07510586349036066,0.026120467276529818,0.0002720417025478363
1050.0,0.04294097136652057,0.2760743168713942,0.08816893988884157,0.030709896592284534,0.0003492143119844676
1051.0,0.04365748505686956,0.2940289947981241,0.10208472541056285,0.035610839979579034,0.0004423190247320973
1052.0,0.04437399874721855,0.30891498853412885,0.11657704810891782,0.04072786538747059,0.0005526585069802436
1053.0,0.04509051243756754,0.3201917830172407,0.13130477108478703,0.045941987167980404,0.0006810891637942272
1054.0,0.04580872174934938,0.32745836768461833,0.14587326947803675,0.05111434843918509,0.0008278515299865532
1055.0,0.04653056272793141,0.33048263996117827,0.15985158808284805,0.056091876128687004,0.0009924090819307995
1056.0,0.047252403706513436,0.3292200204263413,0.17279454658913032,0.0607146611638077,0.0011733114693815272
1057.0,0.04797424468509547,0.3238193604265897,0.1842684765087824,0.06482461154997887,0.001368099310958747
1058.0,0.04888823854453011,0.3146153672073683,0.19387877126814118,0.06827474976048893,0.001573266989184692
1059.0,0.04998116375631843,0.3021080104818568,0.20129707889466314,0.07093840369072896,0.0017842970423066332
1060.0,0.05107408896810675,0.2869305636954446,0.20628582065601347,0.07271749304613147,0.0019957747638478635
1061.0,0.05216701417989507,0.2698089378866197,0.20871781023601685,0.07354915231859548,0.0022015847828951935
1062.0,0.05434034014715075,0.2515156785679046,0.2085890777152,0.07341005810217269,0.0023951833229049935
1063.0,0.05693938694189194,0.23282235057084355,0.20602354049624563,0.07231803100778121,0.0025699314082509753
1064.0,0.059538433736633145,0.21445401443240375,0.20126885154658505,0.07033073856117684,0.0027194665569273274
1065.0,0.062137480531374335,0.19704912930882443,0.19468351694609126,0.06754160496754058,0.0028380845382680133
1066.0,0.06823661648511364,0.1811275683555583,0.18671612506444057,0.06407330262975108,0.002921099516797472
1067.0,0.0746531180361709,0.16706859463015672,0.17787818877495273,0.0600694262621102,0.0029651509770690274
1068.0,0.08106961958722815,0.15509972013370515,0.16871260565781354,0.05568510683956141,0.002968429437494383
1069.0,0.08781864566991476,0.1452964542769175,0.15976004825075008,0.05107739271402297,0.0029307998408891842
1070.0,0.09709214370701094,0.13759212189148037,0.15152569270591357,0.046396204112221985,0.002853810919711644
1071.0,0.10636564174410709,0.13179625385895113,0.14444859033220375,0.04177656203131335,0.0027405896702563815
1072.0,0.11563913978120324,0.1276195605592894,0.1388757125894997,0.03733262076547518,0.00259563101732557
1073.0,0.11886345760762004,0.12470320286788177,0.1350422980254427,0.03315381967290526,0.002424502478015571
1074.0,0.10898879873722513,0.12264997315448928,0.13305964480512797,0.029303242357126377,0.002233490990305645
1075.0,0.0991141398668302,0.12105507320671462,0.13291096703402802,0.025818057401168618,0.002029223255978041
1076.0,0.08923948099643525,0.11953440305414179,0.13445540184075205,0.022711736974449167,0.0018182916075114492
1077.0,0.07908951581891728,0.11774862558478566,0.13743974370614376,0.019977623895916796,0.0016069146768237545
1078.0,0.06868073733885054,0.1154217149663932,0.14151701277002116,0.0175933517367079,0.0014006565863464446
1079.0,0.05827195885878381,0.11235319818597551,0.1462705514846073,0.015525615775492043,0.0012042208874735799
1080.0,0.04786318037871706,0.10842382237958607,0.1512420056922271,0.013734837590877303,0.001021327092368026
1081.0,0.043122864317816624,0.1035948885785323,0.15596130063196498,0.01217935027281251,0.0008546694371645801
1082.0,0.04064240038415831,0.09790194799361085,0.15997658983014168,0.010818839450593268,0.0007059503832386754
1083.0,0.038161936450500006,0.09144392616080321,0.16288215449489507,0.009616891981336244,0.0005759759550384238
1084.0,0.03568147251684168,0.08436899605741219,0.16434237637861818,0.008542615229202044,0.0004647966598348117
1085.0,0.03483176809203317,0.07685864671351988,0.16411020059400216,0.007571384427348588,0.00037187645377487574
1086.0,0.03413455027064969,0.06911138469334933,0.16203893378635037,0.006684846501822684,0.0002962727609464236
1087.0,0.03343733244926621,0.061327371670253435,0.15808675730825955,0.005870352781359312,0.000236812485218375
1088.0,0.032959096627782014,0.0536950645292631,0.15231392849328457,0.00512001067441,0.0001922517597561413
1089.0,0.03418253343051381,0.04638061726081778,0.14487323824378473,0.004429539006087071,0.00016141034622620674
1090.0,0.03540597023324561,0.039520464139235156,0.1359948283560678,0.003797088552759061,0.00014327470006096545
1091.0,0.03662940703597741,0.0332171695264392,0.1259668904917831,0.0032221546088218446,0.00013706646973188949
1092.0,0.038421470946797244,0.02753833484785695,0.11511402696863386,0.0027046684076797054,0.0001422754596169605
1093.0,0.04145848360184013,0.022518123201186648,0.10377512800962431,0.0022443144193093783,0.00015865786206800147
1094.0,0.04449549625688302,0.01816081127919491,0.09228251050750531,0.0018400852630014925,0.00018620196546652613
1095.0,0.047532508911925904,0.014445710116389508,0.08094379238577562,0.0014900580391958703,0.00022506473856932383
1096.0,0.051102987655849266,0.011332803756162576,0.07002758575499334,0.0011913566439640214,0.00027548384545989413
1097.0,0.055179765234126966,0.00876852372081345,0.0597536347199251,0.0009402541105743334,0.00033767087804540855
1098.0,0.05925654281240467,0.006691188052429113,0.05028755698911463,0.000732366230641853,0.00041169293395494015
1099.0,0.06333332039068236,0.005035766320903438,0.04173992490598885,0.0005628909872069888,0.0004973510388981464
1100.0,0.06491079885122189,0.0037377676175266096,0.03416908237193891,0.0004268557284618843,0.0005940651318173625
1101.0,0.06548022666760728,0.002736172110746227,0.027586864954026197,0.0003193435837537502,0.0007007761386931123
1102.0,0.06604965448399269,0.0019754280032140054,0.0219662797945595,0.0002356806852180931,0.0008158757657741458
1103.0,0.0666190823003781,0.001406609504249779,0.017250202549389103,0.00017157501870627707,0.0009371737831021915
1104.0,0.06546193804327159,0.0009878770327262961,0.013360240952589402,0.00012320534970988758,0.0010619105741135934
1105.0,0.06413843137283379,0.000684401084161328,0.010205071600991137,8.726425148107178e-05,0.0011868195732880416
1106.0,0.06281492470239597,0.0004679110602624901,0.00768774841204079,6.096276439336803e-05,0.0013082400599188566
1107.0,0.061681183488183355,0.0003160159144313627,0.005711679988445883,4.200586184227559e-05,0.001422275969217869
1108.0,0.062057490797977045,0.00021142075510164032,0.00418515599750477,2.8548069324921693e-05,0.0015249914299870465
1109.0,0.06243379810777074,0.00014113788102749158,0.003024453816062351,1.9137720890768277e-05,0.0016126292487224358
1110.0,0.06281010541756443,9.576625922655793e-05,0.002155667751400635,1.2656867341889911e-05,0.001681835154492762
1111.0,0.06318686834425817,6.889305966906521e-05,0.0015154725573650596,8.262135308178483e-06,0.0017298688334154203
1112.0,0.0635646398885169,5.6656145186946925e-05,0.0010510644727150236,5.33014785664867e-06,0.001754782973509998
1113.0,0.06394241143277564,5.749790812245119e-05,0.0007195238442929432,3.4096332636936637e-06,0.0017555538179426769
1114.0,0.06432018297703437,7.213818285786183e-05,0.000486822438916093,2.1811615212148906e-06,0.0017321509116064546
1115.0,0.06450503081104222,0.00010379605818577703,0.00032666476436627595,1.4245831024216447e-06,0.0016855393756238003
1116.0,0.06450503081104222,0.00015869556436890942,0.0002193140409377054,9.936794544418288e-07,0.001617614495963625
1117.0,0.06450503081104222,0.00024689614908611165,0.00015051611073174512,7.972198575771054e-07,0.001531074886033759
1118.0,0.06450503081104222,0.0003834927597161611,0.00011060279479634786,7.854931272163057e-07,0.001429246195355201
1119.0,0.06586241011055811,0.0005902288553735093,9.383234223631397e-05,9.413833195826443e-07,0.001315871616531062
1120.0,0.06777363648211764,0.0008975549792165165,9.800930838550588e-05,1.2751314166170405e-06,0.0011948878296107056
1121.0,0.06968486285367714,0.001347141631796372,0.00012441871509279257,1.8220261724780327e-06,0.001070205326132567
1122.0,0.07159608922523665,0.0019948143603049206,0.00017810785334601895,2.6423656390421114e-06,0.0009455103704521155
1123.0,0.0792783676652209,0.0029138184392297622,0.0002685508881329416,3.8231076687252035e-06,0.0008241025354283954
1124.0,0.08753323090572764,0.004198239390464729,0.000410733119298887,5.4806763746857875e-06,0.0007087773329138297
1125.0,0.09578809414623435,0.005966306001919021,0.0006266893829778062,7.764417184217695e-06,0.0006017585816673
1126.0,0.10325643286136618,0.00836319067574393,0.0009475203067819441,1.0860211986803287e-05,0.0005046804466809991
1127.0,0.10431288685877811,0.011562809034996183,0.0014158865272874757,1.499380476203884e-05,0.00041861508047513524
1128.0,0.10536934085619006,0.015768023135710463,0.0020889404931156252,2.0433483174211736e-05,0.0003441388734464212
1129.0,0.10642579485360196,0.021208591399714344,0.003041595155117653,2.7491956154843576e-05,0.00028142865438563955
1130.0,0.1033420326761736,0.028136207415110314,0.004369947759013249,3.652760750507359e-05,0.00023037875045409014
1131.0,0.0909905558304421,0.036816052805118314,0.00619457729730403,4.794583344399046e-05,0.00019073041888415898
1132.0,0.07863907898471058,0.047514475829053424,0.008663322344492875,6.220191769710588e-05,0.00016220647094956648
1133.0,0.06628760213897907,0.060482707278475295,0.011953033430908918,7.980786757068844e-05,0.00014464552036347732
1134.0,0.05646226980610067,0.07593693420882867,0.016269697553657373,0.00010134679931591443,0.00013813178963589657
1135.0,0.04908045109079526,0.09403554730393023,0.021846273309122966,0.00012749974453087794,0.00014311743120674916
1136.0,0.04169863237548985,0.11485491602147423,0.028937577773918997,0.0001590910186989424,0.00016053459262867757
1137.0,0.034316813660184436,0.13836556474889022,0.03781165475324397,0.00019715935554164273,0.0001918938381541749
1138.0,0.030823320068020108,0.1644110465322713,0.04873724792912378,0.00024306261830236541,0.00023936405583965933
1139.0,0.028934739194466694,0.1926920569259391,0.061967311746973716,0.0002986237621249998,0.00030582682860335366
1140.0,0.027046158320913265,0.22275832461535341,0.07771891283563984,0.0003663245371874938,0.00039489580276965737
1141.0,0.025157577447359844,0.2540105040429566,0.09615038178724046,0.0004495509124255536,0.0005108893749836336
1142.0,0.024828481655953322,0.28571365869970317,0.11733712484007762,0.0005528901619914304,0.0006587436729889664
1143.0,0.02465860031010621,0.31702298629953213,0.1412480334404597,0.0006824739197671723,0.0008438529997390333
1144.0,0.024488718964259103,0.3470212709260659,0.16772485839725987,0.0008463543866230319,0.0010718272553723067
1145.0,0.024355154295671456,0.37476626903421373,0.19646716066446743,0.0010548926178836485,0.0013481607818086922
1146.0,0.02452503564151858,0.39934499526346556,0.2270254360357623,0.0013211290280914969,0.0016778147230142012
1147.0,0.0246949169873657,0.4199308336855089,0.2588046806555638,0.0016610977790633475,0.0020647250827295492
1148.0,0.024864798333212822,0.43583871418848064,0.2910799971830515,0.002094039619385607,0.0025112604327136995
1149.0,0.02503477092170798,0.4465733821613409,0.3230248612326845,0.002642463183183714,0.0030176654354396506
1150.0,0.025204950043949077,0.45186611757081363,0.3537514468292406,0.0033320038765458884,0.0035815373487667547
1151.0,0.02537512916619018,0.4516961234179489,0.38236106622919286,0.0041910332448833795,0.004197390599913784
1152.0,0.025545308288431275,0.44629412780890637,0.4080014661026276,0.005249980742498783,0.0048563675048430245
1153.0,0.025802041625174695,0.43612738851485994,0.42992660712888225,0.00654034424752035,0.005546149762710548
1154.0,0.026143297387347594,0.42186706771421467,0.4475537985818519,0.008093385032356714,0.006251114632839331
1155.0,0.02648455314952049,0.4043406506871527,0.4605127928813428,0.009938526168116149,0.006952761794604655
1156.0,0.026825808911693387,0.3844735167131565,0.46868174387480077,0.01210149894562195,0.007630412974028499
1157.0,0.02741036161620483,0.36322476974308365,0.47220580596147105,0.01460230790584687,0.008262158743444123
1158.0,0.028096492842096723,0.3415228936356325,0.4714955360412125,0.01745310940979184,0.008825998584127623
1159.0,0.028782624067988597,0.32020667384205787,0.467204027156242,0.020656119345503994,0.009301094961395483
1160.0,0.029468755293880475,0.29997615717294474,0.4601836711223369,0.024201680851613148,0.009669043393029403
1161.0,0.03094731789860234,0.2813572991988312,0.45142540867536973,0.028066631515301102,0.0099150513049729
1162.0,0.03250907539873933,0.26468251721265795,0.44198506885899613,0.03221311047656524,0.010028920765872478
1163.0,0.03407083289887633,0.250087793850845,0.4329027372006613,0.036587938675094626,0.010005744392631043
1164.0,0.03570986875634437,0.23752543474914184,0.42512188212400526,0.04112268974997704,0.009846248602696643
1165.0,0.0380110396300352,0.2267902290630433,0.4194151278291013,0.045734544571709106,0.009556751207198127
1166.0,0.04031221050372601,0.2175557180794839,0.4163230723058725,0.05032798884037074,0.009148737182943156
1167.0,0.04261338137741683,0.20941662548682952,0.41611145891290163,0.05479737060785415,0.008638092826645571
1168.0,0.0456660004064966,0.20193327686031126,0.4187504241924772,0.05903028345569414,0.008044069952233184
1169.0,0.05043873122877203,0.1946740229878065,0.4239176137976654,0.06291168278310798,0.007388074642764818
1170.0,0.055211462051047475,0.18725222858496143,0.43102486344321733,0.06632857998956176,0.006692386871538103
1171.0,0.05998419287332292,0.17935520992538687,0.43926607743702367,0.06917509668347059,0.00597891719123816
1172.0,0.06754670403588424,0.17076349681987565,0.44768209535022585,0.07135760447163535,0.005268095403595826
1173.0,0.0778595175150475,0.16135984303949552,0.45523688974122734,0.07279963265985574,0.004577965824520669
1174.0,0.08817233099421075,0.15112840557070495,0.46089852104639434,0.07344620393978693,0.003923537607700149
1175.0,0.098485144473374,0.14014536285642257,0.46371797696044215,0.07326726356031515,0.003316410201433531
1176.0,0.1081856247249645,0.1285628749248966,0.4628993703014247,0.07225990498218472,0.0027646669120251896
1177.0,0.11762751830950569,0.11658866291562706,0.45785592387748225,0.07044916540392153,0.0022730066767944665
1178.0,0.12706941189404686,0.10446359236035895,0.44824763189290495,0.06788726421399005,0.0018430675378759626
1179.0,0.13651130547858803,0.09243950396270587,0.43399829880425067,0.06465127819566428,0.0014738859083766947
1180.0,0.1347657830298702,0.08075919273005196,0.4152916237787795,0.06083937714244361,0.0011624334427119127
1181.0,0.13181319727229926,0.06963995354034311,0.3925479116618356,0.05656586799459781,0.00090417720318755
1182.0,0.1288606115147283,0.059261558967958775,0.36638464906410845,0.051955399899164346,0.0006936173056793613
1183.0,0.12655838719521778,0.04975898245587874,0.33756542118339666,0.04713675386336233,0.000524767505286791
1184.0,0.12997329365679441,0.04121968608637755,0.3069423511435463,0.042236670025138374,0.0003915564477123082
1185.0,0.13338820011837105,0.03368490098512973,0.2753973770363196,0.03737414953592819,0.0002881390209735042
1186.0,0.13680310657994768,0.02715406465453547,0.24378727145367485,0.03265560915315089,0.00020911725807819958
1187.0,0.1345436380909395,0.02159144906395765,0.21289644631639218,0.028171172937435037,0.00014967789143255575
1188.0,0.11914821499191312,0.01693400525884759,0.1834004112701893,0.023992269226174874,0.00010565871316311572
1189.0,0.10375279189288676,0.013099541352477819,0.15584143046729432,0.020170576851019365,7.355848467653658e-05
1190.0,0.08835736879386037,0.00999451068273365,0.13061661436233374,0.016738246957634574,5.0505649290035174e-05
1191.0,0.07524496689247177,0.007520883451295273,0.10797753303793967,0.013709228306299127,3.4200055739159895e-05
1192.0,0.06440476618304611,0.00558177875598721,0.08803955049511697,0.011081453491723812,2.2839852379046807e-05
1193.0,0.05356456547362046,0.004085720867735425,0.07079851338943176,0.008839605537408897,1.5043169743986155e-05
1194.0,0.04272436476419479,0.0029495377276389286,0.05615219308252606,0.0069581786368532236,9.771584051449111e-06
1195.0,0.038252013897242136,0.0021000326039285248,0.04392394501727168,0.005404569323204025,6.259939184673913e-06
1196.0,0.03649949042063371,0.0014746302613514064,0.03388635206749699,0.004141978124045232,3.955075335317565e-06
1197.0,0.03474696694402528,0.0010212308079319992,0.025783079437201404,0.003131958434865167,2.464443650629188e-06
1198.0,0.032994443467416854,0.0006975049650397878,0.01934770532792595,0.0023365104879555293,1.5144763500640285e-06
1199.0,0.03344726904529551,0.00046984276803606416,0.014318829543164067,0.0017196765313278444,9.178792622244349e-07
1200.0,0.03414448686667891,0.0003121325385098442,0.010451243176240767,0.0012486431218765857,5.48640758908928e-07
1201.0,0.03484170468806231,0.00020450613835369417,0.007523328372175314,0.000894394411953884,3.2342234318797545e-07
1202.0,0.03560999538270514,0.00013214602902264624,0.005341130070798739,0.0006319852403771844,1.88031843135587e-07
1203.0,0.03701963414795198,8.421357293324374e-05,0.0037397015340175825,0.00044051530416973903,1.0781326899072859e-07
1204.0,0.03842927291319882,5.292856040984101e-05,0.0025823854629590595,0.0003028875583157978,6.09666663313086e-08
1205.0,0.03983891167844568,3.280786233414509e-05,0.0017586738106901006,0.0002054278708349276,3.400103216583867e-08
1206.0,0.041362784900943916,2.0056056177533805e-05,0.0011812163519795702,0.00013743166316681037,1.8701272972790606e-08
1207.0,0.04315411181303871,1.2091851564284282e-05,0.0007824442412538517,9.068940502052271e-05,1.014447675773064e-08
1208.0,0.044945438725133485,7.189847502015651e-06,0.0005111602121730907,5.9028553950735066e-05,5.4270965557286324e-09
1209.0,0.04673676563722828,4.216247568746537e-06,0.0003293368338647333,3.789638271690795e-05,2.8634188232711632e-09
1210.0,0.04817870022588782,2.4384398351733673e-06,0.00020926815042784304,2.3997066947017724e-05,1.4899843886175955e-09
1211.0,0.04926957871814357,1.3908409633856996e-06,0.00013114311340980568,1.498782668313932e-05,7.646426342938617e-10
1212.0,0.05036045721039932,7.823883380920638e-07,8.105267204611725e-05,9.232834199480088e-06,3.8700576178613877e-10
1213.0,0.051451335702655074,4.340569498489681e-07,4.9404743994851393e-05,5.609749898909643e-06,1.9318323774139968e-10
1214.0,0.05190821628131307,2.37492827682182e-07,2.969951942029561e-05,3.361713148465475e-06,9.511949943476337e-11
1215.0,0.05209122701294082,1.2815445604706712e-07,1.760798378671564e-05,1.986934040730183e-06,4.6226797701641244e-11
1216.0,0.05227423774456856,6.820188009229794e-08,1.0295543235257454e-05,1.1582682885105772e-06,2.2244483988842502e-11
1217.0,0.05245724847619631,3.5796321401737455e-08,5.937017455024658e-06,6.659404346393685e-07,1.0765621761876334e-11
1218.0,0.05231162235958041,1.8529336291223544e-08,3.376500367222761e-06,3.7762441558617977e-07,5.6245359984113305e-12
1219.0,0.05212861162795265,9.459337865951447e-09,1.893846122822068e-06,2.111941667686292e-07,3.991938439428763e-12
1220.0,0.05194560089632489,4.762566133491941e-09,1.047615671107601e-06,1.1649361613215773e-07,5.012179637187766e-12
1221.0,0.05178041306255165,2.3648342496923857e-09,5.715295508986014e-07,6.33770334432871e-08,9.426605017952173e-12
1222.0,0.05178041306255165,1.1580832979216225e-09,3.0750685377638955e-07,3.4011468200174905e-08,2.0055274359435165e-11
1223.0,0.05178041306255165,5.593173529261775e-10,1.631737570452389e-07,1.8014495515888177e-08,4.3412863983501606e-11
1224.0,0.05178041306255165,2.6641347962580495e-10,8.539358165553592e-08,9.43978704230979e-09,9.327423274049929e-11
1225.0,0.05188919189057819,1.2515076749472717e-10,4.407370374415548e-08,4.9441370974569285e-09,1.9789755070142988e-10
1226.0,0.052255558983371565,5.798162059896107e-11,2.2434338496643167e-08,2.697831428850436e-09,4.141997771929615e-10
1227.0,0.05262192607616493,2.6492759572879928e-11,1.1262281802286593e-08,1.759167694809871e-09,8.55029870227566e-10
1228.0,0.052988293168958304,1.1938421960447558e-11,5.575950537500148e-09,1.743940953438468e-09,1.7407523860433219e-09
1229.0,0.0534468927485222,5.305981392521164e-12,2.7226438598151155e-09,2.699120753590235e-09,3.495211414530427e-09
1230.0,0.05399904872615003,2.3263506143740177e-12,1.311119156493046e-09,5.151936157010343e-09,6.921335662223808e-09
1231.0,0.05455120470377785,1.0073782488885878e-12,6.226914478016633e-10,1.0365813673695928e-08,1.3517183788606759e-08
1232.0,0.05510336068140567,4.337312203316388e-13,2.9166418501263915e-10,2.090959469828687e-08,2.6035284009562915e-08
1233.0,0.05643736533573251,1.9251329803360384e-13,1.3473271456391688e-10,4.1757758987825306e-08,4.9455908680304914e-08
1234.0,0.058112928456330454,1.0364025757707978e-13,6.13824754611559e-11,8.231792750603663e-08,9.265178589488845e-08
1235.0,0.05978849157692841,9.747162163233317e-14,2.7580759190409305e-11,1.6007376611927723e-07,1.7118634782905192e-07
1236.0,0.06146405469752635,1.6499676236686045e-13,1.2223887824550823e-11,3.0700527175309116e-07,3.119350396958967e-07
1237.0,0.06437229504798914,3.484351882873261e-13,5.34734012919402e-12,5.807050956015529e-07,5.605816568682797e-07
1238.0,0.06742440223695075,7.642714934535144e-13,2.3172457286554646e-12,1.0832929916007962e-06,9.935581103278005e-07
1239.0,0.07047650942591234,1.6692109978559792e-12,1.0146900165115138e-12,1.9930393998121688e-06,1.736710043933759e-06
1240.0,0.07355706865128943,3.6015988835398333e-12,4.949504222668134e-13,3.6163070389829363e-06,2.993925556064057e-06
1241.0,0.0769086335235245,7.666375568852777e-12,3.654274543892634e-13,6.471338653211727e-06,5.09019363090072e-06
1242.0,0.08026019839575957,1.609487083008748e-11,5.155112872769821e-13,1.1420953627975925e-05,8.53507261139058e-06
1243.0,0.08361176326799465,3.332487074798189e-11,1.0312235676361342e-12,1.9878793315964273e-05,1.4114312734873805e-05
1244.0,0.08693746089971484,6.805024095202774e-11,2.2356725890171847e-12,3.4123775820397676e-05,2.3019285481048548e-05
1245.0,0.09020120231826632,1.3704730581436337e-10,4.8686184018188754e-12,5.7770158276808405e-05,3.702572049019283e-05
1246.0,0.09346494373681784,2.722017426674815e-10,1.049130738479062e-11,9.645604599242105e-05,5.873470119043714e-05
1247.0,0.09672868515536935,5.332009089112525e-10,2.2309637965192262e-11,0.00015883082050978717,9.188943167760382e-05
1248.0,0.1002612388602557,1.0300788792216882e-09,4.6793052881666255e-11,0.00025794050126495637,0.0001417803078134508
1249.0,0.10406906668528311,1.962590807106809e-09,9.679614470718151e-11,0.00041312715916645405,0.00021574751570623314
1250.0,0.10787689451031052,3.6878120879853507e-09,1.974766549809337e-10,0.0006525704683210771,0.0003237838806939822
1251.0,0.11168472233533792,6.834199289701811e-09,3.9733177374081564e-10,0.0010166010836766867,0.00047923018967759506
1252.0,0.11528934556514159,1.249069014930186e-08,7.884433241424495e-10,0.0015619000179321444,0.0006995401293766023
1253.0,0.11880419690184976,2.251465560716133e-08,1.5430049571076349e-09,0.0023666576337268144,0.001007072206645715
1254.0,0.12231904823855794,4.0024363009017216e-08,2.9781314813900935e-09,0.003536691958202401,0.0014298421563023807
1255.0,0.1258338995752661,7.017202526699967e-08,5.668918136410871e-09,0.005212411421354061,0.002002142991261967
1256.0,0.1292594889807404,1.2133450531513948e-07,1.064232109478778e-08,0.007576347350982977,0.0027649137700739767
1257.0,0.13267439544231704,2.0691201249861387e-07,1.9703913255127824e-08,0.010860777421511102,0.0037657163167632486
1258.0,0.13608930190389365,3.479914540330506e-07,3.597896750349179e-08,0.015354721391477328,0.00505816652640716
1259.0,0.13971836514508545,5.772095125867447e-07,6.47925597580076e-08,0.021409333683243024,0.006700669103013082
1260.0,0.1454450665866116,9.442371456440236e-07,1.1507526889451908e-07,0.029440474072364997,0.008754327003900745
1261.0,0.15117176802813775,1.5233939693851583e-06,2.0156703388830434e-07,0.039927049806959165,0.011279943715686256
1262.0,0.15689846946966388,2.423974260044108e-06,3.4820735211995844e-07,0.05340364065312786,0.014334109609921857
1263.0,0.16454543741179367,3.8039057821637617e-06,5.932498455791273e-07,0.07044599709767418,0.017964461371502906
1264.0,0.17684475833912877,5.8873409910970815e-06,9.968252116151098e-07,0.09164829117488323,0.0222043198445675
1265.0,0.18914407926646382,8.986663840528244e-06,1.6518955604578228e-06,0.11759153410820469,0.027067035887292742
1266.0,0.20144340019379886,1.3529147537766328e-05,2.699783725714996e-06,0.1488033637144948,0.03254049099985446
1267.0,0.2163986943744144,2.0088084043559318e-05,4.351699962202313e-06,0.18571041885620493,0.03858229170730395
1268.0,0.23409977732895254,2.9417599674004653e-05,6.917886423263841e-06,0.22858568553958247,0.04511624538047319
1269.0,0.2518008602834907,4.2489568123343894e-05,1.0846099075932838e-05,0.2774944015531788,0.05203069403522783
1270.0,0.2695019432380288,6.053006092343663e-05,1.677106958357108e-05,0.3322431871893435,0.05917920075297298
1271.0,0.285196938488017,8.505170983882748e-05,2.557624111291283e-05,0.3923378489950423,0.0663839281214235
1272.0,0.29999574335453,0.00011787732600199174,3.846834723414023e-05,0.4569556030259479,0.0734418272307715
1273.0,0.3147945482210431,0.0001611493173507528,5.7064201873560106e-05,0.5249371356713449,0.08013348786528811
1274.0,0.32959335308755605,0.0002173191157932347,8.348731667311317e-05,0.5948028771930651,0.08623421378588023
1275.0,0.33548176397191676,0.0002891112543989509,0.00012046964077760655,0.6647961071306943,0.09152661604983278
1276.0,0.3402771665277983,0.000379458217321513,0.00017145089489423594,0.7329531474664747,0.09581379859823472
1277.0,0.3450725690836799,0.0004914049804217896,0.00024066483329188853,0.7971981401784713,0.09893207655861633
1278.0,0.349851605346843,0.0006279864394438564,0.0003331986435290095,0.8554570504402387,0.10076214235396273
1279.0,0.3544656866070811,0.0007920867112009211,0.0004550090619265151,0.9057829394381098,0.10123768768439086
1280.0,0.35907976786731916,0.0009862964234439511,0.0006128772484593077,0.946482572116046,0.10035069466507153
1281.0,0.36369384912755726,0.001212792185884143,0.0008142847048269394,0.9762333775995178,0.09815290492979738
1282.0,0.3726027787248308,0.0014732708294254162,0.0010671951887203839,0.9941798762182188,0.09475332638491012
1283.0,0.39203760711532376,0.0017689788745944904,0.0013797331802335396,1.0,0.09031200062706753
1284.0,0.41147243550581675,0.002100884049427485,0.0017597581987189265,0.9939341769308181,0.08503058549080837
1285.0,0.43090726389630984,0.0024700394479175497,0.002214345911482331,0.9767733821116106,0.07914056777380835
1286.0,0.4561538063462056,0.0028781910320432504,0.002749200725269464,0.9498062146026276,0.07289008306011126
1287.0,0.48746597269304975,0.00332867463889946,0.003368039016182855,0.9147289944811595,0.06653036987549078
1288.0,0.518778139039894,0.0038276385886834314,0.004071995405301535,0.8735264329474511,0.06030282750840928
1289.0,0.5500903053867382,0.004385611668884687,0.0048591142427223365,0.8283332001046977,0.05442749868936545
1290.0,0.5748816118086931,0.005019413101079905,0.005723992387128426,0.7812883942273294,0.049093588614136936
1291.0,0.5967272884025081,0.005754370625114892,0.006657635472605682,0.734395337457554,0.044452394422472646
1292.0,0.6185729649963231,0.00662677480177462,0.007647576934847004,0.6893982767674636,0.04061278739840123
1293.0,0.640418641590138,0.007686452131962678,0.008678287106022586,0.6476855956834161,0.037639191050047455
1294.0,0.6202909846226721,0.008999287362814828,0.009731870123056348,0.6102263039334567,0.03555184936157443
1295.0,0.5948886039189012,0.010649468247907311,0.010789012196931055,0.5775432126098075,0.03432908709810957
1296.0,0.5694862232151303,0.012741167561414801,0.011830110258295556,0.5497226997318946,0.03391122364475921
1297.0,0.5443511949968705,0.015399323062628633,0.012836480273193488,0.5264576913104199,0.03420580093584739
1298.0,0.5219908520336425,0.018769134679917466,0.013791524887945526,0.5071177405542113,0.0350938077513351
1299.0,0.49963050907041456,0.023013880284526965,0.014681735057149037,0.4908381164704787,0.03643661010102754
1300.0,0.4772701661071866,0.02831066976263103,0.015497412878944457,0.47661874912106306,0.03808331729534253
1301.0,0.4549508549635689,0.03484382474165926,0.01623303364969585,0.46342375644969275,0.039878318515517534
1302.0,0.43273327560410896,0.0427956993973974,0.01688721210068254,0.4502730349087158,0.04166871529921397
1303.0,0.410515696244649,0.05233495243236851,0.017462296161576647,0.43631888923438866,0.043311357850141875
1304.0,0.38829811688518906,0.06360253957364771,0.017963674478355757,0.42090270044966155,0.04467917830685993
1305.0,0.36038226258629374,0.07669600678107868,0.018398943041084543,0.4035889434780632,0.045666514281975074
1306.0,0.32646237225365393,0.09165300109502643,0.01877712320936161,0.3841762141086183,0.0461931415308808
1307.0,0.2925424819210142,0.10843524057703371,0.01910815074277894,0.36268707247578597,0.04620679147838204
1308.0,0.2586225915883744,0.12691444934788018,0.019402857810582288,0.3393402587254175,0.04568401734768265
1309.0,0.23626487341317326,0.1468619163519725,0.019673644812382787,0.31451004577020863,0.04462938518477654
1310.0,0.2191881473652452,0.16794332879651291,0.019935986649590967,0.2886780930252177,0.043073091134602025
1311.0,0.20211142131731702,0.1897203275293617,0.020210842058394133,0.26238315561562,0.04106722861406368
1312.0,0.18503469526938893,0.21165981783565035,0.020527940055211656,0.23617345510056742,0.038681032737478416
1313.0,0.18784128159811883,0.23315145968450277,0.020929810986656402,0.21056555364152288,0.03599550097474921
1314.0,0.19320657836674246,0.25353300245636734,0.02147631805703677,0.1860123516406576,0.033097819662043004
1315.0,0.1985718751353661,0.27212229646321223,0.022249335344965468,0.16288151881485102,0.03007601273864163
1316.0,0.2054079252349309,0.28825400513664357,0.023357116843028835,0.14144442929938889,0.027014175310394795
1317.0,0.2279728651237151,0.3013183651846706,0.0249378148118693,0.12187463171667197,0.02398856911028626
1318.0,0.25053780501249934,0.31079889856028736,0.02716154256418906,0.10425413142361006,0.021064752108733736
1319.0,0.2731027449012835,0.3163058480119315,0.0302303462781012,0.08858533227899011,0.01829580439262108
1320.0,0.3023020014127702,0.31760232819723283,0.034375464313881936,0.07480637085935642,0.01572161022376464
1321.0,0.3481423354528708,0.3146207511287394,0.03985132417094698,0.0628077307472107,0.01336907254145928
1322.0,0.3939826694929714,0.3074679437473933,0.04692587008649264,0.05244837656000636,0.01125307789822027
1323.0,0.43982300353307197,0.29641842972972865,0.05586703885955,0.04357011383678918,0.009377999445358429
1324.0,0.4726815739144938,0.28189647096844955,0.0669255114858586,0.03600938103080459,0.007739521669182453
1325.0,0.4917311113844719,0.2644485194353369,0.08031425622408797,0.02960614581846841,0.006326588569091317
1326.0,0.5107806488544498,0.24470858986432836,0.09618582265206438,0.024209961442285752,0.0051233104193524615
1327.0,0.529830186324428,0.22335962882732407,0.11460880734254356,0.01968351358650144,0.004110706101867254
1328.0,0.49717204021026845,0.20109416959341792,0.13554533552285733,0.015904148742069624,0.0032682016719026118
1329.0,0.4406349985520496,0.1785774169865892,0.15883172380670466,0.0127639321068094,0.0025748460603514244
1330.0,0.38409795689383064,0.15641544228910062,0.18416463804678648,0.010168758657030182,0.0020102380896532784
1331.0,0.3275609152356117,0.13513046395867456,0.21109497675837763,0.008036961992773945,0.001555183537942215
1332.0,0.2842094267998688,0.11514434903359226,0.23903135394673353,0.006297758602293758,0.0011921166385135762
1333.0,0.2425947451057969,0.09677060380198048,0.2672544169118608,0.004889753042915052,0.0009053281153502035
1334.0,0.20098006341172492,0.08021433305977282,0.2949423460260413,0.003759628784732599,0.000681043282999459
1335.0,0.16141529807486907,0.0655790154122076,0.3212068182909742,0.0028610699350202244,0.0005073907832701418
1336.0,0.14445818170620583,0.05287851742390581,0.3451375860373109,0.0021539044092708168,0.0003742970022163763
1337.0,0.12750106533754255,0.042052568662683046,0.36585276325759847,0.0016034281978547765,0.0002733346063931817
1338.0,0.11054394896887931,0.03298392900507564,0.3825510686911865,0.0011798589600319916,0.000197547043129847
1339.0,0.09618334952493422,0.025515661503189006,0.3945617760217342,0.0008578695858247985,0.00014126493748350892
1340.0,0.08841223000758436,0.019467226683923946,0.4013880599553155,0.0006161628417447529,9.992540961714912e-05
1341.0,0.08064111049023448,0.014648480560647211,0.4027398409590403,0.0004370618369981962,6.99014948871905e-05
1342.0,0.07286999097288459,0.010871035779919581,0.39855309561845526,0.000306104209307556,4.834598046799811e-05
1343.0,0.06712369395951111,0.00795679007643118,0.38899382492940754,0.0002116384531472808,3.305190713340264e-05
1344.0,0.0635518368765148,0.005743708933211167,0.37444631774806036,0.00014442777711623438,2.233053795224229e-05
1345.0,0.059979979793518524,0.00408915469859693,0.3554868367634959,9.727030946283816e-05,1.4906602797957355e-05
1346.0,0.056408122710522236,0.0028711799287346493,0.33284520840162213,6.46449934493187e-05,9.829960215845347e-06
1347.0,0.054148367918687,0.0019882559238528774,0.3073578546160771,4.239101927398743e-05,6.402384722777597e-06
1348.0,0.0525012323150598,0.0013579022597336604,0.27991644558189727,2.7426039295672684e-05,4.117926564336344e-06
1349.0,0.050854096711432595,0.0009146364550133374,0.2514165193046246,1.7505481657140136e-05,2.615161614363626e-06
1350.0,0.04920696110780539,0.0006075916005957929,0.22271011391164738,1.10225714623241e-05,1.639622892085287e-06
1351.0,0.04758404095418319,0.00039806850862367265,0.1945657584904403,6.846518128101554e-06,1.0147594213925118e-06
1352.0,0.045964384338297505,0.00025720907565913173,0.16763818326935886,4.194864940253511e-06,6.198826140908929e-07
1353.0,0.04434472772241182,0.00016390673901475205,0.1424489809724428,2.5352089146123623e-06,3.7371594485544493e-07
1354.0,0.042713051679215935,0.00010301229772143753,0.11937832387979089,1.5112821719550316e-06,2.2234266817929412e-07
1355.0,0.0409445662722248,6.385028017077556e-05,0.09866684443671737,8.88594904140501e-07,1.30533111241337e-07
1356.0,0.03917608086523367,3.903172687600634e-05,0.08042601749434951,5.15324228265776e-07,7.561500331758279e-08
1357.0,0.037407595458242536,2.35317235102179e-05,0.06465489403236784,2.947604177209539e-07,4.32181227305614e-08
1358.0,0.03598782976501354,1.399170147854969e-05,0.05126084082418741,1.6628922806538228e-07,2.4372448413844577e-08
1359.0,0.035463505370682,8.204799645657919e-06,0.04008201110740753,9.252537381065194e-08,1.3564275266307522e-08
1360.0,0.03493918097635045,4.7451062239321605e-06,0.030909552876804847,5.07756575415e-08,7.457154324907925e-09
1361.0,0.034414856582018906,2.7064765986512314e-06,0.02350798310766954,2.748179429347664e-08,4.065593139914607e-09
1362.0,0.034309674594765756,1.5224494362978106e-06,0.01763264391444925,1.4669888480497616e-08,2.2318451194250727e-09
1363.0,0.034658909375582796,8.446205461144276e-07,0.013043643441315209,7.723222802815042e-09,1.3030208402096116e-09
1364.0,0.035008144156399836,4.621260806436053e-07,0.009516117806468135,4.010130742262965e-09,9.405100418445022e-10
1365.0,0.03535737893721687,2.4936718963252957e-07,0.006846996536910274,2.053549703027304e-09,1.019577483991067e-09
1366.0,0.036186272316800355,1.327082942834155e-07,0.004858696947777882,1.0371399964973087e-09,1.5971270704370655e-09
1367.0,0.03724157797202524,6.965249646676196e-08,0.003400313177619714,5.165995374646194e-10,2.9431199531539256e-09
1368.0,0.03829688362725012,3.6054138016105747e-08,0.002346915363549987,2.537782328588001e-10,5.6492816108377504e-09
1369.0,0.039352189282475,1.840574136157726e-08,0.001597553235935548,1.2295278424457048e-10,1.0851384480664274e-08
1370.0,0.04073254356142236,9.266831547253565e-09,0.001072488519131956,5.875012492106282e-11,2.0633400987475353e-08
1371.0,0.0421577018398558,4.601390478427947e-09,0.0007100834086248883,2.768747051086877e-11,3.8729608259501954e-08
1372.0,0.043582860118289234,2.253344026299915e-09,0.00046366624412190954,1.2872375137260187e-11,7.171288934943329e-08
1373.0,0.044995418085154844,1.0883042129171808e-09,0.00029859394328146,5.910933771370959e-12,1.3096537337242272e-07
1374.0,0.04625982693419251,5.184142065601077e-10,0.00018964260367399841,2.6980624025388553e-12,2.3588570434701435e-07
1375.0,0.0475242357832302,2.4361580160690876e-10,0.00011878735842812466,1.26511709328241e-12,4.190132772003386e-07
1376.0,0.048788644632267876,1.1306612772821335e-10,7.338105314983036e-05,7.031796807109231e-13,7.340637139451056e-07
1377.0,0.049752236412140494,5.2125810930898873e-11,4.470715733275613e-05,6.469624140303523e-13,1.2682919380611157e-06
1378.0,0.04993421802939655,2.4548330034934765e-11,2.686269454349343e-05,1.0620210703431177e-12,2.161146129126856e-06
1379.0,0.05011619964665259,1.3293043366635451e-11,1.5918476290498285e-05,2.2262963675425017e-12,3.631854504555311e-06
1380.0,0.05029818126390865,1.1115157194462199e-11,9.303210150523267e-06,4.897649420458481e-12,6.019385434546251e-06
1381.0,0.05021967242856572,1.6379700045832637e-11,5.3622076534244395e-06,1.0756761855969776e-11,9.839097533829248e-06
1382.0,0.049856049665005,3.196701798545497e-11,3.0481340684673568e-06,2.3353629769247716e-11,1.586126350022362e-05
1383.0,0.04949242690144427,6.662506720628205e-11,1.7088535966876096e-06,5.002570115320329e-11,2.52173645384487e-05
1384.0,0.04912880413788356,1.3928424252972976e-10,9.448412593232552e-07,1.0569297914692613e-10,3.954039615189495e-05
1385.0,0.049257497229975064,2.881506361500123e-10,5.152373912572367e-07,2.2023430586572816e-10,6.114511131216092e-05
1386.0,0.04962111999353581,5.883131668931364e-10,2.77137638672515e-07,4.5258942952911894e-10,9.325279760584692e-05
1387.0,0.04998474275709656,1.1847716665228833e-09,1.4709659204895476e-07,9.172832601206013e-10,0.00014026244577548217
1388.0,0.0503483655206573,2.3531605001084656e-09,7.71685801565939e-08,1.8335044624539466e-09,0.00020806563528934823
1389.0,0.0518424310804443,4.609460433228098e-09,4.027269450813511e-08,3.6144305347871626e-09,0.00030439584655000783
1390.0,0.05349580023211133,8.904888334280714e-09,2.1427843763764164e-08,7.027117174294811e-09,0.0004391941129928347
1391.0,0.05514916938377837,1.696626914666251e-08,1.2625599729294229e-08,1.347391826105493e-08,0.0006249621700393731
1392.0,0.056847829172291656,3.1880391351740087e-08,9.938913309535805e-09,2.5479448391030676e-08,0.0008770621984973753
1393.0,0.05909705326496744,5.907997995511417e-08,1.2021220017306489e-08,4.7518807680565024e-08,0.0012139100833581987
1394.0,0.06134627735764321,1.0797828748240154e-07,1.952473597651594e-08,8.740181441225942e-08,0.001656998561861685
1395.0,0.06359550145031899,1.9463096307613629e-07,3.5228773986750484e-08,1.5854580738874745e-07,0.002230679961620313
1396.0,0.06607429174711989,3.459926141120738e-07,6.487211497315722e-08,2.8364065236777604e-07,0.0029616379846938083
1397.0,0.06915668283925006,6.065982101256762e-07,1.1887007292997351e-07,5.004510321240513e-07,0.0038779867148036095
1398.0,0.07223907393138022,1.0488534741961078e-06,2.1530243193072455e-07,8.708314457826091e-07,0.0050079547821703894
1399.0,0.07532146502351039,1.7885781369030788e-06,3.8481514753110416e-07,1.4944659239509285e-06,0.00637814448168322
1400.0,0.0784518750354925,3.0080178874458697e-06,6.784173960156207e-07,2.529398932217971e-06,0.008011399135587374
1401.0,0.08163534595391095,4.989216056436617e-06,1.1796055815789732e-06,4.222095427064302e-06,0.009924364684789076
1402.0,0.08481881687232942,8.161380166298104e-06,2.0228328044953456e-06,6.950533790999188e-06,0.012124888777898357
1403.0,0.08800228779074788,1.3166620110046536e-05,3.4210824694893563e-06,1.1284639075219957e-05,0.014609455868960074
1404.0,0.09225414664087941,2.094905333056651e-05,5.706196813170055e-06,1.8069102753014535e-05,0.017360901919070828
1405.0,0.09702138981018252,3.287258821830703e-05,9.386623803277126e-06,2.85341475060294e-05,0.020346678598744984
1406.0,0.10178863297948561,5.087246677378638e-05,1.5228302457837874e-05,4.443985328276823e-05,0.023517936575459728
1407.0,0.1065558761487887,7.764457089603261e-05,2.4365368243059833e-05,6.825897005612284e-05,0.02680966497285761
1408.0,0.11452334999990525,0.00011687423779538399,3.844800995682084e-05,0.00010340135875335787,0.03014205747490192
1409.0,0.1229517266394357,0.00017350256080655958,5.983484257851278e-05,0.00015447996430246948,0.03342317754497162
1410.0,0.13138010327896613,0.0002540226174868397,9.183618616506629e-05,0.00022761321608630108,0.036552873596763825
1411.0,0.14023322850280273,0.0003667906737123412,0.00013901220330672894,0.00033075178003980446,0.03942776205103369
1412.0,0.15442996494855385,0.000522328330643366,0.00020752547377957367,0.0004740086916198922,0.04194696770050601
1413.0,0.168626701394305,0.0007335813474251689,0.0003055408632372174,0.0006699614598611436,0.04401820360351504
1414.0,0.1828234378400561,0.0010160904699489323,0.00044365623430426355,0.0009338835712239222,0.04556370251046942
1415.0,0.19848032734448692,0.0013880204864565695,0.000635335724476407,0.001283852262172392,0.046525490479716824
1416.0,0.21802249368331442,0.001869987804736106,0.0008973035038602063,0.0017406712889251872,0.04686952682085622
1417.0,0.2375646600221419,0.0024846262686965812,0.0012498412417421565,0.0023275439024219905,0.04658832155836473
1418.0,0.2571068263609694,0.0032558378735769093,0.0017169187321074283,0.003069434689063103,0.04570177360234829
1419.0,0.2747970668587117,0.004207691292067922,0.002326076676881854,0.003992071513386442,0.04425613478624451
1420.0,0.29042133983524204,0.005362957652905509,0.0031079764158865745,0.005120561991762694,0.04232117771972009
1421.0,0.3060456128117725,0.006741309496966314,0.0040955365168622825,0.0064776330787536095,0.03998580847550127
1422.0,0.32166988578830286,0.008357253291651639,0.005322593394020401,0.008081546198084147,0.037352499623610376
1423.0,0.32943396382336626,0.010217914486522884,0.006822054408585558,0.009943790729923468,0.03453101057698501
1424.0,0.3333651552791982,0.01232084127323819,0.008623557569284523,0.012066710458047919,0.03163190245002848
1425.0,0.3372963467350302,0.014652032110652066,0.010750710206857412,0.014441264022640562,0.028760342587878254
1426.0,0.34122753819086216,0.017184415348438408,0.013218045536806229,0.017045153801154796,0.026010635239547227
1427.0,0.3284857513018039,0.019877010204951046,0.016027903987647776,0.019841570325350756,0.023461820438683126
1428.0,0.3132907196426558,0.022674972070273025,0.01916750657067752,0.022778785084755025,0.021174567077694578
1429.0,0.2980956879835077,0.025510669814109148,0.022606530223672486,0.02579077981318381,0.01918946322002394
1430.0,0.28196266884602555,0.028305860626505204,0.026295510001376716,0.02879902537926302,0.017526690255114823
1431.0,0.2536045462409327,0.030974925357022832,0.030165372137718974,0.03171542297064446,0.016186967858253718
1432.0,0.22524642363583994,0.03342901476372028,0.03412834093728112,0.03444630363080065,0.01515358025768686
1433.0,0.19688830103074706,0.03558084784886586,0.038080361832071453,0.036897262335172924,0.014395243469049673
1434.0,0.17038438971064124,0.037349812023857405,0.04190504936182432,0.038978494797704,0.013869547050099768
1435.0,0.14887383685098377,0.03866695472230567,0.04547901477333826,0.04061022424107626,0.013526699407269497
1436.0,0.1273632839913263,0.03947943760619095,0.04867827064041423,0.04172776428398608,0.013313318498607462
1437.0,0.10585273113166882,0.039754052979794584,0.05138526933871782,0.04228577120594124,0.013176035585021376
1438.0,0.09057433454926446,0.03947947651890833,0.0534960282199704,0.04226129629088782,0.013064714725797053
1439.0,0.08231498266295516,0.038667043593473206,0.05492674354635029,0.04165535199279966,0.012935132081442504
1440.0,0.07405563077664586,0.03734997538507963,0.05561930820015894,0.04049284308403651,0.012751004601809675
1441.0,0.06579627889033654,0.03558112896246919,0.055545227217826745,0.0388208694968877,0.012485305562058683
1442.0,0.06447340705459823,0.03342948442181109,0.054707563597035325,0.03670556232363339,0.012120852875856245
1443.0,0.06656958035016929,0.030975695406022446,0.05314072940972902,0.034227749594609114,0.011650203058060667
1444.0,0.06866575364574036,0.028307103855437336,0.050908142382674056,0.03147784810365867,0.011074926602753192
1445.0,0.0707619269413114,0.025512648352523922,0.04809797080330207,0.02855043097145843,0.010404376588575253
1446.0,0.0872320595512414,0.022678076966698043,0.04481736525711806,0.02553892367132637,0.009654088804730685
1447.0,0.10586221336961439,0.01988181535158409,0.041185703689516955,0.022530836587758563,0.008843966435811718
1448.0,0.12449236718798734,0.017191749305335787,0.03732744293603392,0.019603858585221144,0.007996404173495184
1449.0,0.14473006225729118,0.014663071553235636,0.03336517019922222,0.01682302663737113,0.007134495665902736
1450.0,0.18669728044259654,0.012337229599210416,0.029413385979161853,0.014239066521580707,0.00628044599796085
1451.0,0.22866449862790195,0.010241908406383799,0.025573437563288715,0.01188788388819558,0.00545428018909883
1452.0,0.2706317168132073,0.008391898815937606,0.02192987680631913,0.009791086308740557,0.004672903137378216
1453.0,0.2950984288687219,0.006790646463919947,0.01854835765465261,0.007957344022901066,0.0039495300208810145
1454.0,0.27186464634038304,0.005432248703921756,0.01547503728569498,0.006384354347135289,0.003293472667371366
1455.0,0.24863086381204416,0.004303666983149763,0.01273731626222359,0.005061161930289447,0.0027102398953621253
1456.0,0.22539708128370534,0.003386944531380188,0.010345659099873767,0.003970600371797064,0.0022018903322183732
1457.0,0.1984354465316525,0.0026612575602897944,0.008296182520743087,0.0030916537332833145,0.0017675655372596292
1458.0,0.16723503564705053,0.0021046752962228664,0.006573684023479874,0.002401581556695209,0.0014041290476198157
1459.0,0.13603462476244854,0.0016955534272778475,0.005154803035490931,0.0018777006288134474,0.0011068419244976858
1460.0,0.10483421387784655,0.0014135315365372992,0.004011052360941472,0.0014987645086513722,0.0008700155931356694
1461.0,0.08587426313786614,0.0012401440825799944,0.0031115189358581615,0.0012459231544083892,0.0006875960800533006
1462.0,0.07301276229200147,0.0011590844637679532,0.0024251002416590304,0.0011032772872174867,0.0005536480919831659
1463.0,0.06015126144613682,0.00115618215493051,0.0019222077595620532,0.0010580647796787175,0.0004627210543710019
1464.0,0.04728976060027215,0.0012191644372912707,0.0015759254823135907,0.0011005302737212544,0.0004100910614293687
1465.0,0.04014656895842261,0.0013372781219584847,0.001362656197164817,0.0012235363263451574,0.0003918820860985991
1466.0,0.03388070694787415,0.0015008444153835516,0.0012623198548630875,0.0014219769640973978,0.0004050766772100358
1467.0,0.027614844937325703,0.0017008131638660906,0.001258187566165921,0.0016920547642652235,0.00044743104292529367
1468.0,0.021610648299116828,0.0019283723987484254,0.0013364435582540186,0.0020304820796164247,0.000517312415084356
1469.0,0.019279112065537285,0.0021746563871604097,0.0014855682462524256,0.0024336665891163778,0.0006134784852272153
1470.0,0.01694757583195774,0.0024305810886994105,0.0016956308442961146,0.002896940938898419,0.0007348199722360026
1471.0,0.014616039598378198,0.0026868207654720216,0.001957571615912229,0.003413895053394397,0.0008800882887990901
1472.0,0.012686806940788067,0.002933924270785573,0.002262543261562074,0.003975866498552151,0.001047630833321207
1473.0,0.011867501113382771,0.003162555140929572,0.0026013687481396823,0.004571637714002177,0.0012351564273116761
1474.0,0.011048195285977476,0.003363827037453177,0.0029641593249819086,0.005187377926406591,0.0014395524687536396
1475.0,0.010228889458572175,0.003529696373612771,0.0033401215631539004,0.005806851667411151,0.0016567730566848908
1476.0,0.009488171311641553,0.003653368048676923,0.0037175660895050876,0.006411895472087223,0.0018818133229067035
1477.0,0.008837668614235438,0.0037296687834652465,0.004084113648987258,0.0069831409100366325,0.0021087793524259086
1478.0,0.008187165916829322,0.003755345856563391,0.0044270770203804,0.0075009378457313305,0.002331055551862411
1479.0,0.007536663219423208,0.003729256816218194,0.004733981346751923,0.007946409569096397,0.0025415626373654406
1480.0,0.007318798895588774,0.003652427173490199,0.004993172117301931,0.00830255418526726,0.0027330903724045175
1481.0,0.007318798895588774,0.0035279668754557947,0.005194450893003312,0.008555297087230818,0.002898680819911675
1482.0,0.007318798895588774,0.0033608508999570055,0.005329675207364424,0.008694399338993726,0.0030320312825845015
1483.0,0.007318798895588774,0.0031575828911420746,0.005393261682559103,0.008714137071207708,0.0031278822844988405
1484.0,0.008163863211207779,0.0029257717955070567,0.005382540341405787,0.008613686853715514,0.0031823556102996507
1485.0,0.009141259026800075,0.0026736587548209607,0.005297922608871611,0.008397179417427349,0.003193210855721177
1486.0,0.010118654842392367,0.0024096343885256027,0.005142864051713093,0.008073415901021811,0.003159995942837475
1487.0,0.011214475680394857,0.002141784983704232,0.004923623383096522,0.007655273184427576,0.003084076901740535
1488.0,0.014038424623193435,0.0018775005202638297,0.004648839249343978,0.007158853930590927,0.0029685437885787576
1489.0,0.016862373565992014,0.001623168881061247,0.004328963465789352,0.006602459262087803,0.0028180015124632265
1490.0,0.019686322508790592,0.0013839703167270458,0.003975601729596559,0.0060054751022792915,0.0026382651419544047
1491.0,0.023560365736150696,0.0011637756274264308,0.0036008191424451823,0.005387265973337001,0.0024359876774677886
1492.0,0.030367104713185978,0.0009651418509376708,0.003216467702338446,0.0047661627442141564,0.002218253377152711
1493.0,0.03717384369022127,0.0007893914956421073,0.0028335867148966093,0.004158615035773527,0.001992171051399305
1494.0,0.04398058266725655,0.0006367561397153485,0.0024619160251719446,0.0035785572736854775,0.0017644993551298761
1495.0,0.0478023519566264,0.0005065627381253766,0.0021095478026611826,0.0030370128244862583,0.0015413305490537287
1496.0,0.04816461791567623,0.00039744106790998087,0.0017827272841476388,0.0025419363969734037,0.0013278513836307935
1497.0,0.04852688387472606,0.0003075329414040124,0.0014857982897801183,0.0020982736833315223,0.001128190805952377
1498.0,0.04888914983377589,0.00023468749174690554,0.0012212770567266709,0.001708201063592345,0.0009453552557174522
1499.0,0.04437218273940499,0.00017663129172346546,0.0009900290622909895,0.0013714982010379162,0.0007812444242130667
1500.0,0.03737187839204009,0.000131106657902809,0.0007915185348147048,0.0010860026793797113,0.0006367342619383494
1501.0,0.03037157404467521,9.597569122526439e-05,0.000624099213118233,0.0008480978286364476,0.0005118101669509636
1502.0,0.02337126969731032,6.929105130479612e-05,0.00048531708582928414,0.000653191321516726,0.00040573175441748963
1503.0,0.020535321726736784,4.933696758028895e-05,0.00037220047875475664,0.0004961514451618949,0.0003172111831441319
1504.0,0.018364753011958817,3.464552565228144e-05,0.00028151897580868583,0.0003716785648284319,0.00024458925904186687
1505.0,0.016194184297180843,2.3993922808657402e-05,0.00020999928706989424,0.00027459977080770823,0.0001859968862198143
1506.0,0.01413730540612886,1.6388332248225205e-05,0.00015449248789210703,0.00020008393751341815,0.00013949330587620037
1507.0,0.013807637298607203,1.1039455763701668e-05,0.00011209243762087256,0.00014378172196022402,0.0001031764214034801
1508.0,0.013477969191085551,7.33398419745041e-06,8.020928785921356e-05,0.00010190008251521677,7.526394097940258e-05
1509.0,0.013148301083563898,4.805202404327739e-06,5.6604688834182344e-05,7.122374261612787e-05,5.414680684526078e-05
1510.0,0.012947801255755408,3.1050087979863135e-06,3.939667359628396e-05,4.909694237683383e-05,3.841830025670728e-05
1511.0,0.013112495382408447,1.9787617310636526e-06,2.7042454108919948e-05,3.337824527867352e-05,2.688331638291693e-05
1512.0,0.013277189509061493,1.2436666456400345e-06,1.8306783627789506e-05,2.2379581311310832e-05,1.8552692252446136e-05
1513.0,0.013441883635714533,7.708952027505946e-07,1.222242541686933e-05,1.4798572105312136e-05,1.2627298265738398e-05
1514.0,0.013835548669383356,4.712716285998389e-07,8.047892066894286e-06,9.650883403855427e-06,8.476046645913882e-06
1515.0,0.01449713326950875,2.841482545045662e-07,5.22620319631447e-06,6.2071712188751104e-06,5.611198578126448e-06
1516.0,0.015158717869634143,1.6899071828733535e-07,3.3471088855090812e-06,3.937311571937773e-06,3.6635096639144557e-06
1517.0,0.015820302469759535,9.917190035411191e-08,2.114135387918736e-06,2.463118167714702e-06,2.3589484586625634e-06
1518.0,0.0168167737959132,5.750412181816206e-08,1.3169678459367746e-06,1.519672955804326e-06,1.4980247456056586e-06
1519.0,0.017985506999124618,3.3098653913094194e-08,8.090903574221569e-07,9.24686479757989e-07,9.382077398935631e-07
1520.0,0.01915424020233603,1.92135174248298e-08,4.902285168862593e-07,5.549049519257191e-07,5.795070890812713e-07
1521.0,0.020322973405547444,1.1824008133838258e-08,2.929413046096511e-07,3.284152302901307e-07,3.530197804848478e-07
1522.0,0.021357877911963412,8.719409011267321e-09,1.726418823046023e-07,1.9169547056351875e-07,2.1209130606257907e-07
1523.0,0.022370970558956926,8.991873955403537e-09,1.0034749684214042e-07,1.1035614997776208e-07,1.2567272820000765e-07
1524.0,0.02338406320595044,1.2840355840867916e-08,5.753130681047804e-08,6.266473057156487e-08,7.345014058720872e-08
1525.0,0.024347083922947137,2.1666732792134477e-08,3.2546075112894033e-08,3.511259970621992e-08,4.235636453069354e-08
1526.0,0.024516965268794245,3.8497605478630275e-08,1.8192250123616093e-08,1.9442608334453075e-08,2.412835040435202e-08
1527.0,0.024686846614641357,6.882947819660425e-08,1.0099177854004897e-08,1.0696978768013658e-08,1.3634564721746429e-08
1528.0,0.024856727960488465,1.2207401081883995e-07,5.67192237728136e-09,5.963315112511311e-09,7.756166703548496e-09
1529.0,0.024938642243640424,2.1388108939094325e-07,3.425378925386313e-09,3.5905257698899957e-09,4.659330564058527e-09
1530.0,0.024768760897793302,3.6974784322058347e-07,2.582695807392205e-09,2.7191730067046086e-09,3.3418099589028776e-09
1531.0,0.02459887955194618,6.304874223323707e-07,2.858764317598903e-09,3.026113837993118e-09,3.3749118518693563e-09
1532.0,0.02442899820609906,1.0603352897241533e-06,4.384903774872866e-09,4.625901395967045e-09,4.793893165602376e-09
1533.0,0.024259252893678012,1.7587102909084423e-06,7.761614911854466e-09,8.106001373786174e-09,8.117683779156674e-09
1534.0,0.024089668283957196,2.8769110907294344e-06,1.425656117520232e-08,1.4704100983631525e-08,1.45055740628291e-08
1535.0,0.02392008367423637,4.641290838563083e-06,2.6199383917192175e-08,2.6668245463594836e-08,2.6087260441718362e-08
1536.0,0.02375049906451555,7.3846719181447975e-06,4.7668781775329525e-08,4.787885419958216e-08,4.653688459680939e-08
1537.0,0.023915847962122476,1.158787531395541e-05,8.562643527328792e-08,8.486055586064272e-08,8.200508991191914e-08
1538.0,0.02425531391769041,1.7933160186836468e-05,1.5173352063428027e-07,1.48375958972713e-07,1.4257930580368097e-07
1539.0,0.024594779873258338,2.7370993467405893e-05,2.651958909505445e-07,2.558773416374357e-07,2.445147054142745e-07
1540.0,0.024934245828826265,4.12007794235969e-05,4.5713043332339157e-07,4.351991906112413e-07,4.135687144097865e-07
1541.0,0.025421172077300217,6.11648612782237e-05,7.771329891095946e-07,7.300057601930433e-07,6.898805575878071e-07
1542.0,0.025932606961714247,8.955317387915375e-05,1.3029591792242506e-06,1.2076606962207345e-06,1.1349604405368912e-06
1543.0,0.026444041846128273,0.0001293133491458888,2.154498338387045e-06,1.9703515278435083e-06,1.8414813938904987e-06
1544.0,0.02696543566687359,0.00018415792030416266,3.5135115982069986e-06,3.170463039728723e-06,2.9466838205486375e-06
1545.0,0.027651566892765433,0.00025865673407853045,5.650886690859902e-06,5.031321497642853e-06,4.650282188290088e-06
1546.0,0.028337698118657263,0.00035829911987303285,8.963383086644101e-06,7.874484438585878e-06,7.237768247008853e-06
1547.0,0.029023829344549106,0.0004895073111249418,1.4021927068791594e-05,1.2154672484721015e-05,1.1109888342248796e-05
1548.0,0.029711213354370686,0.0006595807505445187,2.1633368527440648e-05,1.8503162874733325e-05,1.68187787002442e-05
1549.0,0.030402228117618273,0.0008765510213848373,3.29171104102088e-05,2.777991562856242e-05,2.5110714721502138e-05
1550.0,0.03109324288086585,0.0011489300165478718,4.9397038614208193e-05,4.113381351869413e-05,3.697461857385284e-05
1551.0,0.03178425764411343,0.001485340235591836,7.310759403004669e-05,6.006911762976569e-05,5.3694344975184186e-05
1552.0,0.03239796764019327,0.0018940261343706117,0.00010671055540055051,8.651456325565172e-05,7.690133696968015e-05
1553.0,0.0329194755962657,0.002382259118847051,0.00015361613023658142,0.0001228895021297438,0.00010862257633120672
1554.0,0.033440983552338134,0.002955665333941917,0.0002180983833841244,0.00017215927878945318,0.00015131698310172974
1555.0,0.03396249150841057,0.0036175234162469884,0.00030539112399562157,0.00023786985630426036,0.00020789176280121087
1556.0,0.03437106028070509,0.0043680967491824775,0.0004217465580931071,0.00032414993142899294,0.00028168895406620255
1557.0,0.034720295061522105,0.005204078847815456,0.0005744359199013766,0.00043566784470358186,0.0003764319504888696
1558.0,0.03506952984233914,0.006118238429125195,0.0007716697052541811,0.0005775309918388362,0.0004961224374784547
1559.0,0.03541876462315616,0.007099349762591495,0.001022415918669135,0.000755117658221686,0.000644880342209624
1560.0,0.03622068280457023,0.008132481932588,0.0013360987575654728,0.0009738356011915884,0.0008267232777493509
1561.0,0.03709930567330774,0.009199696651885608,0.0017221680489260096,0.0012388084543105814,0.0010452876181385206
1562.0,0.037977928542045264,0.010281168696740995,0.002189541805960558,0.001554499964282459,0.0013035005546982812
1563.0,0.03889606214359095,0.011356698050183729,0.00274594020399614,0.001924296630929618,0.0016032207297827772
1564.0,0.0404979032085118,0.012407532316884306,0.0033971480960818083,0.002350080497905777,0.001944873479614722
1565.0,0.042099744273432646,0.013418367243400054,0.004146263133473322,0.0028318342177820477,0.0023271142305113725
1566.0,0.04370158533835349,0.01437934852047414,0.004993005131852453,0.0033673283698866722,0.002746558911544412
1567.0,0.045449796878874904,0.015287865967329537,0.005933176505180464,0.003951944518782947,0.003197622108334492
1568.0,0.04762754420760728,0.016149917603462037,0.0069583701557432475,0.004578685005330445,0.0036725010379997603
1569.0,0.04980529153633966,0.016980830453593103,0.008056017208125179,0.005238410771955219,0.004161335653390288
1570.0,0.05198303886507204,0.017805159472079026,0.009209850248417004,0.005920331222094181,0.004652562278024232
1571.0,0.05504377135957987,0.018655645266153393,0.010400827432175101,0.006612745795044297,0.005133460852567527
1572.0,0.059167784420204164,0.019571191938525325,0.011608519836995273,0.0073040073311192175,0.0055908756016271295
1573.0,0.06329179748082844,0.02059392208245842,0.012812911589985834,0.007983645239239674,0.006012067801980604
1574.0,0.06741581054145275,0.021765468014750513,0.013996504342143917,0.008643555680631253,0.006385639854084813
1575.0,0.07365169823262176,0.02312275626251984,0.015146560918537366,0.00927914067499492,0.006702454622422496
1576.0,0.08100879936400698,0.02469362492080839,0.016257274743989143,0.009890262433745566,0.0069564653391194055
1577.0,0.08836590049539218,0.026492669986277674,0.017331619363870766,0.010481876939849517,0.00714537095827637
1578.0,0.09572300162677741,0.028517738052086513,0.01838262266099469,0.011064224250145796,0.007271020502546728
1579.0,0.10851830049705603,0.03074746265407744,0.019433828038914188,0.011652482941748752,0.007339507395073148
1580.0,0.12225278672056995,0.033140177931402545,0.020518752099843756,0.012265841311038342,0.007360919684457089
1581.0,0.1359872729440839,0.0356344387186706,0.021679224164255294,0.012925995028748381,0.007348742181338444
1582.0,0.14882086602657105,0.038151238388767376,0.022962592826259093,0.013655144714165172,0.007318938897048226
1583.0,0.14531553350592838,0.04059785711108653,0.0244179006799387,0.014473630600764594,0.0072887755470354455
1584.0,0.1418102009852857,0.04287310979515245,0.02609124955433961,0.01539739761316627,0.007275469038251135
1585.0,0.13830486846464304,0.04487361302682256,0.028020692215459435,0.016435525301462292,0.0072947709734066165
1586.0,0.13101432907182106,0.04650057182398909,0.030231078901620162,0.01758807671361565,0.007359603118096213
1587.0,0.11247529755884533,0.04766651554291791,0.03272934531229443,0.018844513868726858,0.007478863193649622
1588.0,0.0939362660458696,0.04830139838982119,0.03550074212535983,0.020182893155192363,0.007656508948059127
1589.0,0.07539723453289389,0.048357527686321455,0.03850646800499757,0.021569993070096778,0.007891007871008555
1590.0,0.06395975764331427,0.04781288861197721,0.041683076837731634,0.022962443978234263,0.008175210739071829
1591.0,0.061156276111654945,0.04667258640888107,0.04494389017556133,0.02430883285798334,0.008496671804048598
1592.0,0.05835279457999564,0.04496830858026625,0.04818246850558691,0.02555265556723984,0.008838399922349065
1593.0,0.05554931304833634,0.042755899134493014,0.05127799669471037,0.026635896511957302,0.00917998674413721
1594.0,0.06126785850787723,0.04011131215366185,0.054102240729327664,0.027502942062339723,0.009499023860187094
1595.0,0.07155844034590694,0.037125352824924296,0.056527557586831596,0.02810448924815998,0.00977269397574624
1596.0,0.08184902218393665,0.03389770546303975,0.05843530969406236,0.028401101643069228,0.009979404623341959
1597.0,0.09213960402196637,0.030530781832016206,0.05972396786016083,0.02836609217630203,0.010100328605635762
1598.0,0.10525292872277396,0.02712389890473106,0.060316192878072196,0.027987475428839965,0.010120724025260638
1599.0,0.11886299308937764,0.023768220167478434,0.06016426835774561,0.027268822774888176,0.010030927761733614
1600.0,0.1324730574559813,0.02054278169468088,0.0592534082833402,0.026228961834932327,0.009826947530182411
1601.0,0.14535744403187376,0.017511790139005237,0.05760266571074702,0.02490057419968514,0.009510615899178796
1602.0,0.14441939649895755,0.014723242144655825,0.05526340036544879,0.023327848928939486,0.009089310683901
1603.0,0.14348134896604134,0.012208789584673214,0.05231549528828136,0.021563432043690905,0.008575285445258441
1604.0,0.14254330143312513,0.009984674950267175,0.048861718789824225,0.019664965318853724,0.00798468713764327
1605.0,0.1383741451172097,0.008053493851737852,0.04502078442148957,0.017691526562274875,0.007336361794331058
1606.0,0.12448088998770006,0.006406509399755402,0.04091975221563945,0.015700268298037435,0.006650561326487602
1607.0,0.11058763485819038,0.0050262439576875305,0.036686432055401855,0.013743506783159139,0.005947664376545954
1608.0,0.09669437972868074,0.0038891014707977864,0.032442397438169505,0.01186644642928592,0.005247012603738584
1609.0,0.0848016320179448,0.0029678201484685364,0.028297106623327142,0.01010564587375255,0.004565943032074322
1610.0,0.07536453362549213,0.002233611844930322,0.02434347627990119,0.008488251523818314,0.0039190703527834745
1611.0,0.06592743523303947,0.001657902795212394,0.020655081819529256,0.007031951754106893,0.0033178439757148015
1612.0,0.056490336840586804,0.0012136437227076465,0.017284990301114172,0.005745547267374672,0.0027703767015080224
1613.0,0.0529352091008814,0.0008762011481487539,0.014266084939091825,0.004629994758701528,0.002281518106804706
1614.0,0.05256884200808801,0.000623873617641119,0.011612628537160094,0.0036797632307849935,0.0018531281676373488
1615.0,0.05220247491529461,0.00043809614185923195,0.009322743995473705,0.0028843436217991223,0.0014844963027401353
1616.0,0.05183610782250122,0.000303404554094226,0.007381464393718288,0.0022297692620541713,0.001172847870113471
1617.0,0.05209108539539545,0.00020723089834277455,0.005764018495401445,0.0017000322621273719,0.0009138832955100089
1618.0,0.05245745248818881,0.00013959394717909934,0.004439061320353274,0.0012783140758139777,0.0007023029445638557
1619.0,0.05282381958098219,9.273811524029366e-05,0.003371623031996146,0.0009479823909901624,0.0005322817694166058
1620.0,0.05302689513427203,6.076164099191531e-05,0.0025256218184686006,0.0006933373362886915,0.00039786986351182245
1621.0,0.04995597532051309,3.9262706918484793e-05,0.0018658579575270983,0.0005001151451284491,0.00029330677885854516
1622.0,0.04688505550675415,2.5021334509484748e-05,0.0013594693283672785,0.00035577557643767495,0.00021324762354953347
1623.0,0.043814135692995214,1.5726068599173486e-05,0.000976878477347593,0.0002496103888150417,0.00015290684484949748
1624.0,0.04115297043928058,9.74786065967514e-06,0.0006922958795375851,0.00017271471918046136,0.00010813093792513735
1625.0,0.03974076860416341,5.959061907426993e-06,0.0004838635046968012,0.00011786260460452307,7.541419456964591e-05
1626.0,0.03832856676904622,3.5927410045762543e-06,0.0003335291352272765,7.932362809317204e-05,5.18723752277366e-05
1627.0,0.03691636493392904,2.136256248021684e-06,0.00022673803817527285,5.2651270095265186e-05,3.518835409207571e-05
1628.0,0.03613479004656017,1.2527378454471873e-06,0.0001520178608458433,3.446631084289527e-05,2.354189709006564e-05
1629.0,0.03613479004656017,7.245134665260496e-07,0.00010051813454993195,2.2251554334135043e-05,1.553329437798758e-05
1630.0,0.03613479004656017,4.1324930897153684e-07,6.555015956602795e-05,1.4167899329242588e-05,1.0108000331509536e-05
1631.0,0.03613479004656017,2.3246480866832435e-07,4.2158250954653866e-05,8.89672346456038e-06,6.487037986137529e-06
1632.0,0.0367034806958362,1.289679224660025e-07,2.674058420174482e-05,5.509779429112699e-06,4.105888245954014e-06
1633.0,0.0375836967375466,7.056439051631676e-08,1.672779333059692e-05,3.365253662567238e-06,2.562992173776215e-06
1634.0,0.03846391277925701,3.807754051241091e-08,1.032014645478337e-05,2.027126505299673e-06,1.5778543365116392e-06
1635.0,0.03934412882096741,2.0264299026019523e-08,6.279318320558179e-06,1.204268538353398e-06,9.580012197504988e-07
1636.0,0.04083704286019635,1.0635886247434143e-08,3.768066540845616e-06,7.055783733562116e-07,5.73647355351442e-07
1637.0,0.042441825915826084,5.505479929092203e-09,2.229995806285918e-06,4.077055332780011e-07,3.3876983396080343e-07
1638.0,0.044046608971455806,2.8105808618768266e-09,1.3015742365479751e-06,2.3234181055006288e-07,1.973100946537565e-07
1639.0,0.04568574070304011,1.41506499092322e-09,7.492267102071224e-07,1.305832723206162e-07,1.1334296755395719e-07
1640.0,0.048051618104821274,7.026452085326593e-10,4.253407262153626e-07,7.238142630751419e-08,6.422481020549961e-08
1641.0,0.050417495506602454,3.4409248852372117e-10,2.38144245152435e-07,3.956818546811202e-08,3.591851102962138e-08
1642.0,0.05278337290838363,1.6618571722667507e-10,1.3149905103843203e-07,2.133263679189908e-08,1.9869931066557354e-08
1643.0,0.05548941473602152,7.915741447177283e-11,7.161179341046724e-08,1.1342854172571898e-08,1.0965553624868148e-08
1644.0,0.059245672946400735,3.718509618822817e-11,3.846147047124696e-08,5.94811781610089e-09,6.230070186960824e-09
1645.0,0.06300193115677995,1.722763428012994e-11,2.0372607618832954e-08,3.076211409481023e-09,4.025973542555315e-09
1646.0,0.06675818936715917,7.87158045186769e-12,1.064257596207757e-08,1.5690334321357676e-09,3.598890848503394e-09
1647.0,0.07075907267717714,3.547142583086671e-12,5.483101658998592e-09,7.892736753505307e-10,4.878362919942781e-09
1648.0,0.07506606440064678,1.5764534541156836e-12,2.7860264694539673e-09,3.9156371480336066e-10,8.501547672557152e-09
1649.0,0.07937305612411642,6.910404965731928e-13,1.3961226705276784e-09,1.9158286482856541e-10,1.6085947753731705e-08
1650.0,0.08368004784758605,2.9892395400468014e-13,6.899876556598684e-10,9.244646033168448e-11,3.084800012823786e-08
1651.0,0.0882508886836151,1.2799919633385616e-13,3.3630897946139407e-10,4.399499896925683e-11,5.87618496946405e-08
1652.0,0.09296777146386521,5.531233508462294e-14,1.6166462741699915e-10,2.064884370786827e-11,1.1059643349126815e-07
1653.0,0.09768465424411533,2.6854669149455163e-14,7.66427269506456e-11,9.55801180891607e-12,2.053855033446996e-07
1654.0,0.10240153702436548,2.1111367083114635e-14,3.5834907822569814e-11,4.363337321446092e-12,3.7620947929968504e-07
1655.0,0.10863748398872237,3.433501658256284e-14,1.652422253298887e-11,1.964488157463458e-12,6.796452689398184e-07
1656.0,0.1151558485197017,7.857045851358814e-14,7.5147610993273e-12,8.722870835085923e-13,1.2109260676076817e-06
1657.0,0.12167421305068106,1.9176905470828663e-13,3.370456467786509e-12,3.8198725104673845e-13,2.1278118153036596e-06
1658.0,0.12822298303211968,4.677530878894146e-13,1.4908764892291274e-12,1.649748322293756e-13,3.6874693768285923e-06
1659.0,0.135452497265508,1.1275919292862518e-12,6.503902319039152e-13,7.026934776881806e-14,6.302358217767731e-06
1660.0,0.14268201149889637,2.6817118240266024e-12,2.798245114098671e-13,2.9518450040184604e-14,1.0623244092196989e-05
1661.0,0.1499115257322847,6.29034803049993e-12,1.1873449196025402e-13,1.2229271227367739e-14,1.7659997604747682e-05
1662.0,0.15792652585106862,1.4551919539960343e-11,4.9687533941676424e-14,4.996742906693523e-15,2.8953663400686326e-05
1663.0,0.168398094572218,3.3200595334237145e-11,2.050677599013732e-14,2.0135055555752877e-15,4.681616148028485e-05
1664.0,0.17886966329336734,7.470522000700542e-11,8.346929282342967e-15,8.001991025136935e-16,7.465647559814255e-05
1665.0,0.18934123201451672,1.6578126201269382e-10,3.350699621468947e-15,3.136336756068689e-16,0.00011741364356935495
1666.0,0.20300683790291166,3.6282678125667187e-10,1.326550500480898e-15,1.2123463678873496e-16,0.0001821163958165883
1667.0,0.22070792085744878,7.831458144620234e-10,5.179555945566391e-16,4.6217893094809516e-17,0.00027858576954267376
1668.0,0.23840900381198585,1.6671141068118395e-09,1.9945697688666456e-16,1.7376926805376705e-17,0.00042028918054073434
1669.0,0.2561100867665229,3.4999949828338024e-09,7.576266054593372e-17,6.443401590939688e-18,0.0006253409829598258
1670.0,0.2795467214858029,7.246844078692824e-09,2.841910504237511e-17,2.356333883162961e-18,0.0009176244438377521
1671.0,0.3061910166364761,1.4798231354908018e-08,1.0625757267681386e-17,8.498413466658233e-19,0.0013279828175639075
1672.0,0.33283531178714926,2.9802322387695385e-08,4.2516594379519e-18,3.0228617490607954e-19,0.0018953932860375378
1673.0,0.3594796069378224,5.919292541963101e-08,2.6437595934558344e-18,1.0604204970054971e-19,0.0026679987395326196
1674.0,0.39470001551101486,1.1594950525907111e-07,4.164755929183391e-18,3.6687434423554543e-20,0.0037038321941776416
1675.0,0.4315435867941201,2.2399967890119874e-07,1.0662034041304234e-17,1.251802951070391e-20,0.005071032391529825
1676.0,0.4683871580772254,4.267812113418444e-07,2.9571733167913184e-17,4.212442636593e-21,0.00684732382439566
1677.0,0.5055655258949224,8.019413139855549e-07,8.189393872939918e-17,1.3980137045789059e-21,0.0091185282843108
1678.0,0.5507002348876101,1.4861384957513795e-06,2.2401062027607115e-16,4.575812894420869e-22,0.011975896448330137
1679.0,0.595834943880298,2.716160193628454e-06,6.04430146868994e-16,1.4770815966935385e-22,0.015512104251543436
1680.0,0.6409696528729858,4.8958812620655265e-06,1.6084700692923705e-15,4.7024059745836376e-23,0.01981585417384268
1681.0,0.6878984671487186,8.703336455295004e-06,4.2214385391223154e-15,1.4764379592185867e-23,0.02496515578493182
1682.0,0.740511575390535,1.5258789062500007e-05,1.0926661949635129e-14,4.571832369016964e-24,0.031019526440641116
1683.0,0.7931246836323514,2.6383582498409047e-05,2.7892918752425197e-14,1.3962158693093877e-24,0.038011538374378144
1684.0,0.845737791874168,4.4991126015963835e-05,7.022307112337388e-14,4.206227233761389e-25,0.045938322204926135
1685.0,0.8903411598269527,7.566575317010436e-05,1.7435928377167566e-13,1.2533076258970704e-25,0.05475379337167891
1686.0,0.9247266969245368,0.00012550217610547687,4.2696250119559553e-13,3.8161538913525194e-26,0.06436246904892137
1687.0,0.9591122340221209,0.00020529697638030183,1.0311308763239365e-12,1.6317824575310813e-26,0.07461576214776958
1688.0,0.9934977711197049,0.0003312022283807793,2.4559371546685412e-12,2.375264422197678e-26,0.08531155593668416
1689.0,1.0,0.0005269669123556779,5.7689942651690385e-12,7.467929903645266e-26,0.09619766849912927
1690.0,0.9907466049062162,0.000826899719104031,1.336479695678283e-11,2.5945115705772813e-25,0.10697951631409158
1691.0,0.9814932098124325,0.0012796810584554338,3.053542881052683e-11,8.976078059385964e-25,0.11733190277816256
1692.0,0.9722398147186488,0.0019531250000000017,6.880580516093313e-11,3.064998822670603e-24,0.1269144282204893
1693.0,0.9482566252105651,0.002939935053537243,1.529063563485257e-10,1.0322377210648564e-23,0.1353895925977776
1694.0,0.9214359682232388,0.004364402883094613,3.35123897146077e-10,3.428551022625699e-23,0.14244229600365063
1695.0,0.8946153112359123,0.006389859832482673,7.24377006264973e-10,1.123106840582332e-22,0.14779918846486023
1696.0,0.8682817182486465,0.00922650516741822,1.544199169709176e-09,3.628364766390288e-22,0.15124622145495586
1697.0,0.8542769327629531,0.01313900648833929,3.246544597745021e-09,1.1560595634301084e-21,0.15264283301264478
1698.0,0.8402721472772597,0.018453010334836414,6.731608215391619e-09,3.632694535269102e-21,0.15193145681701373
1699.0,0.8262673617915665,0.025559439329930655,1.3765617268112427e-08,1.1257888695376751e-20,0.14914145873774043
1700.0,0.8114996140240897,0.03491522306475687,2.7762076671783715e-08,3.440839543065224e-20,0.14438712571250284
1701.0,0.7942827573320886,0.04703896085659586,5.521888185023416e-08,1.0371732105890235e-19,0.13785989889409567
1702.0,0.7770659006400877,0.0625,1.0831850746005064e-07,3.083312623341667e-19,0.12981558665439782
1703.0,0.7598490439480867,0.08189958774114772,2.095545650719778e-07,9.039891777226977e-19,0.12055774751376448
1704.0,0.7329520386401035,0.10584316404531588,3.998259569578577e-07,2.613895984962245e-18,0.11041874581466472
1705.0,0.6935865810387051,0.1349035295630534,7.523574825803445e-07,7.454058076697883e-18,0.09974012194272132
1706.0,0.6542211234373065,0.16957554093095903,1.3962298030019042e-06,2.0964120277248272e-17,0.08885387649988277
1707.0,0.614855665835908,0.21022410381342868,2.5554592698080668e-06,5.814868707763689e-17,0.07806606070706283
1708.0,0.5797542233517893,0.2570284566640167,4.612755367069325e-06,1.5906791337320556e-16,0.06764373043340044
1709.0,0.5470870880055195,0.3099269249847467,8.211666109474146e-06,4.291455909510252e-16,0.05780590907622274
1710.0,0.5144199526592499,0.36856730432277535,1.4417220546303115e-05,1.1418422954518321e-15,0.048718770634346195
1711.0,0.48175281731298014,0.4322686156539326,2.4963829161447576e-05,2.9963117464512446e-15,0.04049485108714075
1712.0,0.4582851398436512,0.5,4.263048383392351e-05,7.754383362754861e-15,0.03319576579021463
1713.0,0.4366207651967909,0.5703818579342118,7.17974006953855e-05,1.9791874986518004e-14,0.02683768044263833
1714.0,0.41495639054993055,0.6417129487814521,0.00011925499585276163,4.9820262373526244e-14,0.021398664177266328
1715.0,0.39341952614897724,0.712025097798536,0.00019535468985730877,1.236814253934326e-13,0.016827040845887504
1716.0,0.3753339390705608,0.7791645796604999,0.0003156098159212649,3.028184646471088e-13,0.01304993158359285
1717.0,0.35724835199214433,0.8408964152537146,0.0005028709665796578,7.312057950714396e-13,0.009981323253175562
1718.0,0.3391627649137279,0.8950250709279723,0.0007902090925232544,1.7413108107000502e-12,0.007529175265622395
1719.0,0.32106255880129303,0.9395227492140118,0.0012246356080538579,4.089708630454649e-12,0.005601264652380251
1720.0,0.3029148039115458,0.9726549474122855,0.0018717642301953742,9.473006597404609e-12,0.004109643779543197
1721.0,0.2847670490217986,0.9930924954370359,0.0028214658895673386,2.164027182311982e-11,0.0029737308994935317
1722.0,0.2666192941320513,1.0,0.0041944774594145,4.875475558443449e-11,0.0021221620893115095
1723.0,0.24912945883756937,0.9930924954370359,0.006149790562714712,1.0833047704972623e-10,0.0014936018347948504
1724.0,0.23249527853583687,0.9726549474122855,0.008892465451749767,2.373907145929162e-10,0.0010367415994291418
1725.0,0.21586109823410432,0.9395227492140118,0.012681290388166526,5.130458748091732e-10,0.0007097176595386897
1726.0,0.19922691793237177,0.8950250709279723,0.0178354515302019,1.0935233784976633e-09,0.00047915949490588244
1727.0,0.18487775662896158,0.8408964152537146,0.024739115588384198,2.298684379718691e-09,0.00031904650043193994
1728.0,0.17184654635829089,0.7791645796604999,0.03384259299573218,4.76551693418332e-09,0.00020951121344598764
1729.0,0.15881533608762022,0.712025097798536,0.04565858963697802,9.743614425205747e-09,0.00013568753699831328
1730.0,0.14578412581694955,0.6417129487814521,0.060752024327207346,1.9647602464874956e-08,8.666665730082788e-05
1731.0,0.1363303029492185,0.5703818579342118,0.07972204218459729,3.907315094408647e-08,5.45938262840701e-05
1732.0,0.12758991916469462,0.5,0.1031752373845687,7.663491991881193e-08,3.391676488028583e-05
1733.0,0.11884953538017072,0.4322686156539326,0.1316897394576766,1.482362366604392e-07,2.0780917017685837e-05
1734.0,0.1102399093083084,0.36856730432277535,0.16577071099854512,2.827883108704856e-07,1.2557245806128194e-05
1735.0,0.10543159674025668,0.3099269249847467,0.20579890611593182,5.320444618531317e-07,7.4834779459185026e-06
1736.0,0.10062328417220492,0.2570284566640167,0.25197515669596426,9.872196703018743e-07,4.398372131067705e-06
1737.0,0.09581497160415317,0.21022410381342868,0.3042648516070607,1.8065878009919277e-06,2.549528425639438e-06
1738.0,0.09156325245260119,0.16957554093095903,0.3623474823029443,3.2604965624801326e-06,1.4574952438692373e-06
1739.0,0.08914601976563417,0.1349035295630534,0.4255769622261128,5.803471019922197e-06,8.217388768108323e-07
1740.0,0.08672878707866716,0.10584316404531588,0.4929585147949362,1.0187586133517633e-05,4.569197411395849e-07
1741.0,0.08431155439170013,0.08189958774114772,0.5631473371327307,1.763738386904484e-05,2.5056788669435823e-07
1742.0,0.08225682801827336,0.0625,0.6344729297250801,3.0114554367890836e-05,1.355159139043195e-07
1743.0,0.08067814015548462,0.04703896085659586,0.7049909790251202,5.071052592421219e-05,7.22827366095293e-08
1744.0,0.07909945229269587,0.03491522306475687,0.7725621419073366,8.42168878657658e-05,3.802404145892052e-08
1745.0,0.07752076442990713,0.025559439329930655,0.8349542606097036,0.00013793664625696357,1.9727014473420882e-08
1746.0,0.07511191998452701,0.018453010334836414,0.8899617635757858,0.00022281249230581126,1.0093547977773595e-08
1747.0,0.0722193376808698,0.01313900648833929,0.9355336450157351,0.00035495950547724666,5.093376031662609e-09
1748.0,0.0693267553772126,0.00922650516741822,0.9698998090057692,0.000557695942579132,2.5348194387326966e-09
1749.0,0.0664341730735554,0.006389859832482673,0.9916849831412888,0.000864162784190984,1.2441356011766967e-09
1750.0,0.06330485478695785,0.004364402883094613,1.0,0.0013206052928517059,6.022375165526103e-10
1751.0,0.060127512915249585,0.002939935053537243,0.9945020054345696,0.001990352084665471,2.875062535266757e-10
1752.0,0.05695017104354131,0.0019531250000000017,0.9754179121814512,0.0029584632754148443,1.3536493667765217e-10
1753.0,0.05378696043796802,0.0012796810584554338,0.9435288629045601,0.004336924454917196,6.285567195273392e-11
1754.0,0.05106725418493895,0.000826899719104031,0.9001171852271447,0.006270135583011451,2.878473017076932e-11
1755.0,0.0483475479319099,0.0005269669123556779,0.8468808586834461,0.008940285889993398,1.3000475943368098e-11
1756.0,0.04562784167888084,0.0003312022283807793,0.7858234428866702,0.01257202632326662,5.790762340230074e-12
1757.0,0.04320760483387312,0.00020529697638030183,0.7191294002032187,0.017435666627920277,2.5438507705016585e-12
1758.0,0.04178765755792689,0.00012550217610547687,0.6490355842482032,0.023847959843625997,1.1021150178712984e-12
1759.0,0.04036771028198067,7.566575317010436e-05,0.5777093176306783,0.03216942563412351,4.709140086333153e-13
1760.0,0.03894776300603445,4.4991126015963835e-05,0.5071420667193395,0.042797143421691095,1.9844296147003988e-13
1761.0,0.03783636967341132,2.6383582498409047e-05,0.43906548677343343,0.056152055349390086,8.247250566248116e-14
1762.0,0.03713410864132706,1.5258789062500007e-05,0.37489389177592053,0.07266009024286404,3.3803531913384966e-14
1763.0,0.0364318476092428,8.703336455295004e-06,0.3156943640488239,0.09272687171381863,1.3664519641709541e-14
1764.0,0.03572958657715853,4.8958812620655265e-06,0.2621830993235549,0.11670640303168882,5.4476106379902925e-15
1765.0,0.0353593539347759,2.716160193628454e-06,0.21474445446888593,0.14486489624721424,2.14188993197389e-15
1766.0,0.03518457951425539,1.4861384957513795e-06,0.17346770071028847,0.17734176867423637,8.305535515080431e-16
1767.0,0.03500980509373488,8.019413139855549e-07,0.13819574982467436,0.21411067042086823,3.1762708576562676e-16
1768.0,0.034835030673214376,4.267812113418444e-07,0.10858007850631018,0.25494411258985455,1.1979724216813827e-16
1769.0,0.034950024769376295,2.2399967890119874e-07,0.08413661126039099,0.29938570734628295,4.456105976658724e-17
1770.0,0.03512479918989681,1.1594950525907111e-07,0.06429826895909074,0.346734087575415,1.6347208482801093e-17
1771.0,0.035299573610417335,5.919292541963098e-08,0.04846106408587714,0.3960421555881305,5.914405431895155e-18
1772.0,0.035484365453099215,2.98023223876953e-08,0.03602184979784099,0.44613437979560894,2.1103669788217258e-18
1773.0,0.03601058443444758,1.4798231354907745e-08,0.026406964166784692,0.49564344659510295,7.426501508848416e-19
1774.0,0.036536803415795946,7.246844078691981e-09,0.019091952331061895,0.5430657889399787,2.5774483108826584e-19
1775.0,0.0370630223971443,3.4999949828312286e-09,0.013613243306983502,0.5868335314703135,8.822162551347631e-20
1776.0,0.03763025745810488,1.6671141068040905e-09,0.009573092869047273,0.6253984462771677,2.9781018516778685e-20
1777.0,0.038336349038586064,7.831458144390162e-10,0.006639300682257977,0.6573218587849009,9.914788121795901e-21
1778.0,0.039042440619067253,3.6282678118930323e-10,0.004541212275014458,0.681363321751824,3.255417764565674e-21
1779.0,0.03974853219954842,1.6578126181814273e-10,0.0030633785618235645,0.696560476262885,1.0541670087943753e-21
1780.0,0.040456835461918195,7.470521945290432e-11,0.0020380223128993297,0.7022929445439426,3.3665999438900894e-22
1781.0,0.04116809992059436,3.320059377782824e-11,0.0013372007155434613,0.6983243446163393,1.0603591867327128e-22
1782.0,0.04187936437927051,1.455191522836691e-11,0.000865293948049837,0.6848184614495437,3.293774742764077e-23
1783.0,0.042590628837946676,6.2903362508795364e-12,0.000552217457703811,0.662328032889043,1.0090534849937159e-23
1784.0,0.043192546161187666,2.6816800842263636e-12,0.0003475649696261643,0.6317572203748817,3.0486942977089923e-24
1785.0,0.04372943507434032,1.1275075848416117e-12,0.00021574526079552568,0.5943013155344419,9.084331426250616e-25
1786.0,0.04426632398749297,4.67532039081593e-13,0.0001320766152778786,0.551369284757106,2.669632386395607e-25
1787.0,0.044803212900645636,1.9119770860327527e-13,7.974252754761786e-05,0.5044961388275649,7.737298541711897e-26
1788.0,0.04489630765280754,7.71140280134931e-14,4.7482487603707936e-05,0.4552526939262557,2.211600331954172e-26
1789.0,0.04489630765280754,3.067351134701616e-14,2.788408064117633e-05,0.4051600370240597,6.234524539201642e-27
1790.0,0.04489630765280754,1.2032974614762216e-14,1.6149481996623363e-05,0.3556150070253238,1.733322725119254e-27
1791.0,0.0448869470545132,4.655452570497581e-15,9.224445373719328e-06,0.3078314286768662,4.752640049095181e-28
1792.0,0.0445286914288853,1.776356839400265e-15,5.196385115795406e-06,0.2627999244067315,1.2851973335613899e-28
1793.0,0.044170435803257385,6.684638386871587e-16,2.8869668496050174e-06,0.22126713576273258,3.427552442980152e-29
1794.0,0.04381218017762948,2.480875811610649e-16,1.5818367605430442e-06,0.1837333494505527,9.015250549971652e-30
1795.0,0.04333395780270363,9.080536972991706e-17,8.547929487870754e-07,0.1504660328292077,2.3385727983825504e-30
1796.0,0.04244406005650267,3.277913111581051e-17,4.555537207745897e-07,0.12152576089021433,5.9827848688898485e-31
1797.0,0.041554162310301714,1.1669782019242902e-17,2.394405301101675e-07,0.09680050598135082,1.5095075151422896e-31
1798.0,0.040664264564100744,4.0973913894762906e-18,1.2411810396096775e-07,0.07604423686699507,3.756181527251989e-32
1799.0,0.039852517182897076,1.4188339020299481e-18,6.345297663283114e-08,0.05891615344084811,9.218011924495795e-33
1800.0,0.039146425602415935,4.845460569552106e-19,3.199250654771227e-08,0.04501755079703361,2.231040010313277e-33
1801.0,0.0384403340219348,1.6319917936698193e-19,1.5908305960289273e-08,0.03392413182061626,5.325456628018396e-34
1802.0,0.037734242441453666,5.42101086242753e-20,7.80151598555523e-09,0.02521244831878423,1.2536772511704886e-34
1803.0,0.03692234978310327,1.7759142190924036e-20,3.773231665553714e-09,0.018479946090718104,2.91067716530711e-35
1804.0,0.03604689602093789,5.737769420033618e-21,1.7998128088804819e-09,0.013358748666254699,6.664717297158804e-36
1805.0,0.035171442258772515,1.828283747852808e-21,8.466825442675752e-10,0.009523799814829847,1.5050427149574184e-36
1806.0,0.03429598849660713,5.745442808679718e-22,3.9281971315464894e-10,0.006696288208388099,3.3519329262168027e-37
1807.0,0.03342698319893038,1.7806674223698376e-22,1.797402503488585e-10,0.00464341411017631,7.362430588618842e-38
1808.0,0.03255935307811865,5.442789279408704e-23,8.111044991702682e-11,0.003175558342561047,1.5948744741327195e-38
1809.0,0.03169172295730692,1.640739479395602e-23,3.609837720112085e-11,0.0021418160844300085,3.407306495702333e-39
1810.0,0.030836509404720967,4.8779476569076904e-24,1.5844478408338624e-11,0.0014247007576505268,7.179187486964077e-40
1811.0,0.03049161680621267,1.4302568731362856e-24,6.858791728746859e-12,0.0009346403685364151,1.4918281209990172e-40
1812.0,0.03014672420770437,4.13590306276519e-25,2.9281726775728604e-12,0.0006047067475974168,3.0573255348792094e-41
1813.0,0.029801831609196063,1.1795220365879079e-25,1.2328923350717606e-12,0.00038585532182471423,6.179366837983479e-42
1814.0,0.029495544802357138,3.3175781878515594e-26,5.119564527470894e-13,0.00024281950781094997,1.2317587959656842e-42
1815.0,0.029323556866538203,9.202708696095693e-27,2.0966227312258108e-13,0.0001507030543828932,2.421512787000963e-43
1816.0,0.029151568930719282,2.5176165401687473e-27,8.468119126572394e-14,9.224438390948628e-05,4.694909890659797e-44
1817.0,0.028979580994900347,6.7927071471017985e-28,3.373129601388472e-14,5.5684870600620564e-05,8.97732929920561e-45
1818.0,0.028807721647989334,1.8074887363782194e-28,1.3251300325638804e-14,3.315231765901848e-05,1.6929590395096596e-45
1819.0,0.0286360378466099,4.743377705092469e-29,5.134088681507849e-15,1.946569773996206e-05,3.1486554939259026e-46
1820.0,0.028464354045230466,1.2276631396533808e-29,1.9617679507067597e-15,1.1272116168655138e-05,5.77541558362096e-47
1821.0,0.028292670243851036,3.133647379674662e-30,7.392839956648563e-16,6.437545867916741e-06,1.0447701005085203e-47
1822.0,0.028121175045572027,7.888609052210105e-31,2.7476054799989056e-16,3.625889937049545e-06,1.8639644728134134e-48
1823.0,0.027949794304899776,1.9585296122966491e-31,1.0071098494661625e-16,2.0141337080960622e-06,3.2796985331711355e-49
1824.0,0.027778413564227535,4.795559139271015e-32,3.6406481859690646e-17,1.103421339202473e-06,5.691275652778354e-50
1825.0,0.027607032823555283,1.1580511975323646e-32,1.2979560364314085e-17,5.961751360252359e-07,9.740129165993414e-51
1826.0,0.02729554606032204,2.7580089361240468e-33,4.563737456423814e-18,3.1767697633525925e-07,1.643990151847518e-51
1827.0,0.02695368949451055,6.478030345060099e-34,1.5825619589490367e-18,1.6694638579683548e-07,2.7366112446261423e-52
1828.0,0.026611832928699047,1.5006163955740587e-34,5.412279197683617e-19,8.65262142592287e-08,4.492689481120556e-53
1829.0,0.026262745013463786,3.428276142513678e-35,1.82548833447066e-19,4.422804918429799e-08,7.274097173188052e-54
1830.0,0.025582621991272075,7.724338648495368e-36,6.072357500886101e-20,2.2296015889187793e-08,1.1615320405024667e-54
1831.0,0.02490249896908036,1.716430468641756e-36,1.9921177368438617e-20,1.1085011464470381e-08,1.8292063065978933e-55
1832.0,0.02422237594688864,3.761581922631327e-37,6.445432617021798e-21,5.435311366969307e-09,2.841015387692302e-56
1833.0,0.023580499845911432,8.130069051823628e-38,2.056688609457379e-21,2.6284039409541143e-09,4.351749439103887e-57
1834.0,0.023073516112228357,1.7329951365169102e-38,6.472386051039454e-22,1.2535428709822848e-09,6.574058708165064e-58
1835.0,0.022566532378545282,3.6431734948729114e-39,2.008813802571604e-22,5.896111300964013e-10,9.794509105992884e-59
1836.0,0.0220595486448622,7.553387470228097e-40,6.148856452021888e-23,2.735089579885366e-10,1.4391669288203476e-59
1837.0,0.021553672188540023,1.5444827902460359e-40,1.8562156290123715e-23,1.2512867242936264e-10,2.085542608110827e-60
1838.0,0.02104932214846678,3.1146107875309116e-41,5.5263946544557516e-24,5.645748384047957e-11,2.9806182994860846e-61
1839.0,0.02054497210839353,6.194466285443615e-42,1.6226870365967736e-24,2.5122658853282144e-11,4.201197128985563e-62
1840.0,0.020040622068320278,1.2150199356291693e-42,4.699017231533938e-25,1.102526617657778e-11,5.840084845755515e-63
1841.0,0.019537887916932537,2.3504028985447787e-43,1.3420191363262842e-25,4.77190693816387e-12,8.00653586484947e-64
1842.0,0.019036144348647022,4.484155085839485e-44,3.7799824176891244e-26,2.0369212916557276e-12,1.0825539529894592e-64
1843.0,0.01853440078036151,8.437199822308398e-45,1.0500264788676789e-26,8.575035571190697e-13,1.4435567011116672e-65
1844.0,0.018032657212076,1.5656527507904886e-45,2.8766705167461913e-27,3.5602214529543714e-13,1.898442921021694e-66
1845.0,0.01780549618037919,2.8653122465628473e-46,7.772476070331602e-28,1.4577984879213544e-13,2.4622981634143668e-67
1846.0,0.01763882289587293,5.171635008875304e-47,2.071133365392917e-28,5.887045306442628e-14,3.1496561075542246e-68
1847.0,0.01747214961136667,9.205834807432024e-48,5.442972456632722e-29,2.3446426511725408e-14,3.973425142854132e-69
1848.0,0.017305481754777897,1.6161359402735175e-48,1.410729045993576e-29,9.209484977721762e-15,4.943634255474298e-70
1849.0,0.017139094114429595,2.798156490784018e-49,3.6060395032636485e-30,3.567577586501721e-15,6.066064590686822e-71
1850.0,0.01697270647408129,4.777993013886991e-50,9.090687981986752e-31,1.3629844774569914e-15,7.340863148051628e-72
1851.0,0.01680631883373298,8.04634077292294e-51,2.260176857216404e-31,5.135559827674106e-16,8.761261144232074e-73
1852.0,0.01667629143783135,1.3363823550460946e-51,5.542012432301462e-32,1.9083765714023605e-16,1.0312537079260996e-73
1853.0,0.01667629143783135,2.188983278856409e-52,1.3402072647912478e-32,6.99390549350774e-17,1.197136909238925e-74
1854.0,0.01667629143783135,3.5361734208103047e-53,3.196361124267215e-33,2.5278706232328705e-17,1.3705709381257308e-75
1855.0,0.01667629143783135,5.63383426692214e-54,7.518290668172149e-34,9.0109239925572e-18,1.5475283600084284e-76
1856.0,0.01667629143783135,8.852256279200422e-55,1.74406145708329e-34,3.16783979352891e-18,1.723277091279505e-77
1857.0,0.01667629143783135,1.3717762838947533e-55,3.9901007055179956e-35,1.0983392245292124e-18,1.892565908802795e-78
1858.0,0.01667629143783135,2.096486170840593e-56,9.002960183115994e-36,3.7556851539171585e-19,2.0498699595411175e-79
1859.0,0.01667629143783135,3.1599492943062156e-57,2.003393230768946e-36,1.266546856170722e-19,2.1896818031048654e-80
1860.0,0.01667629143783135,4.6972927297961496e-58,4.3966963682988695e-37,4.212430466611544e-20,2.306827434090661e-81
1861.0,0.01667629143783135,6.886436350347027e-59,9.51625667552082e-38,1.3817314066150103e-20,2.3967823954432202e-82
1862.0,0.01667629143783135,9.95682444457815e-60,2.0313521602675706e-38,4.469859921927817e-21,2.4559612183174725e-83
1863.0,0.01667629143783135,1.4197980064558185e-60,4.27645290082633e-39,1.4260790420641106e-21,2.4819544295670514e-84
1864.0,0.01667629143783135,1.9966947421341626e-61,8.878949098663921e-40,4.48717163541972e-22,2.4736913020064573e-85
1865.0,0.01667629143783135,2.769339413638128e-62,1.8181044901149195e-40,1.3924549907343623e-22,2.431513027761772e-86
1866.0,0.01667629143783135,3.7880883462465156e-63,3.6716012798945613e-41,4.261564348113138e-23,2.357149345770177e-87
1867.0,0.01667629143783135,5.110264882053212e-64,7.312596089281226e-42,1.2862824229697932e-23,2.253600854670819e-88
1868.0,0.01667629143783135,6.799016956120292e-65,1.4363724254660745e-42,3.828979310318387e-24,2.1249381699182482e-89
1869.0,0.01667629143783135,8.921301913844134e-66,2.7825433092581658e-43,1.1241107586176745e-24,1.9760366573616585e-90
1870.0,0.01667629143783135,1.1544888683002723e-66,5.316137511626542e-44,3.254727168489917e-25,1.812270813169183e-91
1871.0,0.01667629143783135,1.4734339169106672e-67,1.0016820235245511e-44,9.293931645670824e-26,1.6391949048593626e-92
1872.0,0.01667629143783135,1.8546030753437235e-68,1.8614139039878415e-45,2.617361796023172e-26,1.4622360771942219e-93
1873.0,0.01667629143783135,2.3022404951729568e-69,3.4114218549311304e-46,7.269548595210355e-27,1.2864229945019228e-94
1874.0,0.01667629143783135,2.818576338623649e-70,6.166053680397206e-47,1.9912717348608918e-27,1.1161678114213533e-95
1875.0,0.01674545494628967,3.4032066016558056e-71,1.099154077325581e-47,5.379389790720942e-28,9.551126423529914e-97
1876.0,0.01691184258663797,4.052529904914009e-72,1.9323653853729337e-48,1.433226731525972e-28,8.060446382043238e-98
1877.0,0.017078230226986263,4.7593050469208667e-73,3.350420547720744e-49,3.765964181854307e-29,6.708771394103394e-99
1878.0,0.01724461786733456,5.5123940492146234e-74,5.7291315930414e-50,9.759259601110998e-30,5.506888625981952e-100
1879.0,0.017411181236511634,6.296748810286927e-75,9.661791740363695e-51,2.4942326284327457e-30,4.4580916570853426e-101
1880.0,0.017577854521017906,7.093684722769049e-76,1.6069632557693172e-51,6.28689839824665e-31,3.55935326124604e-102
1881.0,0.017744527805524175,7.881462185420835e-77,2.6359284707852135e-52,1.56284291253848e-31,2.802674057128999e-103
1882.0,0.017911201090030446,8.636168555094496e-78,4.264230729819337e-53,3.8315422020692e-32,2.1764740516881473e-104
1883.0,0.017942081175995966,9.332861564662187e-79,6.803418242986668e-54,9.264272038812378e-33,1.6669163030039164e-105
1884.0,0.017942081175995966,9.946904262588655e-80,1.0705157098845604e-54,2.2091661765044913e-33,1.2590804906039442e-106
1885.0,0.017942081175995966,1.0455395171603154e-80,1.6612627220686623e-55,5.195470358659813e-34,9.379346821988946e-108
1886.0,0.01794446065216372,1.0838579468780916e-81,2.542511902800249e-56,1.2050380424679583e-34,6.890823018318879e-109
1887.0,0.018111420563267713,1.108112057419724e-82,3.8376650745976776e-57,2.756487604461085e-35,4.9928554922515195e-110
1888.0,0.018278380474371702,1.1173118242653396e-83,5.712820057746102e-58,6.218572904351529e-36,3.567847616495118e-111
1889.0,0.018445340385475694,1.1110778999173326e-84,8.38713087803168e-59,1.3835817238305239e-36,2.514449965911716e-112
1890.0,0.018612361781782365,1.0896675647495673e-85,1.2143830458415753e-59,3.0359757841250404e-37,1.7476686632979825e-113
1891.0,0.01877960930700112,1.0539571111281587e-86,1.7341129070702157e-60,6.570088048822399e-38,1.1979938821213309e-114
1892.0,0.018946856832219878,1.0053823416930043e-87,2.4421843629430782e-61,1.4022436321702789e-38,8.098964612407016e-116
1893.0,0.019114104357438638,9.458428123361615e-89,3.3920240413903148e-62,2.951584107494347e-39,5.399876193709157e-117
1894.0,0.019281471164304554,8.775787181394761e-90,4.646423565663123e-63,6.127259165550883e-40,3.5507288097673496e-118
1895.0,0.0194490072962673,8.030315301839285e-91,6.277085916949135e-64,1.2544597667134115e-40,2.3026641808033984e-119
1896.0,0.019616543428230045,7.24700419598578e-92,8.36328215255373e-65,2.532950041772035e-41,1.4727299090896604e-120
1897.0,0.019784079560192784,6.450061089241342e-93,1.0989421339065796e-65,5.044009678954395e-42,9.289557097003456e-122
1898.0,0.01995179316951037,5.661722028113495e-94,1.424138740844576e-66,9.906143126455437e-43,5.778915045816656e-123
1899.0,0.020119618905994,4.9013154918454175e-95,1.8201583685394735e-67,1.9187247860283407e-43,3.5454960986642035e-124
1900.0,0.02028744464247763,4.184621420571646e-96,2.294274895105593e-68,3.6652210589104053e-44,2.1452954599432224e-125
1901.0,0.020455270378961263,3.523539052665851e-97,2.8520762302508623e-69,6.905053704208214e-45,1.2801964412786475e-126
1902.0,0.020623332190880767,2.9260477216827695e-98,3.4966825439910244e-70,1.2829606854521033e-45,7.534345256969731e-128
1903.0,0.0207914485348454,2.396421021167353e-99,4.227958169862261e-71,2.3509264157818542e-46,4.373144418654434e-129
1904.0,0.020959564878810035,1.9356384313156073e-100,5.041787745898099e-72,4.2485831624074034e-47,2.503349701349102e-130
1905.0,0.021135719939628195,1.5419303333004992e-101,5.929496744454718e-73,7.572313946896179e-48,1.413281337759254e-131
1906.0,0.021980696242657083,1.2113919072122187e-102,6.877498615266131e-74,1.331044267484945e-48,7.868919936563374e-133
1907.0,0.022825672545685977,9.386074218842928e-104,7.867243429272869e-75,2.3074685335253266e-49,4.320967790496129e-134
1908.0,0.023670648848714868,7.172370243352478e-105,8.875525277679358e-76,3.9451041722592167e-50,2.3400564357322198e-135
1909.0,0.024626076298128657,5.405312614082048e-106,9.875178218697293e-77,6.6521274838884e-51,1.249830256722348e-136
1910.0,0.025993523754281687,4.0175226371750066e-107,1.0836155264882127e-77,1.1062213902467146e-51,6.583474183498993e-138
1911.0,0.027360971210434716,2.944931848880601e-108,1.17269452150399e-78,1.814274264807889e-52,3.420098701506229e-139
1912.0,0.028728418666587745,2.1289799200042158e-109,1.2516242629935327e-79,2.93456158875223e-53,1.75227208562757e-140
1913.0,0.029889208057443557,1.5179144028457503e-110,1.3174752056576043e-80,4.681261664192001e-54,8.854088232935045e-142
1914.0,0.03075374773619711,1.0673390487205667e-111,1.3676983660366187e-81,7.364817775856439e-55,4.412305235763401e-143
1915.0,0.03161828741495068,7.401792655039397e-113,1.4002887688523277e-82,1.1427217522604583e-55,2.1685360769386053e-144
1916.0,0.03248282709370424,5.062334425279584e-114,1.413918194441889e-83,1.7486318450689543e-56,1.0511075484016515e-145
1917.0,0.03250238815710694,3.414633908994e-115,1.4080249829763765e-84,2.638977406915425e-57,5.024664376229693e-147
1918.0,0.03198274107686168,2.2715215729546472e-116,1.382852433815683e-85,3.9278270895389766e-58,2.3688980020462655e-148
1919.0,0.03146309399661642,1.4902838077125233e-117,1.3394321414087948e-86,5.765652320766302e-59,1.1014507047456418e-149
1920.0,0.03094344691637116,9.642740954335318e-119,1.2795138583341805e-87,8.346875567466612e-60,5.0508348539954337e-151
1921.0,0.030148166542345423,6.153347149643458e-120,1.2054485309501581e-88,1.1917326240120773e-60,2.2842344250628494e-152
1922.0,0.029288221465966473,3.8725919148492925e-121,1.1200354021314224e-89,1.6780817635002576e-61,1.0188202681677021e-153
1923.0,0.02842827638958752,2.4036512303294398e-122,1.0263470260273931e-90,2.3303803366115845e-62,4.481608136595922e-155
1924.0,0.027566791792908083,1.4713655020652816e-123,9.275473873237092e-92,3.191684074323123e-63,1.9442387017533874e-156
1925.0,0.026544812204904917,8.882783697322765e-125,8.267179832789833e-93,4.3111425788955583e-64,8.318493620739578e-158
1926.0,0.025522832616901754,5.288798299046794e-126,7.267048575394375e-94,5.74307219580109e-65,3.510097596664277e-159
1927.0,0.024500853028898584,3.1055914487241716e-127,6.29996507197492e-95,7.545283557529707e-66,1.4607405862456547e-160
1928.0,0.023621783861293388,1.7985024759354907e-128,5.386387830247793e-96,9.77656417402077e-67,5.995237613086493e-162
1929.0,0.02328350071633051,1.027205078640773e-129,4.541888818882533e-97,1.2493276310650955e-67,2.426716845066029e-163
1930.0,0.022945217571367634,5.786056577007711e-131,3.777067773693634e-98,1.5745114936539645e-68,9.68748870705543e-165
1931.0,0.022606934426404764,3.214308775805493e-132,3.0977934451895203e-99,1.9570175726506153e-69,3.8140177842995984e-166
1932.0,0.022337934416058827,1.761050914342121e-133,2.505702667962433e-100,2.3989600489092685e-70,1.4809268882143242e-167
1933.0,0.022169233827338614,9.515588010484613e-135,1.9988767403586773e-101,2.9002184148377797e-71,5.671055833646132e-169
1934.0,0.022000533238618402,5.070826470892409e-136,1.5726131161218794e-102,3.4579427286315524e-72,2.141773929621451e-170
1935.0,0.02183183264989819,2.6650248760917845e-137,1.2202172849621804e-103,4.066158340558838e-73,7.977425053491957e-172
1936.0,0.021459031682207943,1.3813482623905154e-138,9.337526598910963e-105,4.715526361250864e-74,2.9304292307776633e-173
1937.0,0.020954681642134692,7.061297421214715e-140,7.047026932754864e-106,5.393311042976323e-75,1.0616445699335143e-174
1938.0,0.02045033160206144,3.559960858899864e-141,5.2451680939278994e-107,6.08359309548745e-76,3.793206166572105e-176
1939.0,0.01994598156198819,1.7700492149963553e-142,3.850279794949725e-108,6.767749089383684e-77,1.3366359975881697e-177
1940.0,0.019174756191647237,8.679702916129503e-144,2.7874338511756323e-109,7.425192886878225e-78,4.645144820716551e-179
1941.0,0.018339951698507197,4.1976263710470246e-145,1.9901978356336606e-110,8.034347853063939e-79,1.5920795496454077e-180
1942.0,0.017505147205367156,2.0020830951831156e-146,1.4014168320675767e-111,8.573791577739796e-80,5.381578372454659e-182
1943.0,0.01667039342661733,9.417590834598037e-148,9.732352025736604e-113,9.023491489370474e-81,1.7940476547755484e-183
1944.0,0.015842705852904215,4.36894861640634e-149,6.66572955408292e-114,9.366033445080227e-82,5.898446987847904e-185
1945.0,0.015015018279191097,1.998910992375463e-150,4.502533671201583e-115,9.587738834846953e-83,1.912585180248526e-186
1946.0,0.01418733070547798,9.019643566068649e-152,2.999477782513575e-116,9.679570491866031e-84,6.116222726083499e-188
1947.0,0.013462674736821193,4.013882870148642e-153,1.9706692030676847e-117,9.637743825168272e-85,1.9289687770062003e-189
1948.0,0.013133565389874856,1.7616491339976534e-154,1.2769127103631877e-118,9.463985581409108e-86,5.99993442741641e-191
1949.0,0.01280445604292852,7.625240296843046e-156,8.159961136524393e-120,9.165415579939073e-87,1.8405482634707685e-192
1950.0,0.012475346695982183,3.255120379035264e-157,5.142737660675885e-121,8.754062709221672e-88,5.568360144180709e-194
1951.0,0.01221324501503089,1.3704398348051389e-158,3.1965393231036735e-122,8.246061037741218e-89,1.6614482651556665e-195
1952.0,0.012049107758048981,5.690262398682009e-160,1.9594993874506822e-123,7.660600897870967e-90,4.8890640735472175e-197
1953.0,0.01188497050106707,2.3301507229549718e-161,1.1846487834946597e-124,7.01872988618494e-91,1.4188746690298647e-198
1954.0,0.011720833244085158,9.410552758196876e-163,7.063395000441827e-126,6.342107820931793e-92,4.061081842867881e-200
1955.0,0.011755532094135991,3.7482250084087325e-164,4.1535244808740865e-127,5.651817284653558e-93,1.1463542581655096e-201
1956.0,0.01191966935111789,1.4723653019646576e-165,2.408792861923765e-128,4.967318477790895e-94,3.191356750930225e-203
1957.0,0.012083806608099797,5.7040706311521974e-167,1.3777218197750463e-129,4.3056160352801186e-95,8.762161668895e-205
1958.0,0.012247943865081694,2.179383281389677e-168,7.77146718984472e-131,3.6806793978199635e-96,2.3726111600880075e-206
1959.0,0.012412304945252578,8.212241938243962e-170,4.3233848769200786e-132,3.1031308062518155e-97,6.336089100319529e-208
1960.0,0.012576720165545868,3.0518926697135094e-171,2.372051863704324e-133,2.5801893326034624e-98,1.6687657700692722e-209
1961.0,0.012741135385839165,1.1185519951076868e-172,1.2835236102164337e-134,2.115838269693049e-99,4.334598636110436e-211
1962.0,0.012904769536202334,4.04317461195245e-174,6.8495642437706545e-136,1.7111684365181678e-100,1.1104059934161727e-212
1963.0,0.012904769536202334,1.4413459044485872e-175,3.6049680912799564e-137,1.364842236324415e-101,2.8053955549276197e-214
1964.0,0.012904769536202334,5.067495122410878e-177,1.871196113173425e-138,1.0736223570036315e-102,6.990139001184997e-216
1965.0,0.012904769536202334,1.7571055898999317e-178,9.578920932653645e-140,8.329137654180402e-104,1.71773798467306e-217
1966.0,0.013005870175147599,6.008717435867065e-180,4.836077704493659e-141,6.372765423976304e-105,4.163009739766973e-219
1967.0,0.013500793070449234,2.0264929756139108e-181,2.4079604655735796e-142,4.8087835129132245e-106,9.950326571771897e-221
1968.0,0.013995715965750874,6.740433431857941e-183,1.18245557806482e-143,3.5786721970891804e-107,2.3455605161498606e-222
1969.0,0.014490638861052514,2.2111079463348295e-184,5.726637811519506e-145,2.626564152144266e-108,5.452998147882926e-224
1970.0,0.014852555394556054,7.153382811461084e-186,2.7352309292030156e-146,1.9012249549763665e-109,1.2502689855043366e-225
1971.0,0.015018091946816515,2.2824033094771976e-187,1.2884503297642498e-147,1.3572454663529715e-110,2.827163765826016e-227
1972.0,0.015183628499076975,7.182120874831349e-189,5.9857801729887965e-149,9.55570410589504e-112,6.304895229773291e-229
1973.0,0.015349165051337437,2.228909481911411e-190,2.742541738997444e-150,6.635083413458751e-113,1.386705322075712e-230
1974.0,0.015016357223657502,6.821997462712114e-192,1.2392676941246036e-151,4.5436982388320445e-114,3.0079449975684395e-232
1975.0,0.014355897776095364,2.059254745333533e-193,5.522763056805215e-153,3.068682627561718e-115,6.434799197043116e-234
1976.0,0.013695438328533222,6.130388493927804e-195,2.4273203326854543e-154,2.0439669476906274e-116,1.3576240017934415e-235
1977.0,0.013034978880971085,1.7998873286142048e-196,1.0521488301447743e-155,1.3426881707859655e-117,2.8249021938384636e-237
1978.0,0.012640991062760478,5.21173159825489e-198,4.497867519545365e-157,8.698730118822702e-119,5.797045705876543e-239
1979.0,0.012312438585485282,1.4883263264498359e-199,1.896337103793244e-158,5.557966837419609e-120,1.1732469481576588e-240
1980.0,0.011983886108210091,4.1917337194654e-201,7.885038635269622e-160,3.502316946037658e-121,2.341809384142485e-242
1981.0,0.011656503915339294,1.1643099493580577e-202,3.2334899004889816e-161,2.1765785248355455e-122,4.6099164131441256e-244
1982.0,0.0118206411723212,3.189502384351191e-204,1.3077315214587127e-162,1.3340516195064662e-123,8.949812972487977e-246
1983.0,0.01198477842930311,8.617011126928109e-206,5.216089990045202e-164,8.063996470045303e-125,1.713619000086798e-247
1984.0,0.012148915686285022,2.2959888592410836e-207,2.0518752776484832e-165,4.8073686131089734e-126,3.235891699315529e-249
1985.0,0.012313109064125522,6.033402503745034e-209,7.96042476914966e-167,2.826466994447525e-127,6.026332461023194e-251
1986.0,0.012477524284418819,1.5636308200379423e-210,3.045796799332768e-168,1.6389277673446114e-128,1.106857205160483e-252
1987.0,0.01264193950471211,3.996552707916723e-212,1.1493307060083374e-169,9.372492643551847e-130,2.0049775118414486e-254
1988.0,0.0128063547250054,1.0074332209806765e-213,4.277288001062065e-171,5.286032186857825e-131,3.5818452225640906e-256
1989.0,0.012838769127105973,2.504530881990031e-215,1.5698977871400175e-172,2.940247560738232e-132,6.310787038758796e-258
1990.0,0.012674353906812682,6.140672195939476e-217,5.682686022584151e-174,1.6129369591952988e-133,1.0965782674050397e-259
1991.0,0.012509938686519385,1.4848577073836655e-218,2.0286883970291e-175,8.726303001595995e-135,1.8792092620401236e-261
1992.0,0.012345523466226095,3.541058984203581e-220,7.142601644202198e-177,4.656103055791575e-136,3.17606991565322e-263
1993.0,0.011886357003972867,8.328386747443293e-222,2.4801440938320587e-178,2.450159064202653e-137,5.294005205559706e-265
1994.0,0.011231466396860828,1.931826004983268e-223,8.493306520829604e-180,1.2715849384975412e-138,8.702781382440876e-267
1995.0,0.010576575789748782,4.419310657737332e-225,2.86850811149752e-181,6.508424493744803e-140,1.410948571148489e-268
1996.0,0.00992168518263674,9.970580754359346e-227,9.554649645852203e-183,3.2853811917164937e-141,2.2560238898932496e-270
1997.0,0.009400158068429877,2.2185324177288633e-228,3.138721999034718e-184,1.6355923189152955e-142,3.557587614677821e-272
1998.0,0.008911872893107374,4.868447633965255e-230,1.0168814757507334e-185,8.030521667765492e-144,5.532824756495425e-274
1999.0,0.008423587717784871,1.0536457676262031e-231,3.2491309919757363e-187,3.8885873068829945e-145,8.486285242654982e-276
2000.0,0.007935302542462372,2.2489414608376784e-233,1.023866905573272e-188,1.857031840937072e-146,1.2837123985066488e-277
2001.0,0.007611831203710136,4.734139763196559e-235,3.181992784033703e-190,8.746337796543792e-148,1.915125532681627e-279
2002.0,0.007288359864957899,9.828413039547686e-237,9.752911322128655e-192,4.062679312621091e-149,2.8177739971012874e-281
2003.0,0.006964888526205659,2.012357440221729e-238,2.9481444616123355e-193,1.861136553752835e-150,4.088786818288307e-283
2004.0,0.006641417187453422,4.0635559908202206e-240,8.789064379614858e-195,8.40859306796442e-152,5.851432219331412e-285
2005.0,0.006317945848701186,8.092575738759313e-242,2.5841393595024184e-196,3.746690610043667e-153,8.258654344503979e-287
2006.0,0.005994474509948949,1.5894493653049596e-243,7.493222288744128e-198,1.646462063482677e-154,1.1495710033870772e-288
2007.0,0.005671003171196709,3.0788322137992033e-245,2.142894063415242e-199,7.135674402302754e-156,1.5781261337545906e-290
2008.0,0.005411806510724977,5.881725426324255e-247,6.043829264409747e-201,3.049985129526101e-157,2.1366186898060664e-292
2009.0,0.0052508759449320505,1.1081610249045625e-248,1.6811368691475895e-202,1.2857005176337973e-158,2.852934062637446e-294
2010.0,0.005089945379139125,2.0591140240392273e-250,4.611830726535007e-204,5.345167457713953e-160,3.7569537238307336e-296
2011.0,0.004929014813346201,3.7734388935104684e-252,1.2477369728723459e-205,2.191604647388001e-161,4.879320627055336e-298
2012.0,0.0047680842475532744,6.819831532518863e-254,3.329293862220384e-207,8.862219649901097e-163,6.249744581824053e-300
2013.0,0.004607153681760348,1.215596306349088e-255,8.761139915370457e-209,3.5342902041774025e-164,7.894862677812873e-302
2014.0,0.0044462231159674214,2.136901466272578e-257,2.273780313932113e-210,1.3900848311826678e-165,9.835723061626136e-304
2015.0,0.004285292550174495,3.7047509871762173e-259,5.819903561161081e-212,5.3921231401243314e-167,1.2085020846377907e-305
2016.0,0.004251637869115134,6.33450885938482e-261,1.4691376018403545e-213,2.062802737565522e-168,1.46442763499603e-307
2017.0,0.004251637869115134,1.0681845039742303e-262,3.657535589670327e-215,7.782784344671504e-170,1.75011999969026e-309
2018.0,0.004251637869115134,1.776474586545589e-264,8.980366209928782e-217,2.8959542341035503e-171,2.062752584143e-311
2019.0,0.004251637869115134,2.913742205514474e-266,2.174597746125568e-218,1.0627418716547545e-172,2.39776077904e-313
2020.0,0.004251637869115134,4.7132735976331315e-268,5.193297716343527e-220,3.846301194354953e-174,2.748805203e-315
2021.0,0.004251637869115134,7.5192335858728355e-270,1.2231702419978201e-221,1.3728977322230436e-175,3.10786e-317
2022.0,0.004251637869115134,1.1830521861668073e-271,2.841253563914909e-223,4.832952042208659e-177,3.46543e-319
2023.0,0.004236683448836423,1.8357503871763614e-273,6.50897315380598e-225,1.6779004235552688e-178,3.81e-321
2024.0,0.004156417886932346,2.8093299851616957e-275,1.4705993416138102e-226,5.7451223476551665e-180,4e-323
2025.0,0.004076152325028272,4.240052957195845e-277,3.2768431525048726e-228,1.9400448945746618e-181,0.0
2026.0,0.0039958867631241955,6.3113055636614145e-279,7.201058536537855e-230,6.46105857596762e-183,0.0
2027.0,0.003915621201220122,9.265023678594762e-281,1.560689212090934e-231,2.1221446194393132e-184,0.0
2028.0,0.0038353556393160453,1.3413844271435776e-282,3.3359222165375293e-233,6.874255586391443e-186,0.0
2029.0,0.003755090077411972,1.9153113693306718e-284,7.032258116874422e-235,2.1961185172556663e-187,0.0
2030.0,0.0036748245155078982,2.6971488400828527e-286,1.462019248418906e-236,6.919349578255209e-189,0.0
2031.0,0.0035946360707559025,3.745845322694438e-288,2.9977180155702335e-238,2.1500777813525463e-190,0.0
2032.0,0.003514503069708021,5.1306710016228205e-290,6.061887406565332e-240,6.589044947264076e-192,0.0
2033.0,0.003434370068660137,6.930712660147775e-292,1.2089389031049417e-241,1.9914534947069843e-193,0.0
2034.0,0.0033542370676122556,9.233386623220484e-294,2.3778269280277204e-243,5.936046140696158e-195,0.0
2035.0,0.003274104066564371,1.2131752675183257e-295,4.612490968826226e-245,1.7450334938372643e-196,0.0
2036.0,0.00319397106551649,1.5720468153930095e-297,8.824095847401678e-247,5.0592910754216296e-198,0.0
2037.0,0.0031138380644686057,2.0090317600924125e-299,1.6648852465142357e-248,1.4466216672501923e-199,0.0
2038.0,0.0030337050634207242,2.5321389270218986e-301,3.097974173504818e-250,4.0794316870186234e-201,0.0
2039.0,0.0030318769341192565,3.147513903722319e-303,5.685264586340883e-252,1.1345503246059468e-202,0.0
2040.0,0.0030318769341192565,3.8585771199523496e-305,1.0289706076453189e-253,3.1119116891036346e-204,0.0
2041.0,0.0030318769341192565,4.665155371657129e-307,1.8366849094934374e-255,8.418024076674451e-206,0.0
2042.0,0.0030318769341192565,5.562684646268137e-309,3.2332980938916077e-257,2.2458071659877084e-207,0.0
2043.0,0.0030318769341192565,6.5415726333343e-311,5.613532414811365e-259,5.909002354824986e-209,0.0
2044.0,0.0030318769341192565,7.5868115337e-313,9.611830938006707e-261,1.5333286939856557e-210,0.0
2045.0,0.0030318769341192565,8.677923626e-315,1.6231378759495117e-262,3.9240611172581207e-212,0.0
2046.0,0.0030318769341192565,9.7893026e-317,2.70323686195055e-264,9.904114737888554e-214,0.0
2047.0,0.0030318769341192565,1.0891e-318,4.4400942586568786e-266,2.4653294466693186e-215,0.0
2048.0,0.0030318769341192565,1.195e-320,7.192496824510375e-268,6.052205464253179e-217,0.0
2049.0,0.0030318769341192565,1.3e-322,1.1490702161207194e-269,1.465317592094319e-218,0.0
2050.0,0.0030318769341192565,0.0,1.8104763540955188e-271,3.498881741433033e-220,0.0
2051.0,0.0030318769341192565,0.0,2.8133161952182657e-273,8.239600675153323e-222,0.0
2052.0,0.0030318769341192565,0.0,4.311452796302606e-275,1.913649803260278e-223,0.0
2053.0,0.0030318769341192565,0.0,6.516405852108312e-277,4.3832694213216516e-225,0.0
2054.0,0.0030934239539354876,0.0,9.713416575005037e-279,9.901779855117023e-227,0.0
2055.0,0.003173556954983369,0.0,1.4279575733305022e-280,2.2060114757619817e-228,0.0
2056.0,0.003253689956031253,0.0,2.0703224608445225e-282,4.847096523947585e-230,0.0
2057.0,0.0033338229570791344,0.0,2.960329708463954e-284,1.0503522479668506e-231,0.0
2058.0,0.003413955958127019,0.0,4.174664447901126e-286,2.2447483982937877e-233,0.0
2059.0,0.0034940889591749,0.0,5.80607261774696e-288,4.7312922114023316e-235,0.0
2060.0,0.0035742219602227844,0.0,7.963844167133005e-290,9.834929991264459e-237,0.0
2061.0,0.003693877195781504,0.0,1.077314346811555e-291,2.0162397573239823e-238,0.0
2062.0,0.00401573921255858,0.0,1.4372805008192242e-293,4.0765472042512864e-240,0.0
2063.0,0.004337601229335656,0.0,1.8911240771207986e-295,8.128720241667698e-242,0.0
2064.0,0.004659463246112733,0.0,2.4540189628840033e-297,1.5985686024754537e-243,0.0
2065.0,0.004981325262889809,0.0,3.140618645903861e-299,3.100414650647821e-245,0.0
2066.0,0.0053031872796668825,0.0,3.963984022458656e-301,5.930450457774771e-247,0.0
2067.0,0.005625049296443959,0.0,4.9343276698050365e-303,1.1187549865793529e-248,0.0
2068.0,0.005946911313221034,0.0,6.057640231824481e-305,2.081429406769276e-250,0.0
2069.0,0.006360980917961718,0.0,7.334294886773341e-307,3.8191594283810985e-252,0.0
2070.0,0.006847812973068229,0.0,8.757752314036903e-309,6.911197282524962e-254,0.0
2071.0,0.007334645028174741,0.0,1.0313506564055e-310,1.233440466135671e-255,0.0
2072.0,0.007821477083281254,0.0,1.19784173435e-312,2.171013353668013e-257,0.0
2073.0,0.008308309138387768,0.0,1.3720562976e-314,3.7686533963603625e-259,0.0
2074.0,0.008795141193494279,0.0,1.54997187e-316,6.451924841320372e-261,0.0
2075.0,0.009281973248600792,0.0,1.72685e-318,1.089360947525366e-262,0.0
2076.0,0.009768805303707303,0.0,1.897e-320,1.8139850557111157e-264,0.0
2077.0,0.010260346417262775,0.0,2.08e-322,2.9790308975370685e-266,0.0
2078.0,0.010752112665086725,0.0,0.0,4.824982143496966e-268,0.0
2079.0,0.011243878912910673,0.0,0.0,7.707185525468194e-270,0.0
2080.0,0.011735645160734621,0.0,0.0,1.214158309220579e-271,0.0
2081.0,0.01222741140855857,0.0,0.0,1.886401875042903e-273,0.0
2082.0,0.012719177656382512,0.0,0.0,2.890496997612025e-275,0.0
2083.0,0.01321094390420646,0.0,0.0,4.3680764006046623e-277,0.0
2084.0,0.0136463449025067,0.0,0.0,6.510095045902358e-279,0.0
2085.0,0.013976980056583634,0.0,0.0,9.568940026662243e-281,0.0
2086.0,0.014307615210660561,0.0,0.0,1.3871382139398138e-282,0.0
2087.0,0.014638250364737494,0.0,0.0,1.9831476049134896e-284,0.0
2088.0,0.014968885518814421,0.0,0.0,2.796209735644718e-286,0.0
2089.0,0.015299520672891354,0.0,0.0,3.888336546162827e-288,0.0
2090.0,0.015630155826968282,0.0,0.0,5.332579651491252e-290,0.0
2091.0,0.015960790981045213,0.0,0.0,7.2125735531332e-292,0.0
2092.0,0.015860060314696462,0.0,0.0,9.621051937667776e-294,0.0
2093.0,0.01561187296483511,0.0,0.0,1.26571015126691e-295,0.0
2094.0,0.015363685614973758,0.0,0.0,1.6421974274739776e-297,0.0
2095.0,0.015115498265112411,0.0,0.0,2.1013377944624364e-299,0.0
2096.0,0.014867310915251059,0.0,0.0,2.651830590492742e-301,0.0
2097.0,0.014619123565389707,0.0,0.0,3.3004646126078035e-303,0.0
2098.0,0.014370936215528355,0.0,0.0,4.0512009439518427e-305,0.0
2099.0,0.01411138626476443,0.0,0.0,4.904241972074155e-307,0.0
2100.0,0.013782432319298259,0.0,0.0,5.85516845775857e-309,0.0
2101.0,0.013453478373832088,0.0,0.0,6.8942384371533e-311,0.0
2102.0,0.013124524428365918,0.0,0.0,8.0059450385e-313,0.0
2103.0,0.012795570482899747,0.0,0.0,9.168922656e-315,0.0
2104.0,0.012466616537433584,0.0,0.0,1.0356271e-316,0.0
2105.0,0.012137662591967413,0.0,0.0,1.153633e-318,0.0
2106.0,0.011808708646501243,0.0,0.0,1.2673e-320,0.0
2107.0,0.011480942315021654,0.0,0.0,1.4e-322,0.0
2108.0,0.01115420356443826,0.0,0.0,0.0,0.0
2109.0,0.010827464813854866,0.0,0.0,0.0,0.0
2110.0,0.010500726063271473,0.0,0.0,0.0,0.0
2111.0,0.01017398731268808,0.0,0.0,0.0,0.0
2112.0,0.00984724856210468,0.0,0.0,0.0,0.0
2113.0,0.009520509811521286,0.0,0.0,0.0,0.0
2114.0,0.009193771060937892,0.0,0.0,0.0,0.0
2115.0,0.00909563380004577,0.0,0.0,0.0,0.0
2116.0,0.009014291750641232,0.0,0.0,0.0,0.0
2117.0,0.008932949701236703,0.0,0.0,0.0,0.0
2118.0,0.008851607651832172,0.0,0.0,0.0,0.0
2119.0,0.008770265602427637,0.0,0.0,0.0,0.0
2120.0,0.008688923553023106,0.0,0.0,0.0,0.0
2121.0,0.008607581503618575,0.0,0.0,0.0,0.0
2122.0,0.008499774313805683,0.0,0.0,0.0,0.0
2123.0,0.008337498172222063,0.0,0.0,0.0,0.0
2124.0,0.008175222030638448,0.0,0.0,0.0,0.0
2125.0,0.00801294588905483,0.0,0.0,0.0,0.0
2126.0,0.007850669747471211,0.0,0.0,0.0,0.0
2127.0,0.0076883936058875935,0.0,0.0,0.0,0.0
2128.0,0.007526117464303974,0.0,0.0,0.0,0.0
2129.0,0.007363841322720357,0.0,0.0,0.0,0.0
2130.0,0.00726032874367063,0.0,0.0,0.0,0.0
2131.0,0.007179393743910241,0.0,0.0,0.0,0.0
2132.0,0.007098458744149856,0.0,0.0,0.0,0.0
2133.0,0.00701752374438947,0.0,0.0,0.0,0.0
2134.0,0.006936588744629084,0.0,0.0,0.0,0.0
2135.0,0.006855653744868698,0.0,0.0,0.0,0.0
2136.0,0.006774718745108312,0.0,0.0,0.0,0.0
2137.0,0.0067033236122398384,0.0,0.0,0.0,0.0
2138.0,0.0067033236122398384,0.0,0.0,0.0,0.0
2139.0,0.0067033236122398384,0.0,0.0,0.0,0.0
2140.0,0.0067033236122398384,0.0,0.0,0.0,0.0
2141.0,0.0067033236122398384,0.0,0.0,0.0,0.0
2142.0,0.0067033236122398384,0.0,0.0,0.0,0.0
2143.0,0.0067033236122398384,0.0,0.0,0.0,0.0
2144.0,0.0067033236122398384,0.0,0.0,0.0,0.0
2145.0,0.006744868193865905,0.0,0.0,0.0,0.0
2146.0,0.00682580319362629,0.0,0.0,0.0,0.0
2147.0,0.006906738193386676,0.0,0.0,0.0,0.0
2148.0,0.006987673193147062,0.0,0.0,0.0,0.0
2149.0,0.007068608192907448,0.0,0.0,0.0,0.0
2150.0,0.007149543192667834,0.0,0.0,0.0,0.0
2151.0,0.00723047819242822,0.0,0.0,0.0,0.0
2152.0,0.007311413192188605,0.0,0.0,0.0,0.0
2153.0,0.007466266567978484,0.0,0.0,0.0,0.0
2154.0,0.007628542709562092,0.0,0.0,0.0,0.0
2155.0,0.0077908188511457,0.0,0.0,0.0,0.0
2156.0,0.007953094992729308,0.0,0.0,0.0,0.0
2157.0,0.008115371134312915,0.0,0.0,0.0,0.0
2158.0,0.008277647275896523,0.0,0.0,0.0,0.0
2159.0,0.008439923417480134,0.0,0.0,0.0,0.0
2160.0,0.00860236520220625,0.0,0.0,0.0,0.0
2161.0,0.008765185895620852,0.0,0.0,0.0,0.0
2162.0,0.008928006589035458,0.0,0.0,0.0,0.0
2163.0,0.009090827282450059,0.0,0.0,0.0,0.0
2164.0,0.009253647975864665,0.0,0.0,0.0,0.0
2165.0,0.009416468669279266,0.0,0.0,0.0,0.0
2166.0,0.009579289362693873,0.0,0.0,0.0,0.0
2167.0,0.009742110056108474,0.0,0.0,0.0,0.0
2168.0,0.009848118129257457,0.0,0.0,0.0,0.0
2169.0,0.009929733827401093,0.0,0.0,0.0,0.0
2170.0,0.010011349525544729,0.0,0.0,0.0,0.0
2171.0,0.010092965223688365,0.0,0.0,0.0,0.0
2172.0,0.010174580921832,0.0,0.0,0.0,0.0
2173.0,0.010256196619975637,0.0,0.0,0.0,0.0
2174.0,0.010337812318119272,0.0,0.0,0.0,0.0
2175.0,0.010419441088124544,0.0,0.0,0.0,0.0
2176.0,0.01050119430225254,0.0,0.0,0.0,0.0
2177.0,0.010582947516380545,0.0,0.0,0.0,0.0
2178.0,0.010664700730508549,0.0,0.0,0.0,0.0
2179.0,0.010746453944636553,0.0,0.0,0.0,0.0
2180.0,0.010828207158764556,0.0,0.0,0.0,0.0
2181.0,0.010909960372892559,0.0,0.0,0.0,0.0
2182.0,0.010991713587020563,0.0,0.0,0.0,0.0
2183.0,0.011073534479636805,0.0,0.0,0.0,0.0
2184.0,0.0111554256739385,0.0,0.0,0.0,0.0
2185.0,0.011237316868240203,0.0,0.0,0.0,0.0
2186.0,0.011319208062541898,0.0,0.0,0.0,0.0
2187.0,0.0114010992568436,0.0,0.0,0.0,0.0
2188.0,0.011482990451145302,0.0,0.0,0.0,0.0
2189.0,0.011564881645446997,0.0,0.0,0.0,0.0
2190.0,0.011646772839748699,0.0,0.0,0.0,0.0
2191.0,0.011656114040619626,0.0,0.0,0.0,0.0
2192.0,0.011656114040619626,0.0,0.0,0.0,0.0
2193.0,0.011656114040619626,0.0,0.0,0.0,0.0
2194.0,0.011656114040619626,0.0,0.0,0.0,0.0
2195.0,0.011656114040619626,0.0,0.0,0.0,0.0
2196.0,0.011656114040619626,0.0,0.0,0.0,0.0
2197.0,0.011656114040619626,0.0,0.0,0.0,0.0
2198.0,0.011656114040619626,0.0,0.0,0.0,0.0
2199.0,0.011656114040619626,0.0,0.0,0.0,0.0
2200.0,0.011656114040619626,0.0,0.0,0.0,0.0
2201.0,0.011656114040619626,0.0,0.0,0.0,0.0
2202.0,0.011656114040619626,0.0,0.0,0.0,0.0
2203.0,0.011656114040619626,0.0,0.0,0.0,0.0
2204.0,0.011656114040619626,0.0,0.0,0.0,0.0
2205.0,0.011656114040619626,0.0,0.0,0.0,0.0
2206.0,0.011711632200700922,0.0,0.0,0.0,0.0
2207.0,0.01179366184171991,0.0,0.0,0.0,0.0
2208.0,0.011875691482738891,0.0,0.0,0.0,0.0
2209.0,0.011957721123757878,0.0,0.0,0.0,0.0
2210.0,0.012039750764776867,0.0,0.0,0.0,0.0
2211.0,0.012121780405795847,0.0,0.0,0.0,0.0
2212.0,0.012203810046814836,0.0,0.0,0.0,0.0
2213.0,0.012285849723563827,0.0,0.0,0.0,0.0
2214.0,0.012368018280213973,0.0,0.0,0.0,0.0
2215.0,0.012450186836864115,0.0,0.0,0.0,0.0
2216.0,0.012532355393514256,0.0,0.0,0.0,0.0
2217.0,0.012614523950164403,0.0,0.0,0.0,0.0
2218.0,0.012696692506814544,0.0,0.0,0.0,0.0
2219.0,0.012778861063464686,0.0,0.0,0.0,0.0
2220.0,0.012861029620114832,0.0,0.0,0.0,0.0
2221.0,0.012943263365329817,0.0,0.0,0.0,0.0
2222.0,0.013025571308911283,0.0,0.0,0.0,0.0
2223.0,0.013107879252492757,0.0,0.0,0.0,0.0
2224.0,0.013190187196074229,0.0,0.0,0.0,0.0
2225.0,0.013272495139655702,0.0,0.0,0.0,0.0
2226.0,0.013354803083237174,0.0,0.0,0.0,0.0
2227.0,0.013437111026818641,0.0,0.0,0.0,0.0
2228.0,0.013519418970400114,0.0,0.0,0.0,0.0
2229.0,0.013744535771171351,0.0,0.0,0.0,0.0
2230.0,0.013992300672642302,0.0,0.0,0.0,0.0
2231.0,0.014240065574113246,0.0,0.0,0.0,0.0
2232.0,0.014487830475584197,0.0,0.0,0.0,0.0
2233.0,0.014735595377055143,0.0,0.0,0.0,0.0
2234.0,0.014983360278526094,0.0,0.0,0.0,0.0
2235.0,0.015231125179997038,0.0,0.0,0.0,0.0
2236.0,0.015436255723586546,0.0,0.0,0.0,0.0
2237.0,0.015519125976192523,0.0,0.0,0.0,0.0
2238.0,0.0156019962287985,0.0,0.0,0.0,0.0
2239.0,0.015684866481404474,0.0,0.0,0.0,0.0
2240.0,0.01576773673401045,0.0,0.0,0.0,0.0
2241.0,0.015850606986616427,0.0,0.0,0.0,0.0
2242.0,0.015933477239222404,0.0,0.0,0.0,0.0
2243.0,0.016016347491828387,0.0,0.0,0.0,0.0
2244.0,0.01620816838482739,0.0,0.0,0.0,0.0
2245.0,0.01645763176780185,0.0,0.0,0.0,0.0
2246.0,0.01670709515077632,0.0,0.0,0.0,0.0
2247.0,0.016956558533750783,0.0,0.0,0.0,0.0
2248.0,0.01720602191672525,0.0,0.0,0.0,0.0
2249.0,0.017455485299699713,0.0,0.0,0.0,0.0
2250.0,0.01770494868267418,0.0,0.0,0.0,0.0
2251.0,0.01795033713166756,0.0,0.0,0.0,0.0
2252.0,0.018117361465639786,0.0,0.0,0.0,0.0
2253.0,0.018284385799612012,0.0,0.0,0.0,0.0
2254.0,0.018451410133584235,0.0,0.0,0.0,0.0
2255.0,0.018618434467556462,0.0,0.0,0.0,0.0
2256.0,0.01878545880152869,0.0,0.0,0.0,0.0
2257.0,0.01895248313550091,0.0,0.0,0.0,0.0
2258.0,0.01911950746947314,0.0,0.0,0.0,0.0
2259.0,0.019249476140528278,0.0,0.0,0.0,0.0
2260.0,0.01933320441170396,0.0,0.0,0.0,0.0
2261.0,0.019416932682879643,0.0,0.0,0.0,0.0
2262.0,0.019500660954055327,0.0,0.0,0.0,0.0
2263.0,0.019584389225231008,0.0,0.0,0.0,0.0
2264.0,0.019668117496406692,0.0,0.0,0.0,0.0
2265.0,0.01975184576758237,0.0,0.0,0.0,0.0
2266.0,0.019835574038758057,0.0,0.0,0.0,0.0
2267.0,0.01991942393007458,0.0,0.0,0.0,0.0
2268.0,0.02000329693472103,0.0,0.0,0.0,0.0
2269.0,0.020087169939367485,0.0,0.0,0.0,0.0
2270.0,0.02017104294401394,0.0,0.0,0.0,0.0
2271.0,0.020254915948660395,0.0,0.0,0.0,0.0
2272.0,0.020338788953306847,0.0,0.0,0.0,0.0
2273.0,0.0204226619579533,0.0,0.0,0.0,0.0
2274.0,0.02050656920044075,0.0,0.0,0.0,0.0
2275.0,0.02059058743979979,0.0,0.0,0.0,0.0
2276.0,0.02067460567915884,0.0,0.0,0.0,0.0
2277.0,0.02075862391851788,0.0,0.0,0.0,0.0
2278.0,0.020842642157876925,0.0,0.0,0.0,0.0
2279.0,0.020926660397235973,0.0,0.0,0.0,0.0
2280.0,0.021010678636595014,0.0,0.0,0.0,0.0
2281.0,0.021094696875954062,0.0,0.0,0.0,0.0
2282.0,0.021178807102390774,0.0,0.0,0.0,0.0
2283.0,0.021262971080312627,0.0,0.0,0.0,0.0
2284.0,0.021347135058234483,0.0,0.0,0.0,0.0
2285.0,0.021431299036156336,0.0,0.0,0.0,0.0
2286.0,0.021515463014078192,0.0,0.0,0.0,0.0
2287.0,0.021599626992000045,0.0,0.0,0.0,0.0
2288.0,0.0216837909699219,0.0,0.0,0.0,0.0
2289.0,0.021772458568591366,0.0,0.0,0.0,0.0
2290.0,0.02202583001174319,0.0,0.0,0.0,0.0
2291.0,0.022279201454895012,0.0,0.0,0.0,0.0
2292.0,0.022532572898046832,0.0,0.0,0.0,0.0
2293.0,0.022785944341198655,0.0,0.0,0.0,0.0
2294.0,0.02303931578435047,0.0,0.0,0.0,0.0
2295.0,0.023292687227502294,0.0,0.0,0.0,0.0
2296.0,0.023546058670654117,0.0,0.0,0.0,0.0
2297.0,0.023764096197661944,0.0,0.0,0.0,0.0
2298.0,0.02393374854220231,0.0,0.0,0.0,0.0
2299.0,0.02410340088674268,0.0,0.0,0.0,0.0
2300.0,0.02427305323128305,0.0,0.0,0.0,0.0
2301.0,0.02444270557582342,0.0,0.0,0.0,0.0
2302.0,0.024612357920363783,0.0,0.0,0.0,0.0
2303.0,0.024782010264904154,0.0,0.0,0.0,0.0
2304.0,0.024951662609444526,0.0,0.0,0.0,0.0
2305.0,0.025121801583679895,0.0,0.0,0.0,0.0
2306.0,0.025292049200823917,0.0,0.0,0.0,0.0
2307.0,0.025462296817967942,0.0,0.0,0.0,0.0
2308.0,0.025632544435111967,0.0,0.0,0.0,0.0
2309.0,0.02580279205225599,0.0,0.0,0.0,0.0
2310.0,0.025973039669400014,0.0,0.0,0.0,0.0
2311.0,0.02614328728654404,0.0,0.0,0.0,0.0
2312.0,0.02631366254635697,0.0,0.0,0.0,0.0
2313.0,0.02648450962817821,0.0,0.0,0.0,0.0
2314.0,0.02665535670999945,0.0,0.0,0.0,0.0
2315.0,0.026826203791820682,0.0,0.0,0.0,0.0
2316.0,0.026997050873641917,0.0,0.0,0.0,0.0
2317.0,0.027167897955463153,0.0,0.0,0.0,0.0
2318.0,0.0273387450372844,0.0,0.0,0.0,0.0
2319.0,0.027509592119105634,0.0,0.0,0.0,0.0
2320.0,0.027680806471612716,0.0,0.0,0.0,0.0
2321.0,0.027852257254623827,0.0,0.0,0.0,0.0
2322.0,0.028023708037634924,0.0,0.0,0.0,0.0
2323.0,0.028195158820646025,0.0,0.0,0.0,0.0
2324.0,0.028366609603657136,0.0,0.0,0.0,0.0
2325.0,0.028538060386668233,0.0,0.0,0.0,0.0
2326.0,0.028709511169679344,0.0,0.0,0.0,0.0
2327.0,0.02888096426441201,0.0,0.0,0.0,0.0
2328.0,0.029053023030195118,0.0,0.0,0.0,0.0
2329.0,0.02922508179597822,0.0,0.0,0.0,0.0
2330.0,0.029397140561761317,0.0,0.0,0.0,0.0
2331.0,0.029569199327544423,0.0,0.0,0.0,0.0
2332.0,0.02974125809332753,0.0,0.0,0.0,0.0
2333.0,0.029913316859110636,0.0,0.0,0.0,0.0
2334.0,0.03008537562489374,0.0,0.0,0.0,0.0
2335.0,0.030257678849067875,0.0,0.0,0.0,0.0
2336.0,0.030430349924916153,0.0,0.0,0.0,0.0
2337.0,0.030603021000764428,0.0,0.0,0.0,0.0
2338.0,0.030775692076612703,0.0,0.0,0.0,0.0
2339.0,0.030948363152460977,0.0,0.0,0.0,0.0
2340.0,0.031121034228309256,0.0,0.0,0.0,0.0
2341.0,0.03129370530415752,0.0,0.0,0.0,0.0
2342.0,0.031466376380005795,0.0,0.0,0.0,0.0
2343.0,0.03163953752010494,0.0,0.0,0.0,0.0
2344.0,0.031812825279675605,0.0,0.0,0.0,0.0
2345.0,0.03198611303924626,0.0,0.0,0.0,0.0
2346.0,0.032159400798816934,0.0,0.0,0.0,0.0
2347.0,0.0323326885583876,0.0,0.0,0.0,0.0
2348.0,0.032505976317958256,0.0,0.0,0.0,0.0
2349.0,0.03267926407752892,0.0,0.0,0.0,0.0
2350.0,0.03285266991778559,0.0,0.0,0.0,0.0
2351.0,0.03302657878176463,0.0,0.0,0.0,0.0
2352.0,0.03320048764574368,0.0,0.0,0.0,0.0
2353.0,0.03337439650972272,0.0,0.0,0.0,0.0
2354.0,0.03354830537370177,0.0,0.0,0.0,0.0
2355.0,0.03372221423768081,0.0,0.0,0.0,0.0
2356.0,0.03389612310165986,0.0,0.0,0.0,0.0
2357.0,0.0340700319656389,0.0,0.0,0.0,0.0
2358.0,0.03424430713460338,0.0,0.0,0.0,0.0
2359.0,0.034418841571382246,0.0,0.0,0.0,0.0
2360.0,0.034593376008161106,0.0,0.0,0.0,0.0
2361.0,0.03476791044493995,0.0,0.0,0.0,0.0
2362.0,0.03494244488171881,0.0,0.0,0.0,0.0
2363.0,0.03511697931849767,0.0,0.0,0.0,0.0
2364.0,0.035291513755276525,0.0,0.0,0.0,0.0
2365.0,0.035466048192055386,0.0,0.0,0.0,0.0
2366.0,0.03564120073953039,0.0,0.0,0.0,0.0
2367.0,0.03581636526589487,0.0,0.0,0.0,0.0
2368.0,0.035991529792259336,0.0,0.0,0.0,0.0
2369.0,0.03616669431862382,0.0,0.0,0.0,0.0
2370.0,0.036341858844988285,0.0,0.0,0.0,0.0
2371.0,0.036517023371352764,0.0,0.0,0.0,0.0
2372.0,0.036692187897717235,0.0,0.0,0.0,0.0
2373.0,0.03686759132480886,0.0,0.0,0.0,0.0
2374.0,0.03704339050664042,0.0,0.0,0.0,0.0
2375.0,0.03721918968847198,0.0,0.0,0.0,0.0
2376.0,0.03739498887030354,0.0,0.0,0.0,0.0
2377.0,0.0375707880521351,0.0,0.0,0.0,0.0
2378.0,0.037746587233966664,0.0,0.0,0.0,0.0
2379.0,0.037922386415798225,0.0,0.0,0.0,0.0
2380.0,0.03809818559762978,0.0,0.0,0.0,0.0
2381.0,0.03847969078137928,0.0,0.0,0.0,0.0
2382.0,0.03892199576865142,0.0,0.0,0.0,0.0
2383.0,0.039364300755923565,0.0,0.0,0.0,0.0
2384.0,0.03980660574319571,0.0,0.0,0.0,0.0
2385.0,0.040248910730467845,0.0,0.0,0.0,0.0
2386.0,0.04069121571773999,0.0,0.0,0.0,0.0
2387.0,0.04113352070501213,0.0,0.0,0.0,0.0
2388.0,0.04156151568064441,0.0,0.0,0.0,0.0
2389.0,0.04191828582561463,0.0,0.0,0.0,0.0
2390.0,0.04227505597058484,0.0,0.0,0.0,0.0
2391.0,0.04263182611555506,0.0,0.0,0.0,0.0
2392.0,0.04298859626052527,0.0,0.0,0.0,0.0
2393.0,0.043345366405495495,0.0,0.0,0.0,0.0
2394.0,0.0437021365504657,0.0,0.0,0.0,0.0
2395.0,0.04405890669543591,0.0,0.0,0.0,0.0
2396.0,0.044417164024255086,0.0,0.0,0.0,0.0
2397.0,0.04477657693511907,0.0,0.0,0.0,0.0
2398.0,0.04513598984598304,0.0,0.0,0.0,0.0
2399.0,0.045495402756847034,0.0,0.0,0.0,0.0
2400.0,0.045854815667711005,0.0,0.0,0.0,0.0
2401.0,0.046214228578574976,0.0,0.0,0.0,0.0
2402.0,0.04657364148943896,0.0,0.0,0.0,0.0
2403.0,0.04693305440030294,0.0,0.0,0.0,0.0
2404.0,0.04729503733815515,0.0,0.0,0.0,0.0
2405.0,0.047657132459725096,0.0,0.0,0.0,0.0
2406.0,0.04801922758129504,0.0,0.0,0.0,0.0
2407.0,0.048381322702865,0.0,0.0,0.0,0.0
2408.0,0.04874341782443494,0.0,0.0,0.0,0.0
2409.0,0.04910551294600489,0.0,0.0,0.0,0.0
2410.0,0.049467608067574845,0.0,0.0,0.0,0.0
2411.0,0.04979832387524384,0.0,0.0,0.0,0.0
2412.0,0.050071679646749856,0.0,0.0,0.0,0.0
2413.0,0.05034503541825588,0.0,0.0,0.0,0.0
2414.0,0.05061839118976189,0.0,0.0,0.0,0.0
2415.0,0.05089174696126791,0.0,0.0,0.0,0.0
2416.0,0.051165102732773915,0.0,0.0,0.0,0.0
2417.0,0.05143845850427993,0.0,0.0,0.0,0.0
2418.0,0.051711814275785944,0.0,0.0,0.0,0.0
2419.0,0.051986330149711935,0.0,0.0,0.0,0.0
2420.0,0.05226123468739283,0.0,0.0,0.0,0.0
2421.0,0.05253613922507373,0.0,0.0,0.0,0.0
2422.0,0.05281104376275463,0.0,0.0,0.0,0.0
2423.0,0.05308594830043554,0.0,0.0,0.0,0.0
2424.0,0.05336085283811643,0.0,0.0,0.0,0.0
2425.0,0.05363575737579733,0.0,0.0,0.0,0.0
2426.0,0.05391088823975513,0.0,0.0,0.0,0.0
2427.0,0.054187359193510365,0.0,0.0,0.0,0.0
2428.0,0.05446383014726559,0.0,0.0,0.0,0.0
2429.0,0.05474030110102083,0.0,0.0,0.0,0.0
2430.0,0.05501677205477606,0.0,0.0,0.0,0.0
2431.0,0.05529324300853129,0.0,0.0,0.0,0.0
2432.0,0.055569713962286514,0.0,0.0,0.0,0.0
2433.0,0.055846184916041756,0.0,0.0,0.0,0.0
2434.0,0.0561737460157012,0.0,0.0,0.0,0.0
2435.0,0.05654484167630723,0.0,0.0,0.0,0.0
2436.0,0.05691593733691325,0.0,0.0,0.0,0.0
2437.0,0.057287032997519256,0.0,0.0,0.0,0.0
2438.0,0.057658128658125286,0.0,0.0,0.0,0.0
2439.0,0.0580292243187313,0.0,0.0,0.0,0.0
2440.0,0.05840031997933731,0.0,0.0,0.0,0.0
2441.0,0.05877141563994333,0.0,0.0,0.0,0.0
2442.0,0.05932109456196523,0.0,0.0,0.0,0.0
2443.0,0.05988311460367845,0.0,0.0,0.0,0.0
2444.0,0.06044513464539166,0.0,0.0,0.0,0.0
2445.0,0.06100715468710488,0.0,0.0,0.0,0.0
2446.0,0.06156917472881811,0.0,0.0,0.0,0.0
2447.0,0.06213119477053132,0.0,0.0,0.0,0.0
2448.0,0.06269321481224453,0.0,0.0,0.0,0.0
2449.0,0.06325741359933777,0.0,0.0,0.0,0.0
2450.0,0.06382601996329176,0.0,0.0,0.0,0.0
2451.0,0.06439462632724574,0.0,0.0,0.0,0.0
2452.0,0.06496323269119973,0.0,0.0,0.0,0.0
2453.0,0.06553183905515371,0.0,0.0,0.0,0.0
2454.0,0.06610044541910769,0.0,0.0,0.0,0.0
2455.0,0.06666905178306168,0.0,0.0,0.0,0.0
2456.0,0.06723765814701567,0.0,0.0,0.0,0.0
2457.0,0.06774117637084821,0.0,0.0,0.0,0.0
2458.0,0.06822015875128416,0.0,0.0,0.0,0.0
2459.0,0.06869914113172014,0.0,0.0,0.0,0.0
2460.0,0.06917812351215609,0.0,0.0,0.0,0.0
2461.0,0.06965710589259207,0.0,0.0,0.0,0.0
2462.0,0.07013608827302802,0.0,0.0,0.0,0.0
2463.0,0.07061507065346398,0.0,0.0,0.0,0.0
2464.0,0.07110647690006154,0.0,0.0,0.0,0.0
2465.0,0.07168756793051326,0.0,0.0,0.0,0.0
2466.0,0.07226865896096495,0.0,0.0,0.0,0.0
2467.0,0.07284974999141666,0.0,0.0,0.0,0.0
2468.0,0.07343084102186835,0.0,0.0,0.0,0.0
2469.0,0.07401193205232007,0.0,0.0,0.0,0.0
2470.0,0.07459302308277176,0.0,0.0,0.0,0.0
2471.0,0.07517411411322347,0.0,0.0,0.0,0.0
2472.0,0.07570790239968354,0.0,0.0,0.0,0.0
2473.0,0.0761975182707985,0.0,0.0,0.0,0.0
2474.0,0.07668713414191346,0.0,0.0,0.0,0.0
2475.0,0.07717675001302841,0.0,0.0,0.0,0.0
2476.0,0.07766636588414338,0.0,0.0,0.0,0.0
2477.0,0.07815598175525834,0.0,0.0,0.0,0.0
2478.0,0.0786455976263733,0.0,0.0,0.0,0.0
2479.0,0.07913521349748825,0.0,0.0,0.0,0.0
2480.0,0.07972020918527732,0.0,0.0,0.0,0.0
2481.0,0.08031434543883095,0.0,0.0,0.0,0.0
2482.0,0.0809084816923846,0.0,0.0,0.0,0.0
2483.0,0.08150261794593824,0.0,0.0,0.0,0.0
2484.0,0.08209675419949189,0.0,0.0,0.0,0.0
2485.0,0.08269089045304552,0.0,0.0,0.0,0.0
2486.0,0.08328502670659917,0.0,0.0,0.0,0.0
2487.0,0.08397492651241174,0.0,0.0,0.0,0.0
2488.0,0.08487999874428734,0.0,0.0,0.0,0.0
2489.0,0.08578507097616292,0.0,0.0,0.0,0.0
2490.0,0.08669014320803851,0.0,0.0,0.0,0.0
2491.0,0.08759521543991411,0.0,0.0,0.0,0.0
2492.0,0.0885002876717897,0.0,0.0,0.0,0.0
2493.0,0.08940535990366529,0.0,0.0,0.0,0.0
2494.0,0.09031043213554087,0.0,0.0,0.0,0.0
2495.0,0.09137346275466658,0.0,0.0,0.0,0.0
2496.0,0.09250309204517342,0.0,0.0,0.0,0.0
2497.0,0.09363272133568029,0.0,0.0,0.0,0.0
2498.0,0.09476235062618713,0.0,0.0,0.0,0.0
2499.0,0.09589197991669397,0.0,0.0,0.0,0.0
2500.0,0.0970216092072008,0.0,0.0,0.0,0.0
2501.0,0.09815123849770768,0.0,0.0,0.0,0.0
2502.0,0.09925207591253128,0.0,0.0,0.0,0.0
2503.0,0.10009046430670393,0.0,0.0,0.0,0.0
2504.0,0.10092885270087659,0.0,0.0,0.0,0.0
2505.0,0.10176724109504921,0.0,0.0,0.0,0.0
2506.0,0.10260562948922188,0.0,0.0,0.0,0.0
2507.0,0.10344401788339452,0.0,0.0,0.0,0.0
2508.0,0.10428240627756716,0.0,0.0,0.0,0.0
2509.0,0.1051207946717398,0.0,0.0,0.0,0.0
2510.0,0.10586034783555916,0.0,0.0,0.0,0.0
2511.0,0.10649878495601683,0.0,0.0,0.0,0.0
2512.0,0.10713722207647454,0.0,0.0,0.0,0.0
2513.0,0.10777565919693226,0.0,0.0,0.0,0.0
2514.0,0.10841409631738996,0.0,0.0,0.0,0.0
2515.0,0.10905253343784768,0.0,0.0,0.0,0.0
2516.0,0.10969097055830539,0.0,0.0,0.0,0.0
2517.0,0.1103294076787631,0.0,0.0,0.0,0.0
2518.0,0.11136346957588382,0.0,0.0,0.0,0.0
2519.0,0.1124465618940441,0.0,0.0,0.0,0.0
2520.0,0.11352965421220436,0.0,0.0,0.0,0.0
2521.0,0.11461274653036464,0.0,0.0,0.0,0.0
2522.0,0.1156958388485249,0.0,0.0,0.0,0.0
2523.0,0.11677893116668518,0.0,0.0,0.0,0.0
2524.0,0.11786202348484544,0.0,0.0,0.0,0.0
2525.0,0.11904836773831576,0.0,0.0,0.0,0.0
2526.0,0.12049353017629674,0.0,0.0,0.0,0.0
2527.0,0.12193869261427773,0.0,0.0,0.0,0.0
2528.0,0.12338385505225871,0.0,0.0,0.0,0.0
2529.0,0.1248290174902397,0.0,0.0,0.0,0.0
2530.0,0.12627417992822068,0.0,0.0,0.0,0.0
2531.0,0.12771934236620167,0.0,0.0,0.0,0.0
2532.0,0.12916450480418262,0.0,0.0,0.0,0.0
2533.0,0.13079863174929948,0.0,0.0,0.0,0.0
2534.0,0.13252143477597725,0.0,0.0,0.0,0.0
2535.0,0.13424423780265507,0.0,0.0,0.0,0.0
2536.0,0.13596704082933286,0.0,0.0,0.0,0.0
2537.0,0.13768984385601066,0.0,0.0,0.0,0.0
2538.0,0.13941264688268842,0.0,0.0,0.0,0.0
2539.0,0.14113544990936622,0.0,0.0,0.0,0.0
2540.0,0.14285386359800933,0.0,0.0,0.0,0.0
2541.0,0.14451894682953126,0.0,0.0,0.0,0.0
2542.0,0.14618403006105316,0.0,0.0,0.0,0.0
2543.0,0.14784911329257505,0.0,0.0,0.0,0.0
2544.0,0.14951419652409695,0.0,0.0,0.0,0.0
2545.0,0.15117927975561887,0.0,0.0,0.0,0.0
2546.0,0.15284436298714077,0.0,0.0,0.0,0.0
2547.0,0.15450944621866264,0.0,0.0,0.0,0.0
2548.0,0.15620243069206738,0.0,0.0,0.0,0.0
2549.0,0.1579266915575827,0.0,0.0,0.0,0.0
2550.0,0.159650952423098,0.0,0.0,0.0,0.0
2551.0,0.16137521328861332,0.0,0.0,0.0,0.0
2552.0,0.16309947415412865,0.0,0.0,0.0,0.0
2553.0,0.16482373501964395,0.0,0.0,0.0,0.0
2554.0,0.16654799588515926,0.0,0.0,0.0,0.0
2555.0,0.1682722567506746,0.0,0.0,0.0,0.0
2556.0,0.16926952320562666,0.0,0.0,0.0,0.0
2557.0,0.17015518964141363,0.0,0.0,0.0,0.0
2558.0,0.1710408560772006,0.0,0.0,0.0,0.0
2559.0,0.17192652251298757,0.0,0.0,0.0,0.0
2560.0,0.17281218894877454,0.0,0.0,0.0,0.0
2561.0,0.1736978553845615,0.0,0.0,0.0,0.0
2562.0,0.17458352182034845,0.0,0.0,0.0,0.0
2563.0,0.17517000427742485,0.0,0.0,0.0,0.0
2564.0,0.17491530279435832,0.0,0.0,0.0,0.0
2565.0,0.17466060131129174,0.0,0.0,0.0,0.0
2566.0,0.17440589982822519,0.0,0.0,0.0,0.0
2567.0,0.1741511983451586,0.0,0.0,0.0,0.0
2568.0,0.17389649686209205,0.0,0.0,0.0,0.0
2569.0,0.1736417953790255,0.0,0.0,0.0,0.0
2570.0,0.1733870938959589,0.0,0.0,0.0,0.0
2571.0,0.17183037046469674,0.0,0.0,0.0,0.0
2572.0,0.1695962945748358,0.0,0.0,0.0,0.0
2573.0,0.1673622186849749,0.0,0.0,0.0,0.0
2574.0,0.16512814279511395,0.0,0.0,0.0,0.0
2575.0,0.16289406690525304,0.0,0.0,0.0,0.0
2576.0,0.16065999101539216,0.0,0.0,0.0,0.0
2577.0,0.15842591512553122,0.0,0.0,0.0,0.0
2578.0,0.1561481095073514,0.0,0.0,0.0,0.0
2579.0,0.1530925394354949,0.0,0.0,0.0,0.0
2580.0,0.1500369693636384,0.0,0.0,0.0,0.0
2581.0,0.1469813992917819,0.0,0.0,0.0,0.0
2582.0,0.1439258292199254,0.0,0.0,0.0,0.0
2583.0,0.1408702591480689,0.0,0.0,0.0,0.0
2584.0,0.13781468907621242,0.0,0.0,0.0,0.0
2585.0,0.1347591190043559,0.0,0.0,0.0,0.0
2586.0,0.13251949660753193,0.0,0.0,0.0,0.0
2587.0,0.1312825217774861,0.0,0.0,0.0,0.0
2588.0,0.13004554694744022,0.0,0.0,0.0,0.0
2589.0,0.12880857211739433,0.0,0.0,0.0,0.0
2590.0,0.1275715972873485,0.0,0.0,0.0,0.0
2591.0,0.1263346224573026,0.0,0.0,0.0,0.0
2592.0,0.12509764762725675,0.0,0.0,0.0,0.0
2593.0,0.12386067279721087,0.0,0.0,0.0,0.0
2594.0,0.12461594554824741,0.0,0.0,0.0,0.0
2595.0,0.12573915591561022,0.0,0.0,0.0,0.0
2596.0,0.12686236628297307,0.0,0.0,0.0,0.0
2597.0,0.12798557665033589,0.0,0.0,0.0,0.0
2598.0,0.1291087870176987,0.0,0.0,0.0,0.0
2599.0,0.13023199738506153,0.0,0.0,0.0,0.0
2600.0,0.13135520775242437,0.0,0.0,0.0,0.0
2601.0,0.13251270035473134,0.0,0.0,0.0,0.0
2602.0,0.1337790254489246,0.0,0.0,0.0,0.0
2603.0,0.13504535054311784,0.0,0.0,0.0,0.0
2604.0,0.13631167563731106,0.0,0.0,0.0,0.0
2605.0,0.13757800073150428,0.0,0.0,0.0,0.0
2606.0,0.13884432582569753,0.0,0.0,0.0,0.0
2607.0,0.14011065091989078,0.0,0.0,0.0,0.0
2608.0,0.14137697601408403,0.0,0.0,0.0,0.0
2609.0,0.14117976270268304,0.0,0.0,0.0,0.0
2610.0,0.14014123390064154,0.0,0.0,0.0,0.0
2611.0,0.13910270509859998,0.0,0.0,0.0,0.0
2612.0,0.13806417629655848,0.0,0.0,0.0,0.0
2613.0,0.13702564749451696,0.0,0.0,0.0,0.0
2614.0,0.13598711869247543,0.0,0.0,0.0,0.0
2615.0,0.1349485898904339,0.0,0.0,0.0,0.0
2616.0,0.1339141277347102,0.0,0.0,0.0,0.0
2617.0,0.133009289930366,0.0,0.0,0.0,0.0
2618.0,0.1321044521260218,0.0,0.0,0.0,0.0
2619.0,0.1311996143216776,0.0,0.0,0.0,0.0
2620.0,0.1302947765173334,0.0,0.0,0.0,0.0
2621.0,0.1293899387129892,0.0,0.0,0.0,0.0
2622.0,0.12848510090864498,0.0,0.0,0.0,0.0
2623.0,0.1275802631043008,0.0,0.0,0.0,0.0
2624.0,0.12725252233286716,0.0,0.0,0.0,0.0
2625.0,0.12770283202544588,0.0,0.0,0.0,0.0
2626.0,0.1281531417180246,0.0,0.0,0.0,0.0
2627.0,0.12860345141060334,0.0,0.0,0.0,0.0
2628.0,0.12905376110318206,0.0,0.0,0.0,0.0
2629.0,0.1295040707957608,0.0,0.0,0.0,0.0
2630.0,0.12995438048833952,0.0,0.0,0.0,0.0
2631.0,0.13040469018091824,0.0,0.0,0.0,0.0
2632.0,0.13171140063313685,0.0,0.0,0.0,0.0
2633.0,0.13320445754694382,0.0,0.0,0.0,0.0
2634.0,0.13469751446075082,0.0,0.0,0.0,0.0
2635.0,0.13619057137455778,0.0,0.0,0.0,0.0
2636.0,0.13768362828836475,0.0,0.0,0.0,0.0
2637.0,0.13917668520217175,0.0,0.0,0.0,0.0
2638.0,0.1406697421159787,0.0,0.0,0.0,0.0
2639.0,0.14206921230195926,0.0,0.0,0.0,0.0
2640.0,0.1431304567698305,0.0,0.0,0.0,0.0
2641.0,0.14419170123770172,0.0,0.0,0.0,0.0
2642.0,0.14525294570557296,0.0,0.0,0.0,0.0
2643.0,0.14631419017344416,0.0,0.0,0.0,0.0
2644.0,0.1473754346413154,0.0,0.0,0.0,0.0
2645.0,0.1484366791091866,0.0,0.0,0.0,1.14e-322
2646.0,0.14949792357705782,0.0,0.0,0.0,1.001e-320
2647.0,0.15035064585014923,0.0,0.0,0.0,8.76996e-319
2648.0,0.15107126089424952,0.0,0.0,0.0,7.5779245e-317
2649.0,0.15179187593834984,0.0,0.0,0.0,6.45777465e-315
2650.0,0.15251249098245012,0.0,0.0,0.0,5.42743823307e-313
2651.0,0.15323310602655044,0.0,0.0,0.0,4.498692341916e-311
2652.0,0.15395372107065072,0.0,0.0,0.0,3.67753739402756e-309
2653.0,0.15467433611475104,0.0,0.0,0.0,2.96488123520643e-307
2654.0,0.1553959690787496,0.0,0.0,0.0,2.357419684240082e-305
2655.0,0.15625044058947526,0.0,0.0,0.0,1.84861260376222e-303
2656.0,0.15710491210020094,0.0,0.0,0.0,1.429665094644386e-301
2657.0,0.1579593836109266,0.0,0.0,0.0,1.0904408643191833e-299
2658.0,0.15881385512165225,0.0,0.0,0.0,8.202558242295317e-298
2659.0,0.1596683266323779,0.0,0.0,0.0,6.085215002504955e-296
2660.0,0.16052279814310355,0.0,0.0,0.0,4.452274494822444e-294
2661.0,0.1613772696538292,0.0,0.0,0.0,3.2126790158265246e-292
2662.0,0.16239010087362352,0.0,0.0,0.0,2.2862943411366982e-290
2663.0,0.1636374837379818,0.0,0.0,0.0,1.6046353161660272e-288
2664.0,0.16488486660234003,0.0,0.0,0.0,1.1107081312487086e-286
2665.0,0.1661322494666983,0.0,0.0,0.0,7.582334789537093e-285
2666.0,0.1673796323310566,0.0,0.0,0.0,5.104877929112975e-283
2667.0,0.16862701519541487,0.0,0.0,0.0,3.389589976006938e-281
2668.0,0.16987439805977314,0.0,0.0,0.0,2.2196697935491007e-279
2669.0,0.1711217809241314,0.0,0.0,0.0,1.4335372332860613e-277
2670.0,0.17198328728918486,0.0,0.0,0.0,9.130803210460304e-276
2671.0,0.17274740577584236,0.0,0.0,0.0,5.735725892257839e-274
2672.0,0.1735115242624998,0.0,0.0,0.0,3.553425332127637e-272
2673.0,0.1742756427491573,0.0,0.0,0.0,2.1711278577641365e-270
2674.0,0.17503976123581477,0.0,0.0,0.0,1.3082869387548937e-268
2675.0,0.17580387972247224,0.0,0.0,0.0,7.774993087196766e-267
2676.0,0.17656799820912975,0.0,0.0,0.0,4.556972603018915e-265
2677.0,0.17715908316616494,0.0,0.0,0.0,2.6340997896797268e-263
2678.0,0.177030891490261,0.0,0.0,0.0,1.5016455375437811e-261
2679.0,0.17690269981435705,0.0,0.0,0.0,8.442713192432408e-260
2680.0,0.1767745081384531,0.0,0.0,0.0,4.681403143782647e-258
2681.0,0.1766463164625492,0.0,0.0,0.0,2.5600559026477375e-256
2682.0,0.17651812478664525,0.0,0.0,0.0,1.3807093167987024e-254
2683.0,0.1763899331107413,0.0,0.0,0.0,7.34403033397903e-253
2684.0,0.1762617414348374,0.0,0.0,0.0,3.852530349698088e-251
2685.0,0.175244690357078,0.0,0.0,0.0,1.9931366519646113e-249
2686.0,0.17360830498641344,0.0,0.0,0.0,1.016968456103377e-247
2687.0,0.1719719196157489,0.0,0.0,0.0,5.117493377595285e-246
2688.0,0.17033553424508435,0.0,0.0,0.0,2.5397238442611425e-244
2689.0,0.1686991488744198,0.0,0.0,0.0,1.2430686206571677e-242
2690.0,0.16706276350375526,0.0,0.0,0.0,6.000440182935909e-241
2691.0,0.16542637813309072,0.0,0.0,0.0,2.856607144323277e-239
2692.0,0.1637899927624262,0.0,0.0,0.0,1.3412116755759212e-237
2693.0,0.16069652781719582,0.0,0.0,0.0,6.210456624368614e-236
2694.0,0.15758055971251256,0.0,0.0,0.0,2.836149635008273e-234
2695.0,0.1544645916078293,0.0,0.0,0.0,1.2773624583491688e-232
2696.0,0.151348623503146,0.0,0.0,0.0,5.673859219737937e-231
2697.0,0.14823265539846273,0.0,0.0,0.0,2.4855491971426738e-229
2698.0,0.14511668729377947,0.0,0.0,0.0,1.0738548219007563e-227
2699.0,0.1420007191890962,0.0,0.0,0.0,4.57560135125703e-226
2700.0,0.13899786579848633,0.0,0.0,0.0,1.922782618968112e-224
2701.0,0.13617938939181606,0.0,0.0,0.0,7.968775572986956e-223
2702.0,0.13336091298514585,0.0,0.0,0.0,3.257109836254412e-221
2703.0,0.13054243657847558,0.0,0.0,0.0,1.3129633773675663e-219
2704.0,0.12772396017180535,0.0,0.0,0.0,5.219780262593099e-218
2705.0,0.12490548376513512,0.0,0.0,0.0,2.0465917983991748e-216
2706.0,0.12208700735846487,0.0,0.0,0.0,7.91388323113693e-215
2707.0,0.11926853095179463,0.0,0.0,0.0,3.018057062108328e-213
2708.0,0.1178793047650219,0.0,0.0,0.0,1.1351275268818111e-211
2709.0,0.1169034401614546,0.0,0.0,0.0,4.210573611486484e-210
2710.0,0.11592757555788728,0.0,0.0,0.0,1.5403424111785602e-208
2711.0,0.11495171095431998,0.0,0.0,0.0,5.557413123713715e-207
2712.0,0.11397584635075267,0.0,0.0,0.0,1.977459016838106e-205
2713.0,0.11299998174718537,0.0,0.0,0.0,6.93939646701743e-204
2714.0,0.11202411714361805,0.0,0.0,0.0,2.401680931556076e-202
2715.0,0.11130757346770236,0.0,0.0,0.0,8.197630128194298e-201
2716.0,0.1118472956190789,0.0,0.0,0.0,2.7595656400052366e-199
2717.0,0.11238701777045544,0.0,0.0,0.0,9.161625568116395e-198
2718.0,0.11292673992183197,0.0,0.0,0.0,2.999740924020284e-196
2719.0,0.11346646207320851,0.0,0.0,0.0,9.686666722437851e-195
2720.0,0.11400618422458506,0.0,0.0,0.0,3.084923277687548e-193
2721.0,0.11454590637596157,0.0,0.0,0.0,9.689330670925357e-192
2722.0,0.11508562852733811,0.0,0.0,0.0,3.001391079714942e-190
2723.0,0.11544284495544523,0.0,0.0,1.04e-322,9.16918631481769e-189
2724.0,0.11566042613219174,0.0,0.0,9.63e-321,2.762602545904183e-187
2725.0,0.11587800730893827,0.0,0.0,8.68567e-319,8.208908558516515e-186
2726.0,0.11609558848568478,0.0,0.0,7.7274046e-317,2.405646602017116e-184
2727.0,0.11631316966243131,0.0,0.0,6.78021222e-315,6.952766409237813e-183
2728.0,0.11653075083917785,0.0,0.0,5.86721934156e-313,1.9818138046480562e-181
2729.0,0.11674833201592436,0.0,0.0,5.0072671351174e-311,5.5711834567873346e-180
2730.0,0.11696591319267088,0.0,0.0,4.214524653015364e-309,1.5445837821763034e-178
2731.0,0.11624567771644405,0.0,0.0,3.4984513255258567e-307,4.223328676517521e-177
2732.0,0.115488374388321,0.0,0.0,2.8640623831388934e-305,1.138879281022593e-175
2733.0,0.11473107106019795,0.0,0.0,2.312429551221032e-303,3.0288649047299853e-174
2734.0,0.11397376773207488,0.0,0.0,1.8413398333137963e-301,7.944407525536088e-173
2735.0,0.11321646440395182,0.0,0.0,1.4460349370461734e-299,2.0550506264708883e-171
2736.0,0.11245916107582878,0.0,0.0,1.1199613196655106e-297,5.242795722904194e-170
2737.0,0.11170185774770569,0.0,5e-324,8.554736979055147e-296,1.319115270047111e-168
2738.0,0.11110050452228665,0.0,3.1e-322,6.444506993374048e-294,3.2732709722058055e-167
2739.0,0.11077952967300556,0.0,2.806e-320,4.787977901462948e-292,8.010517445925241e-166
2740.0,0.11045855482372449,1e-323,2.500506e-318,3.50827780045728e-290,1.933386056484244e-164
2741.0,0.1101375799744434,9.8e-322,2.19776797e-316,2.535217438593048e-288,4.602099390470778e-163
2742.0,0.10981660512516231,8.79e-320,1.905088252e-314,1.8068240045435055e-286,1.0803707200209702e-161
2743.0,0.10949563027588123,7.79221e-318,1.628649962367e-312,1.2699771004747102e-284,2.5013186274446086e-160
2744.0,0.10917465542660015,6.8124617e-316,1.3731557769261e-310,8.803499187369092e-283,5.711426986246467e-159
2745.0,0.10885368057731908,5.873905388e-314,1.1418032193421155e-308,6.018581792723401e-281,1.2861737486942305e-157
2746.0,0.10909690402192669,4.99492784759e-312,9.363584156038019e-307,4.058003390597996e-279,2.8564988482776027e-156
2747.0,0.10952534407816425,4.1890051227092e-310,7.573077009324485e-305,2.6984230890553357e-277,6.256736503327343e-155
2748.0,0.10995378413440182,3.464750481848862e-308,6.040627121174997e-303,1.7696487880273133e-275,1.3515778869282356e-153
2749.0,0.11038222419063941,2.8262621104959467e-306,4.75194147686017e-301,1.144573065820634e-273,2.8794775046088503e-152
2750.0,0.11081066424687698,2.2736955345901515e-304,3.686714768449104e-299,7.300949773999971e-272,6.05014387458658e-151
2751.0,0.11123910430311457,1.803979431390972e-302,2.8208980721754122e-297,4.592980481141495e-270,1.2537100721956772e-149
2752.0,0.11166754435935214,1.4115954642858512e-300,2.1287009279302246e-295,2.849635017216993e-268,2.562169915916671e-148
2753.0,0.11211266477696812,1.0893522306360303e-298,1.58424120576838e-293,1.743665915009336e-266,5.164141578443158e-147
2754.0,0.11265359034711618,8.290978709865745e-297,1.1628062586163917e-291,1.0522446283386457e-264,1.026520798258626e-145
2755.0,0.11319451591726423,6.223327740330238e-295,8.417300198461869e-290,6.26252621352551e-263,2.0124113860288045e-144
2756.0,0.1137354414874123,4.6070077835583545e-293,6.0092140241868534e-288,3.675883985668545e-261,3.8908561869788637e-143
2757.0,0.11427636705756036,3.363524683652594e-291,4.230989309565911e-286,2.127910882991961e-259,7.419130185392614e-142
2758.0,0.11481729262770841,2.4218636696344085e-289,2.937958006682109e-284,1.2148550836340155e-257,1.3952120065409376e-140
2759.0,0.11535821819785648,1.7198246357354132e-287,2.012003074495139e-282,6.840296310691831e-256,2.587657649932946e-139
2760.0,0.11589914376800456,1.2044756903414344e-285,1.3589112566181612e-280,3.798435488455924e-254,4.733177936764229e-138
2761.0,0.1164433852526956,8.319386721276352e-284,9.051758372454068e-279,2.0802426429992815e-252,8.53843437399174e-137
2762.0,0.11699040932301713,5.667140583952184e-282,5.946401217264055e-277,1.1235764677314116e-250,1.5190884379716943e-135
2763.0,0.11753743339333865,3.807290892423686e-280,3.8526083812447743e-275,5.985089853251124e-249,2.665429940591991e-134
2764.0,0.11808445746366018,2.5225950181038872e-278,2.4616988432740145e-273,3.144257568218582e-247,4.6124416533513334e-133
2765.0,0.1186314815339817,1.6483840651089748e-276,1.5512949480000778e-271,1.6290895399357593e-245,7.871797241099986e-132
2766.0,0.11917850560430325,1.0623036691111709e-274,9.641247567897974e-270,8.32436655141831e-244,1.324940309085013e-130
2767.0,0.11972552967462478,6.751781130684977e-273,5.90951026763023e-268,4.195047048331187e-242,2.1993691391079844e-129
2768.0,0.1202725537449463,4.2322121499249916e-271,3.572310074713549e-266,2.084979918354933e-240,3.6006370073501756e-128
2769.0,0.12082543592370108,2.616350379091117e-269,2.1297381246649646e-264,1.0219892249632742e-238,5.813530495149724e-127
2770.0,0.12137869757506692,1.5951582638840971e-267,1.2522258428881532e-262,4.940491513632414e-237,9.257206872045778e-126
2771.0,0.12193195922643277,9.591599856099046e-266,7.261369210878365e-261,2.3554473350805137e-235,1.4537823212842576e-124
2772.0,0.1224852208777986,5.687975629498492e-264,4.152730777341302e-259,1.1075313778891393e-233,2.2516360722641014e-123
2773.0,0.12303848252916444,3.3266246517595496e-262,2.3422240384214696e-257,5.1359179879509335e-232,3.439350306477467e-122
2774.0,0.12359174418053026,1.9187980840520008e-260,1.3028742213228342e-255,2.3488729210497164e-230,5.181243780365054e-121
2775.0,0.12414500583189611,1.0915261655334524e-258,7.147529370909754e-254,1.0594497486479805e-228,7.697878305993976e-120
2776.0,0.12485177914798207,6.123763722704756e-257,3.867130305700688e-252,4.712817294597559e-227,1.1279437855562019e-118
2777.0,0.1258638313427733,3.3883019097669576e-255,2.0634838006013495e-250,2.0675701081247563e-225,1.629983734341472e-117
2778.0,0.12687588353756454,1.8489500365512367e-253,1.0859072220294438e-248,8.94580209299461e-224,2.3230496150264253e-116
2779.0,0.12788793573235574,9.950562929403435e-252,5.635906496800557e-247,3.8173126152010084e-222,3.2652249051292016e-115
2780.0,0.12889998792714696,5.281405650695231e-250,2.8847902207744203e-245,1.606480909736163e-220,4.52633939695197e-114
2781.0,0.12991204012193822,2.764590434420117e-248,1.4562773509607856e-243,6.66765024624708e-219,6.188145698339067e-113
2782.0,0.1309240923167294,1.4272218185917028e-246,7.250256196558069e-242,2.7292885447431853e-217,8.34359750754601e-112
2783.0,0.13193614451152064,7.26660497344446e-245,3.559934532190131e-240,1.1018069162583007e-215,1.109495540524226e-110
2784.0,0.132710620732635,3.648808133032224e-243,1.7238920605844116e-238,4.386730316725606e-214,1.4550475176235852e-109
2785.0,0.13339724333848335,1.806965675146719e-241,8.232988860995285e-237,1.7224863066067667e-212,1.8819504809047364e-108
2786.0,0.1340838659443317,8.825273606298432e-240,3.8777908916742824e-235,6.670371467626801e-211,2.4005933977765375e-107
2787.0,0.13477048855018003,4.250948605085207e-238,1.8013190613558487e-233,2.547555547506937e-209,3.020010291786892e-106
2788.0,0.13545711115602835,2.019402688570199e-236,8.252324617636394e-232,9.595700944469203e-208,3.746947764282857e-105
2789.0,0.13614373376187672,9.46105149020835e-235,3.728561938297953e-230,3.564586408114532e-206,4.58486185372688e-104
2790.0,0.13683035636772506,4.371548309456979e-233,1.661444432156438e-228,1.3059332792219245e-204,5.53291846546808e-103
2791.0,0.13759201205133811,1.992097352046271e-231,7.301459481444068e-227,4.718589877190867e-203,6.585089566580988e-102
2792.0,0.13887662554967584,8.95293093776655e-230,3.1645571151969725e-225,1.6814458057758116e-201,7.729448402592949e-101
2793.0,0.14016123904801356,3.9682526109583954e-228,1.352681646331902e-223,5.909257524957536e-200,8.947768072103254e-100
2794.0,0.14144585254635125,1.734653700972704e-226,5.702399717310092e-222,2.0481528288772866e-198,1.0215516622504112e-98
2795.0,0.14273046604468898,7.478347872592003e-225,2.370822911940694e-220,7.001179339165835e-197,1.1502317495133273e-97
2796.0,0.14401507954302667,3.1796399139810667e-223,9.721202164682374e-219,2.360257821109023e-195,1.2772907513750923e-96
2797.0,0.1452996930413644,1.3333053343762336e-221,3.9311556018250785e-217,7.847423458737403e-194,1.398857849060562e-95
2798.0,0.14658430653970211,5.513922953552358e-220,1.5678333335784888e-215,2.573203488588986e-192,1.51090375528903e-94
2799.0,0.1479505449888014,2.248905311574407e-218,6.1667870712614985e-214,8.32148001863818e-191,1.6094571452597859e-93
2800.0,0.14939185456049886,9.046092974983627e-217,2.3921995967553064e-212,2.654033607625491e-189,1.6908357980254636e-92
2801.0,0.15083316413219636,3.5886435569440795e-215,9.151984428652953e-211,8.348177246422503e-188,1.751873934203299e-91
2802.0,0.15227447370389388,1.404038449600068e-213,3.453126849537371e-209,2.5897408348475395e-186,1.7901262780926706e-90
2803.0,0.15371578327559138,5.417601769301138e-212,1.2849587680460677e-207,7.923195067347636e-185,1.804030537930808e-89
2804.0,0.15515709284728887,2.061648182497232e-210,4.715690048041644e-206,2.390692900839621e-183,1.7930132624655458e-88
2805.0,0.15659840241898637,7.737513732650202e-209,1.706792446425851e-204,7.114209261222784e-182,1.7575290782259081e-87
2806.0,0.15803971199068387,2.8639650263554547e-207,6.092500483297844e-203,2.0878960823782612e-180,1.699029566043324e-86
2807.0,0.1597524294704191,1.0454743633864634e-205,2.1448149716088242e-201,6.043249478997004e-179,1.6198647461567858e-85
2808.0,0.1614899227757843,3.763903369768393e-204,7.446693737139154e-200,1.7250892436115702e-177,1.523126489450367e-84
2809.0,0.16322741608114952,1.3364199279705203e-202,2.5498612743742167e-198,4.856596374192971e-176,1.412448392704536e-83
2810.0,0.16496490938651473,4.67979491013609e-201,8.610909278632477e-197,1.3484407095058305e-174,1.2917801489970691e-82
2811.0,0.16670240269187994,1.616181378582046e-199,2.8678793327265928e-195,3.692420042403439e-173,1.1651558609453808e-81
2812.0,0.16843989599724515,5.5046888601566645e-198,9.420026724856292e-194,9.971712392748779e-172,1.0364750253210424e-80
2813.0,0.17017738930261034,1.84907639509147e-196,3.0515661982548515e-192,2.655875962847498e-170,9.093122875898354e-80
2814.0,0.17201699953524954,6.125708586691514e-195,9.74928702459061e-191,6.976301359867539e-169,7.867679820262196e-79
2815.0,0.1740820142049201,2.0014152785795378e-193,3.0718663554585264e-189,1.8072659962207512e-167,6.713665446368642e-78
2816.0,0.1761470288745907,6.4490759127488945e-192,9.545774666078817e-188,4.617408754906857e-166,5.650047695056477e-77
2817.0,0.17821204354426123,2.049449245265369e-190,2.925495533871542e-186,1.16346672437858e-164,4.689471838764061e-76
2818.0,0.18027705821393183,6.423271006998881e-189,8.842337770715336e-185,2.8912724077412334e-163,3.838620254176392e-75
2819.0,0.18234207288360238,1.9854306611806323e-187,2.635810367465041e-183,7.086037666675846e-162,3.0988872054304642e-74
2820.0,0.18440708755327295,6.052469409031379e-186,7.74891011450403e-182,1.7127631144426985e-160,2.4672649397589465e-73
2821.0,0.18647210222294353,1.8196584635862728e-184,2.24670723906906e-180,4.0829169551308963e-159,1.9373371476538852e-72
2822.0,0.188022061920986,5.39543618904556e-183,6.424387762420306e-179,9.598938116288252e-158,1.5002858894105593e-71
2823.0,0.18935879993722576,1.5777661687218803e-181,1.8117422313270307e-177,2.2256416351214433e-156,1.1458354209877149e-70
2824.0,0.1906955379534655,4.550279966247427e-180,5.0389548782641774e-176,5.089401136234819e-155,8.630776337515862e-70
2825.0,0.19203227596970524,1.294234574482421e-178,1.3821778572957794e-174,1.1477770266397089e-153,6.411459173589425e-69
2826.0,0.19336901398594497,3.6305069846924186e-177,3.739097527581695e-173,2.552864554638766e-152,4.697245944747435e-68
2827.0,0.1947057520021847,1.0043867061727231e-175,9.975830353659293e-172,5.599863216969185e-151,3.393978753278052e-67
2828.0,0.19604249001842444,2.7404004816344057e-174,2.6248876350812554e-170,1.2114527069720929e-149,2.418545924752845e-66
2829.0,0.1973261875768373,7.374057412371133e-173,6.811641444044449e-169,2.5847283748124604e-148,1.6997261566478268e-65
2830.0,0.19814627224461473,1.9569439820919041e-171,1.7433004465529993e-167,5.438795835654532e-147,1.178102227319679e-64
2831.0,0.1989663569123921,5.1218832365928325e-170,4.400196828789067e-166,1.1286778502348695e-145,8.053161275424234e-64
2832.0,0.19978644158016948,1.322087969438489e-168,1.0953460995240153e-164,2.3100248315256233e-144,5.429117188007578e-63
2833.0,0.20060652624794686,3.3656614861497316e-167,2.6891190453698948e-163,4.662756052315259e-143,3.609702711348361e-62
2834.0,0.20142661091572428,8.450062338997543e-166,6.511005933341183e-162,9.28214056036707e-142,2.3669716450708042e-61
2835.0,0.20224669558350167,2.0923233070532662e-164,1.5547678578238485e-160,1.8223550180724144e-140,1.5307140735183995e-60
2836.0,0.20306678025127903,5.1094843448207605e-163,3.661528479833295e-159,3.5285577800568605e-139,9.762802305523819e-60
2837.0,0.20347838168149426,1.230565550558352e-161,8.504302099658261e-158,6.738153183004662e-138,6.140932376693238e-59
2838.0,0.20347838168149426,2.922885704012539e-160,1.9480241751287007e-156,1.2690067332468988e-136,3.8095487459163695e-58
2839.0,0.20347838168149426,6.846968240206351e-159,4.400777435939653e-155,2.3570368539595692e-135,2.3307310141283997e-57
2840.0,0.20347838168149426,1.5818459748557428e-157,9.804915794748682e-154,4.3176578086747855e-134,1.4063395013338376e-56
2841.0,0.20347838168149426,3.604204911836614e-156,2.154456508105935e-152,7.800266963609849e-133,8.368884915892476e-56
2842.0,0.20347838168149426,8.099051391262037e-155,4.6688615402416837e-151,1.3897929796032205e-131,4.911616120828082e-55
2843.0,0.20347838168149426,1.7948916423605277e-153,9.978463154324134e-150,2.4421377705552016e-130,2.842893801686425e-54
2844.0,0.20347838168149426,3.923030783962695e-152,2.1032733616483424e-148,4.2322333746204066e-129,1.6228420681626294e-53
2845.0,0.20262467233168238,8.456382072372037e-151,4.372272133724264e-147,7.233499483816451e-128,9.13631948449063e-53
2846.0,0.20166924442104148,1.7977399837023528e-149,8.963921581166481e-146,1.2192891299867779e-126,5.072776153190424e-52
2847.0,0.2007138165104006,3.7691945863937726e-148,1.8124595055819755e-144,2.0269561308234244e-125,2.7777906990944e-51
2848.0,0.1997583885997597,7.793806868718877e-147,3.6142482216849282e-143,3.3232376298265534e-124,1.5001432781347745e-50
2849.0,0.19880296068911882,1.5893886994879867e-145,7.107993792600618e-142,5.3735073142137546e-123,7.989973912817309e-50
2850.0,0.19784753277847797,3.196612564112628e-144,1.3786546939198983e-140,8.569070027688762e-122,4.1969846655658605e-49
2851.0,0.19689210486783706,6.340584335122942e-143,2.6372018263769876e-139,1.34768669135577e-120,2.174246620056694e-48
2852.0,0.19578960356016556,1.240360606756035e-141,4.9752010098496045e-138,2.0903720382074222e-119,1.1108607570521262e-47
2853.0,0.19432522428874716,2.393018446056922e-140,9.256723600024122e-137,3.1976993989482404e-118,5.597445145730652e-47
2854.0,0.1928608450173288,4.553271299814143e-139,1.698569652335374e-135,4.824264193361733e-117,2.7816306795254144e-46
2855.0,0.19139646574591043,8.544377142010724e-138,3.073893558311961e-134,7.178007888621723e-116,1.3632907537529188e-45
2856.0,0.18993208647449206,1.5813088126390968e-136,5.486225940605423e-133,1.0533099322522898e-114,6.589567496879935e-45
2857.0,0.1884677072030737,2.886239547266778e-135,9.656904884372304e-132,1.5243609950296538e-113,3.1412661362550753e-44
2858.0,0.18700332793165533,5.19550126639538e-134,1.676415310283452e-130,2.175699319584787e-112,1.4768349252291663e-43
2859.0,0.18553894866023699,9.223631355651337e-133,2.8701505865214444e-129,3.0625932733508995e-111,6.847603041762244e-43
2860.0,0.1849871759733825,1.6149378712385776e-131,4.846264886041366e-128,4.251666319636565e-110,3.131299424194706e-42
2861.0,0.18485621632274385,2.7886184813456342e-130,8.070287618803468e-127,5.821145053530368e-109,1.4121798818893202e-41
2862.0,0.18472525667210515,4.7489957788526876e-129,1.3254101066749696e-125,7.860262863335233e-108,6.28108748322911e-41
2863.0,0.18459429702146646,7.976160159228046e-128,2.146796818358639e-124,1.0467551799616066e-106,2.755237650882172e-40
2864.0,0.1844633373708278,1.3211902143664404e-126,3.429343655993106e-123,1.374777980517053e-105,1.191962759203873e-39
2865.0,0.1843323777201891,2.1583219667743035e-125,5.402695279962223e-122,1.780735498923841e-104,5.0856411118920783e-39
2866.0,0.1842014180695504,3.477334853204598e-124,8.39439379261502e-121,2.2748128112019e-103,2.1399722008542317e-38
2867.0,0.18417605882470633,5.525304234943564e-123,1.286315799864912e-119,2.8659678517857493e-102,8.880756334521118e-38
2868.0,0.18536761854187617,8.658552188876172e-122,1.9439508026117037e-118,3.5610359960090703e-101,3.634721809853489e-37
2869.0,0.186559178259046,1.3381776184204883e-120,2.8973591669026753e-117,4.363759556613849e-100,1.4671408170161075e-36
2870.0,0.1877507379762158,2.039678155903417e-119,4.2589133176823133e-116,5.273812220907074e-99,5.840524129386956e-36
2871.0,0.18894229769338564,3.066118445674474e-118,6.174114320602971e-115,6.285906426098363e-98,2.2930379659056814e-35
2872.0,0.19013385741055547,4.545645996967105e-117,8.827341585791088e-114,7.389083276977757e-97,8.878714033582193e-35
2873.0,0.1913254171277253,6.646326837822946e-116,1.244699738929195e-112,8.566286805576836e-96,3.3905354653761308e-34
2874.0,0.19251697684489516,9.584008219604334e-115,1.7309266497745847e-111,9.794314842433539e-95,1.2769265432923679e-33
2875.0,0.19352763688961785,1.3629880899583004e-113,2.3739530772956883e-110,1.1044216467615882e-93,4.742888750577885e-33
2876.0,0.19433858369595905,1.9116850523898792e-112,3.211034685246158e-109,1.2282171580171122e-92,1.7373981762070513e-32
2877.0,0.1951495305023002,2.644356643722583e-111,4.2834851248789e-108,1.347084410164422e-91,6.276755108623396e-32
2878.0,0.19596047730864136,3.6074731851485136e-110,5.635454263326903e-107,1.4571151044084386e-90,2.2364047615163934e-31
2879.0,0.19677142411498258,4.853618031228421e-109,7.312064200971537e-106,1.554434083170319e-89,7.858597248653823e-31
2880.0,0.19758237092132375,6.440320481949554e-108,9.356867130700212e-105,1.6354232229449642e-88,2.723447799528492e-30
2881.0,0.19839331772766491,8.428082207942566e-107,1.1808652133752887e-103,1.6969436096469685e-87,9.308345169969455e-30
2882.0,0.19920426453400605,1.0877508894546013e-105,1.4697707351088753e-102,1.736537079720088e-86,3.137655823956255e-29
2883.0,0.199427942647177,1.3845528284788095e-104,1.8041733465921825e-101,1.7525891211279986e-85,1.0430797810029515e-28
2884.0,0.19956442802861094,1.7380770110788325e-103,2.1841694559168147e-100,1.7444380945903286e-84,3.419866485706368e-28
2885.0,0.19970091341004492,2.1518297107451298e-102,2.607797090701451e-99,1.712420478185284e-83,1.1058091401572183e-27
2886.0,0.1998373987914789,2.6273999297177055e-101,3.0707231530370813e-98,1.6578478235871224e-82,3.526392096919178e-27
2887.0,0.1999738841729129,3.163908158692568e-100,3.566045915208682e-97,1.5829176232536462e-81,1.1090737435415084e-26
2888.0,0.20011036955434688,3.757516989519225e-99,4.084252635339545e-96,1.4905665302701418e-80,3.440088759870394e-26
2889.0,0.20024685493578087,4.4010615013178513e-98,4.6133633939907176e-95,1.3842795916993788e-79,1.052345316827751e-25
2890.0,0.20013056911730734,5.083856954454906e-97,5.139278260165278e-94,1.267872748457347e-78,3.174872559569066e-25
2891.0,0.19931735699051856,5.79173399233124e-96,5.646326662246227e-93,1.1452674519484366e-77,9.446560751674216e-25
2892.0,0.19850414486372975,6.507336901770139e-95,6.117997113855442e-92,1.0202757622987077e-76,2.7720467266909187e-24
2893.0,0.197690932736941,7.210699163910065e-94,6.53780458606271e-91,8.964119160405555e-76,8.022445426746637e-24
2894.0,0.1968777206101522,7.880084269856823e-93,6.890234506501593e-90,7.767425069576972e-75,2.289772822386214e-23
2895.0,0.19606450848336343,8.493051293580231e-92,7.16168922142909e-89,6.637826917615008e-74,6.445512001026112e-23
2896.0,0.19525129635657468,9.027677417832208e-91,7.341356919962283e-88,5.594408505515955e-73,1.78937698213224e-22
2897.0,0.1944380842297859,9.463847152503875e-90,7.421925779368207e-87,4.650095018361046e-72,4.899205669675037e-22
2898.0,0.19319934962120555,9.784503725143086e-89,7.40007762022938e-86,3.811964776220338e-71,1.3229057279151215e-21
2899.0,0.19174296270872027,9.976754564902544e-88,7.276714625464474e-85,3.081877206538138e-70,3.5229909066755335e-21
2900.0,0.190286575796235,1.0032731138112467e-86,7.056897535003096e-84,2.457316986403757e-69,9.252807940039858e-21
2901.0,0.18883018888374972,9.950123234887557e-86,6.749501216677329e-83,1.932352862281387e-68,2.3967071591567228e-20
2902.0,0.18737380197126446,9.732337148228043e-85,6.366620281688508e-82,1.49861849091925e-67,6.122598753732045e-20
2903.0,0.18591741505877918,9.38826265232685e-84,5.922780215083208e-81,1.1462388895554632e-66,1.5425385430068813e-19
2904.0,0.18446102814629392,8.931670995239585e-83,5.434025669118654e-80,8.646465070700155e-66,3.832795519980297e-19
2905.0,0.18302155065871517,8.380300718945365e-82,4.9169654235951264e-79,6.432524422230147e-65,9.392358827280212e-19
2906.0,0.18186164232959032,7.754715855706812e-81,4.387852530451997e-78,4.719583740030697e-64,2.2699333314225184e-18
2907.0,0.18070173400046546,7.077038780436667e-80,3.8617690004618826e-77,3.415115126986274e-63,5.410419355238724e-18
2908.0,0.17954182567134064,6.369666021528555e-79,3.351968749196713e-76,2.4371732425306414e-62,1.2718273328916794e-17
2909.0,0.1783819173422158,5.654069572225824e-78,2.8694127918992916e-75,1.715326725383538e-61,2.9485247689257134e-17
2910.0,0.17722200901309096,4.949770175930854e-77,2.4225095579674555e-74,1.190657102421295e-60,6.74156624942493e-17
2911.0,0.17606210068396613,4.273545390889138e-76,2.0170532722033662e-73,8.150907410347965e-60,1.520184265404497e-16
2912.0,0.1749021923548413,3.6389074303669775e-75,1.656336749727205e-72,5.503064623100295e-59,3.380734453198566e-16
2913.0,0.17381090287777473,3.0558574722718008e-74,1.3414031048544752e-71,3.664229492097503e-58,7.414899790807045e-16
2914.0,0.17280264797798892,2.5308976430451573e-73,1.0713944115850777e-70,2.4062465215033874e-57,1.6039060026347923e-15
2915.0,0.1717943930782031,2.0672617463626702e-72,8.439541369206592e-70,1.558392940797533e-56,3.4216212896021794e-15
2916.0,0.17078613817841728,1.6653125514964166e-71,6.556434336574094e-69,9.953898905129847e-56,7.198870585340584e-15
2917.0,0.16977788327863144,1.323047518292268e-70,5.023379464299064e-68,6.270308071404274e-55,1.493744066550051e-14
2918.0,0.16876962837884563,1.0366556755745115e-69,3.795802921579132e-67,3.895506492584162e-54,3.0568027837470626e-14
2919.0,0.1677613734790598,8.010747023728943e-69,2.828724980354728e-66,2.3868129532973846e-53,6.169330650623453e-14
2920.0,0.16675311857927397,6.10507360845047e-68,2.0790129560296898e-65,1.4422888290259177e-52,1.2279708978588593e-13
2921.0,0.16617888862459856,4.588684434741922e-67,1.5069646537877057e-64,8.595388154628935e-52,2.410557535110502e-13
2922.0,0.16568251067801482,3.4014561754501704e-66,1.0772793528296367e-63,5.0519395746017426e-51,4.66687672292625e-13
2923.0,0.1651861327314311,2.4866861053286232e-65,7.595091435426867e-63,2.9283986726283167e-50,8.910756096981522e-13
2924.0,0.16468975478484735,1.792901603551177e-64,5.281011060457352e-62,1.6741009981835872e-49,1.6779622418398446e-12
2925.0,0.16419337683826357,1.2748859757837086e-63,3.6214337746974524e-61,9.438707102045937e-49,3.1162278999217732e-12
2926.0,0.16369699889167982,8.940578732076092e-63,2.449195305558136e-60,5.248349688827735e-48,5.707627729313667e-12
2927.0,0.1632006209450961,6.183570553820942e-62,1.6335998660996815e-59,2.8781433310722086e-47,1.0310066511725262e-11
2928.0,0.16288527592023402,4.217862413610531e-61,1.0746012961614262e-58,1.5566159361335342e-46,1.8367358164647303e-11
2929.0,0.1631328301363505,2.8374283113714447e-60,6.971535306139568e-58,8.302902283461902e-46,3.227091822141061e-11
2930.0,0.16338038435246696,1.882507810221172e-59,4.4605550367607826e-57,4.36775008964099e-45,5.591847911147239e-11
2931.0,0.16362793856858343,1.2317656132118356e-58,2.8146783565244214e-56,2.2660267688398756e-44,9.556058042298938e-11
2932.0,0.16387549278469993,7.948748669269405e-58,1.7516528703943054e-55,1.1594491076068928e-43,1.610577423966619e-10
2933.0,0.1641230470008164,5.058815667918462e-57,1.0750946897052903e-54,5.850833582030074e-43,2.677095323605545e-10
2934.0,0.1643706012169329,3.175253072492092e-56,6.507659009081405e-54,2.911811120633022e-42,4.3885945940955744e-10
2935.0,0.16461815543304936,1.9655642079655808e-55,3.8849216143941673e-53,1.42918370306241e-41,7.09523023030107e-10
2936.0,0.16534830382499902,1.1999841947701652e-54,2.287278947708165e-52,6.918187214565551e-41,1.1313237927477301e-09
2937.0,0.16635134773304477,7.225089262961795e-54,1.3281141541428561e-51,3.3027520098946076e-40,1.7790442462091762e-09
2938.0,0.16735439164109053,4.290326150914341e-53,7.605557916011678e-51,1.5550308908723337e-39,2.7590907053455398e-09
2939.0,0.16835743554913632,2.512562077547675e-52,4.295425101987887e-50,7.220736152939815e-39,4.220118120706193e-09
2940.0,0.16936047945718208,1.451184707943056e-51,2.3925478048358478e-49,3.306764994228461e-38,6.365941390777894e-09
2941.0,0.17036352336522784,8.266239549780374e-51,1.314299969096258e-48,1.4934977992627742e-37,9.470656059615759e-09
2942.0,0.17136656727327362,4.64379116392804e-50,7.120455419786423e-48,6.652505504464517e-37,1.389558688066476e-08
2943.0,0.17236591393142453,2.5728636778384154e-49,3.8045250348040085e-47,2.9224379457430425e-36,2.010727062235056e-08
2944.0,0.17326091598143278,1.405854165395662e-48,2.004806774761002e-46,1.2661488182973494e-35,2.8695166719316317e-08
2945.0,0.17415591803144104,7.576055879822589e-48,1.0418951031518568e-45,5.410079036821951e-35,4.038720340563189e-08
2946.0,0.1750509200814493,4.026479274308083e-47,5.3401674244271626e-45,2.279826858605732e-34,5.60606606078972e-08
2947.0,0.17594592213145754,2.110508804366068e-46,2.6993869894352543e-44,9.475006613724994e-34,7.674534461951675e-08
2948.0,0.1768409241814658,1.091008842052986e-45,1.3457203764256032e-43,3.883618649012459e-33,1.0361562958706417e-07
2949.0,0.17773592623147405,5.562227841166035e-45,6.616432824442998e-43,1.5699037761238437e-32,1.3796785104255988e-07
2950.0,0.17863092828148233,2.7967180235099386e-44,3.208280915839242e-42,6.258768532218611e-32,1.8117986412878423e-07
2951.0,0.17936435277064894,1.3868452097664192e-43,1.5342646179874683e-41,2.460844358807878e-31,2.3465043274778703e-07
2952.0,0.17988329377197293,6.7824516052384766e-43,7.23614987473803e-41,9.542426053153914e-31,2.9971756074066396e-07
2953.0,0.1804022347732969,3.271333494436296e-42,3.3658459800264918e-40,3.6493276671514954e-30,3.775569068417802e-07
2954.0,0.18092117577462088,1.5561173375635283e-41,1.5440463277474282e-39,1.3764052368613475e-29,4.6906394256442644e-07
2955.0,0.18144011677594488,7.300275799345382e-41,6.985633833270923e-39,5.119872820049586e-29,5.747263111921139e-07
2956.0,0.18195905777726884,3.3776574285416997e-40,3.1169562840507497e-38,1.8782414901547355e-28,6.944956183058555e-07
2957.0,0.18247799877859283,1.5412437889065505e-39,1.3716237891158118e-37,6.795526129513996e-28,8.276702411025756e-07
2958.0,0.1829969397799168,6.935958514893618e-39,5.9527646258911e-37,2.4247900635764962e-27,9.728022599912251e-07
2959.0,0.18352050979692833,3.078371600527507e-38,2.5478967090590697e-36,8.533056097356378e-27,1.1276418915803146e-06
2960.0,0.18404506107993815,1.3474573003837936e-37,1.0755344632535446e-35,2.9615185542591024e-26,1.289131534154505e-06
2961.0,0.18456961236294792,5.816857067672077e-37,4.477609870418502e-35,1.0136866223160584e-25,1.453458589408366e-06
2962.0,0.18509416364595774,2.4765162841345157e-36,1.8384320383133896e-34,3.4219398585599727e-25,1.6161716843591855e-06
2963.0,0.18561871492896753,1.0398564761397658e-35,7.444376307195311e-34,1.1392536530728681e-24,1.7723591205048963e-06
2964.0,0.18614326621197733,4.3061091499755053e-35,2.9729559076596308e-33,3.740656999965205e-24,1.916881894834708e-06
2965.0,0.18666781749498712,1.7586365323012196e-34,1.1709221773121561e-32,1.211308444625637e-23,2.0446472206740723e-06
2966.0,0.18722307007175215,7.083478408271966e-34,4.5482780967179366e-32,3.8684857602661487e-23,2.1509029621481486e-06
2967.0,0.1878868358419624,2.8138211529582932e-33,1.7423901574477305e-31,1.2184470486357903e-22,2.231529584638111e-06
2968.0,0.18855060161217266,1.1023660835984345e-32,6.5829905140376085e-31,3.784876544174132e-22,2.283304750488581e-06
2969.0,0.1892143673823829,4.259264776261687e-32,2.4529035701572495e-30,1.1595144789885571e-21,2.304116912088777e-06
2970.0,0.1898781331525931,1.6230163124752733e-31,9.013991658528846e-30,3.503321820494129e-21,2.2931081778081643e-06
2971.0,0.19054189892280338,6.099448789830733e-31,3.266880617327771e-29,1.0439105632608475e-20,2.2507329801045096e-06
2972.0,0.19120566469301362,2.260673076126349e-30,1.1676933817721628e-28,3.0677922811858247e-20,2.1787269545281146e-06
2973.0,0.19186943046322386,8.263507279162217e-30,4.116269706263061e-28,8.891356192537892e-20,2.0799889997465147e-06
2974.0,0.19262246765879942,2.979000377801371e-29,1.4310614583981913e-27,2.5414962136832576e-19,1.958387687324961e-06
2975.0,0.19343116173068295,1.059146926138383e-28,4.906730628445305e-27,7.1645732211643615e-19,1.8185100349498202e-06
2976.0,0.1942398558025665,3.713824588160448e-28,1.659226321314068e-26,1.9919139999773267e-18,1.6653753568176667e-06
2977.0,0.19504854987445,1.2842988988571969e-27,5.533482434651765e-26,5.461730196284681e-18,1.5041389794567923e-06
2978.0,0.19585724394633355,4.380164318499334e-27,1.819998184062065e-25,1.4769619307780572e-17,1.339809948542562e-06
2979.0,0.1966659380182171,1.473310532990959e-26,5.903681306857502e-25,3.939016138605519e-17,1.1770037066318508e-06
2980.0,0.19747463209010063,4.8873992160666524e-26,1.8886627329621566e-24,1.036061699025051e-16,1.019745653530121e-06
2981.0,0.19827565401514996,1.5989725358398462e-25,5.958891788453417e-24,2.687589143285383e-16,8.713352730937147e-07
2982.0,0.19841175654788643,5.1592183232407225e-25,1.8541983972683576e-23,6.875741445084381e-16,7.342739617835918e-07
2983.0,0.1985478590806229,1.6417482892985464e-24,5.690187225780349e-23,1.7348246977093382e-15,6.102536146617111e-07
2984.0,0.19868396161335933,5.1523939603832034e-24,1.7221723351485477e-22,4.316890727592762e-15,5.001980487429169e-07
2985.0,0.1988200641460958,1.5947457239801237e-23,5.140512390478062e-22,1.0594145054754252e-14,4.043458834586321e-07
2986.0,0.19895616667883226,4.86803626991871e-23,1.5132686103426006e-21,2.5641307945866058e-14,3.223617159770292e-07
2987.0,0.19909226921156872,1.4655351330654625e-22,4.393448310335393e-21,6.120597690669445e-14,2.5346225355318564e-07
2988.0,0.19922837174430516,4.3512981611705e-22,1.257983627121885e-20,1.4408769496643069e-13,1.9654523755268363e-07
2989.0,0.19930910176372302,1.2741535273384141e-21,3.552421803301402e-20,3.3453329925170964e-13,1.5031113640192983e-07
2990.0,0.19930910176372302,3.6796383525195815e-21,9.893597872461832e-20,7.660043107841372e-13,1.1337027283317174e-07
2991.0,0.19930910176372302,1.048018973776137e-20,2.7174671992406946e-19,1.7298262127368274e-12,8.433087885522215e-08
2992.0,0.19930910176372302,2.94383855907197e-20,7.361305812695635e-19,3.8525930266864775e-12,6.186620328371979e-08
2993.0,0.19930910176372302,8.155299323993625e-20,1.9666455597634914e-18,8.46219823331694e-12,4.4760993168332506e-08
2994.0,0.19930910176372302,2.228164081224837e-19,5.181771350849981e-18,1.83312742825246e-11,3.19393010278403e-08
2995.0,0.19930910176372302,6.003936638013317e-19,1.3465161810054135e-17,3.916350175336824e-11,2.2476602200936113e-08
2996.0,0.19930910176372302,1.5955377098320058e-18,3.45085256103724e-17,8.251820612879739e-11,1.5599687104849232e-08
2997.0,0.19930910176372302,4.181773652077398e-18,8.72214091911347e-17,1.7147366887303746e-10,1.0677820489437849e-08
2998.0,0.19930910176372302,1.0809284648095046e-17,2.174213045088856e-16,3.5141840451768674e-10,7.208358778184143e-09
2999.0,0.19930910176372302,2.7556049585926052e-17,5.345199409514915e-16,7.102822566847652e-10,4.799516093164659e-09
3000.0,0.19930910176372302,6.928212834570759e-17,1.2960123701891228e-15,1.4158486462336653e-09,3.152386683651401e-09
3001.0,0.19930910176372302,1.7179500906122322e-16,3.0991208572402514e-15,2.7834414803066628e-09,2.0437641230276735e-09
3002.0,0.19930910176372302,4.201320899722297e-16,7.308913901679244e-15,5.396681174770655e-09,1.3108256134481524e-09
3003.0,0.19930910176372302,1.0133237935258684e-15,1.7000164732608833e-14,1.0319314055521271e-08,8.384452914627202e-10
3004.0,0.19930910176372302,2.410454633582465e-15,3.8997837150633686e-14,1.9460513711848065e-08,5.498504555590492e-10
3005.0,0.19930910176372302,5.655089588533775e-15,8.82300209366153e-14,3.619404932527496e-08,4.016799143380738e-10
3006.0,0.19930910176372302,1.3084933882606031e-14,1.968712567941126e-13,6.63895081433891e-08,3.8550595181918813e-10
3007.0,0.19930910176372302,2.986050045670929e-14,4.3325162409873884e-13,1.200994816908187e-07,5.40038149882282e-10
3008.0,0.19930910176372302,6.72076105773532e-14,9.403559013966744e-13,2.1427042022225752e-07,9.824670926740302e-10
3009.0,0.19930910176372302,1.4918953075715777e-13,2.012987526626282e-12,3.7701854888359666e-07,1.9754185679445193e-09
3010.0,0.19930910176372302,3.266328777235333e-13,4.250008029585765e-12,6.542483318896028e-07,4.060772477821367e-09
3011.0,0.19930910176372302,7.053208981890134e-13,8.849971160682176e-12,1.1197006847348707e-06,8.318349038602593e-09
3012.0,0.19930910176372302,1.5021840837147358e-12,1.8176138812263217e-11,1.8899080755524142e-06,1.6854967685584213e-08
3013.0,0.19930910176372302,3.1555425782896068e-12,3.6819174719418944e-11,3.1460008811760145e-06,3.3712172975111535e-08
3014.0,0.19930910176372302,6.53800356923441e-12,7.356393553762597e-11,5.164834715229966e-06,6.652245165735163e-08
3015.0,0.19930910176372302,1.3361128722157246e-11,1.449710246033877e-10,8.362448434970252e-06,1.2948095854187964e-07
3016.0,0.19930910176372302,2.6932444360420535e-11,2.8179343085770817e-10,1.335334057731801e-05,2.485892316878322e-07
3017.0,0.19930910176372302,5.354907987038443e-11,5.402855799156216e-10,2.102935057072667e-05,4.7075346749676564e-07
3018.0,0.19930910176372302,1.0502248845422326e-10,1.0218092503825377e-09,3.266188734655482e-05,8.793045421886958e-07
3019.0,0.19930910176372302,2.031789654781793e-10,1.90626476076463e-09,5.003065586560514e-05,1.6200203329308035e-06
3020.0,0.19890657865962397,3.8775316771553714e-10,3.508154933079253e-09,7.558065488130751e-05,2.9440016453409698e-06
3021.0,0.19849941105817007,7.300092599853037e-10,6.3690444300863554e-09,0.00011260681619247717,5.2770745010271055e-06
3022.0,0.19809224345671608,1.3558653749286517e-09,1.1407502788720855e-08,0.00016546202479112362,9.330119086489214e-06
3023.0,0.19768507585526218,2.4845152126868592e-09,2.0158211507337993e-08,0.00023977929699739114,1.6271258211508213e-05
3024.0,0.19727790825380823,4.491885570118163e-09,3.514688803305722e-08,0.00034269266615542414,2.798957405228032e-05
3025.0,0.1968707406523543,8.013209546066169e-09,6.046836683083893e-08,0.0004830341440464378,4.749127892594802e-05
3026.0,0.19646357305090034,1.4106143561470015e-08,1.0266311692882632e-07,0.000671476611145896,7.948315393374928e-05
3027.0,0.19605770669679717,2.4505986105163663e-08,1.7202437109565236e-07,0.0009205856030407277,0.00013121431037964627
3028.0,0.19565392749190996,4.2018619305778723e-08,2.845157263718002e-07,0.0012447379908210386,0.00021366502306195248
3029.0,0.1952501482870227,7.111593150907632e-08,4.645394910189021e-07,0.0016598640217746765,0.00034318873854757213
3030.0,0.1948463690821355,1.1882402641886566e-07,7.488712996745441e-07,0.0021829726765986326,0.0005437274134000025
3031.0,0.1944425898772483,1.960280261182912e-07,1.192169030691852e-06,0.002831430201076654,0.0008497267376385275
3032.0,0.19403881067236106,3.193605117046853e-07,1.8745769668863659e-06,0.003621978865937171,0.0013098707354076368
3033.0,0.19363503146747385,5.138956950105213e-07,2.912083854845937e-06,0.004569507538065152,0.0019917276113542784
3034.0,0.1932312522625866,8.169407669485383e-07,4.470462514772566e-06,0.0056856164151027925,0.0029873426968718693
3035.0,0.19221342360896201,1.2833025881345719e-06,6.7838283009515804e-06,0.006977052880329142,0.00441972240680467
3036.0,0.19102186389179215,1.992515814684147e-06,1.0179116812015929e-05,0.008444130176532522,0.006450019553617039
3037.0,0.18983030417462232,3.058652449309973e-06,1.5108113717453704e-05,0.010079270738019274,0.009285053382747805
3038.0,0.18863874445745252,4.643498311729835e-06,2.218908847491836e-05,0.011865836298280993,0.013184581736955544
3039.0,0.18744718474028269,6.974085041957301e-06,3.2260602729417957e-05,0.013777412269518166,0.018467500849026354
3040.0,0.18625562502311285,1.0365812066686654e-05,4.64506855091173e-05,0.0157777004390151,0.025515903783186335
3041.0,0.18506406530594302,1.525268312245566e-05,6.626526960244095e-05,0.017821139807470607,0.03477571585652177
3042.0,0.18385519773961323,2.2226510577848975e-05,9.370050600213722e-05,0.019854321170621046,0.04675248858949831
3043.0,0.18256468227615927,3.208728872015375e-05,0.00013138419815941177,0.021818190655630662,0.0620009231154972
3044.0,0.18127416681270533,4.590726443992048e-05,0.0001827519336721247,0.023650957671119757,0.08110685964579686
3045.0,0.1799836513492514,6.511147168245489e-05,0.0002522632638630527,0.025291542738754762,0.10466085281573057
3046.0,0.17869313588579747,9.157754026074506e-05,0.00034566213958825816,0.02668333074752035,0.13322307564661753
3047.0,0.1774026204223435,0.000127757296857072,0.0004702833517107038,0.02777794529296302,0.1672801499819994
3048.0,0.17611210495888957,0.00017682186807983565,0.0006354025485567767,0.028538737982086237,0.20719554307330942
3049.0,0.17482158949543564,0.0002428304740494235,0.0008526212028051323,0.02894369756592717,0.25315631071048483
3050.0,0.17448587187945788,0.0003309206767074413,0.0011362695734402728,0.02898752778992654,0.30512007907742816
3051.0,0.1748694353085795,0.00044751438310630697,0.0015038004828873475,0.028682715502435677,0.36276708255733847
3052.0,0.17525299873770114,0.0006005293730565639,0.0019761352821016727,0.028059503155674015,0.42546264341763107
3053.0,0.1756365621668228,0.0007995806679127188,0.0025779119075167475,0.027164780640118194,0.4922355350917124
3054.0,0.17602012559594446,0.0010561500582536353,0.00333757516284712,0.02606000739797421,0.5617770984170551
3055.0,0.1764036890250661,0.0013836962041849463,0.00428724340818398,0.02481835470750735,0.6324647330222772
3056.0,0.17678725245418775,0.001797672817031123,0.005462285986569291,0.023521310376703998,0.7024115067061086
3057.0,0.17717081588330938,0.0023154196326855628,0.006900554025248525,0.022255008528649936,0.7695412551187557
3058.0,0.17882389795208875,0.0029558913809477365,0.00864122509997213,0.021106535444393504,0.8316859154058728
3059.0,0.18052196296479311,0.003739194819345932,0.010723249883120073,0.020160423283214546,0.8866992528155342
3060.0,0.18222002797749753,0.004685913871984179,0.013183425017091353,0.01949548572913236,0.9325789318220158
3061.0,0.18391809299020193,0.005816218152364017,0.01605415806114088,0.019182084477042477,0.9675873695739092
3062.0,0.18561615800290632,0.0071487700349924365,0.01936103286435282,0.019279854660808757,0.9903612389519687
3063.0,0.18731422301561074,0.008699468475905137,0.02312032142548199,0.019835870874038767,1.0
3064.0,0.18901228802831513,0.01048009163343,0.027336615232473143,0.020883209961156043,0.996125431054254
3065.0,0.19128904110826972,0.012496922054803336,0.03200076002349574,0.02243986433881573,0.9789066560466871
3066.0,0.19458915834925639,0.014749454583226827,0.03708826955110325,0.024507977499146627,0.9490483418849835
3067.0,0.19788927559024302,0.017229295284212038,0.04255836573414172,0.02707340459935366,0.907743195074547
3068.0,0.2011893928312297,0.019919357480291857,0.04835374729943223,0.030105635934189946,0.8565932049367095
3069.0,0.20448951007221633,0.022793447587772332,0.054401132528423754,0.03355814909782604,0.797506867130702
3070.0,0.20778962731320294,0.025816309595672923,0.06061256219521555,0.03736926761665076,0.7325815582267989
3071.0,0.2110897445541896,0.028944165009980774,0.06688739519157326,0.041463593930506935,0.6639811235510265
3072.0,0.21438986179517627,0.03212574846687428,0.07311488965654873,0.04575405160781391,0.5938185349969485
3073.0,0.2137157632356885,0.03530380224904002,0.07917724183383637,0.05014451944692839,0.5240522664018445
3074.0,0.2117635249212748,0.03841695981881311,0.08495295439724697,0.05453297693631399,0.45640303733482784
3075.0,0.20981128660686113,0.04140192260056751,0.09032042200341009,0.05881501760290787,0.39229509053915756
3076.0,0.20785904829244742,0.04419581759156134,0.09516164667177243,0.0628875359182773,0.33282352644562774
3077.0,0.2059068099780337,0.04673861626524294,0.09936601912477806,0.06665236471558156,0.2787467370412205
3078.0,0.20395457166362005,0.048975496400323906,0.10283411424852923,0.07001963961060215,0.23050092018504162
3079.0,0.20200233334920636,0.050859035597554926,0.10548144173674218,0.0729106954975517,0.18823218742972725
3080.0,0.19959657383321724,0.05235113568653931,0.10724206399739648,0.07526035297181742,0.15184097882817
3081.0,0.19466243361844865,0.053424588817999503,0.10807194595081428,0.07701851999835646,0.12103334872107015
3082.0,0.1897282934036801,0.05406420775994957,0.1079518449770186,0.07815110405892972,0.09537409245488657
3083.0,0.18479415318891151,0.05426745517517343,0.10688949811845953,0.07864029001127774,0.07433750006772889
3084.0,0.17986001297414295,0.05404452111934016,0.10492083366160375,0.07848427913728752,0.05735258173630147
3085.0,0.17492587275937438,0.053417816984425874,0.10210993969444251,0.077696600122885,0.04384074793296389
3086.0,0.1699917325446058,0.052420879693023406,0.0985475723746569,0.07630509345915616,0.033245006274799344
3087.0,0.16505759232983722,0.05109671299438084,0.09434808299028749,0.074350642896481,0.025050655909115926
3088.0,0.16215750276321378,0.04949563215222744,0.08964477819807176,0.07188569102171795,0.018798160033486975
3089.0,0.1609383300516528,0.04767272085345741,0.08458388665309802,0.068972542277025,0.014089338603712982
3090.0,0.15971915734009184,0.04568504957897037,0.07931746629197786,0.06568143620354541,0.010588259647770007
3091.0,0.15849998462853088,0.043588836650381955,0.07399572616863341,0.06208837323212694,0.008018254474204494
3092.0,0.1572808119169699,0.04143675053181664,0.06875933309632598,0.05827269667315881,0.006156386941188468
3093.0,0.15606163920540891,0.03927555004595431,0.0637323101330297,0.05431447386117711,0.004826519979791522
3094.0,0.15484246649384795,0.037144235904665465,0.059016103275059205,0.050291768214663024,0.003891889519229315
3095.0,0.15362329378228695,0.0350728435843458,0.05468529643328981,0.04627794107371894,0.0032478538981050974
3096.0,0.15254321821426187,0.03308194860969962,0.050785304044510045,0.042339156151787564,0.002815262244199447
3097.0,0.1514715557799184,0.031182887893102206,0.04733218414230976,0.03853227114937157,0.002534694225699159
3098.0,0.1503998933455749,0.029378633500976914,0.044314515415914246,0.034903285655135376,0.0023616731594250807
3099.0,0.14932823091123146,0.02766519665982572,0.041697093633438646,0.031486472300147256,0.002262845116439134
3100.0,0.14825656847688798,0.02603339710391838,0.03942604715861688,0.028304254778961178,0.0022130443949388763
3101.0,0.14718490604254447,0.02447081057850716,0.03743486419016441,0.025367821325525043,0.0021931242025625126
3102.0,0.146113243608201,0.02296370687131155,0.03565077478611257,0.02267838710521157,0.002188413548162133
3103.0,0.1449716006047937,0.021498810430384874,0.03400094006552774,0.0202289551565249,0.002187660487943088
3104.0,0.14369314165737396,0.0200647511225755,0.032417963500012886,0.018006382152238255,0.002182332261694801
3105.0,0.14241468270995422,0.01865311801811446,0.030844343579503455,0.01599353777920482,0.002166159929107653
3106.0,0.14113622376253446,0.017259077719635297,0.02923561839610966,0.014171355959118075,0.0021348354560243657
3107.0,0.13985776481511475,0.01588156463875333,0.027562094456085012,0.01252060919303267,0.0020857903620011505
3108.0,0.13857930586769499,0.014523088997820486,0.02580918860483612,0.011023287417387525,0.0020180053380870386
3109.0,0.13730084692027525,0.013189236181104805,0.023976530044726257,0.009663521391481003,0.0019318185498332955
3110.0,0.1360223879728555,0.011887947199913854,0.022076059363221823,0.00842804894350507,0.0018287159322774324
3111.0,0.13476801579395223,0.010628674917108108,0.020129417813810526,0.007306272650340875,0.001711099241770115
3112.0,0.13352237974870768,0.009421505953959507,0.0181649416064371,0.006289994174474636,0.0015820367815484566
3113.0,0.13227674370346318,0.00827632624222422,0.01621456527638033,0.0053729307401271,0.001445007608337326
3114.0,0.13103110765821868,0.007202091588449095,0.014310900909291907,0.004550123082128733,0.0013036528969005365
3115.0,0.12978547161297418,0.006206245849344405,0.012484703661791502,0.0038173339617408966,0.001161548400824895
3116.0,0.12853983556772966,0.00529431046021036,0.010762867043524547,0.003170515920359431,0.0010220101476339169
3117.0,0.12729419952248516,0.00446965170527614,0.009167022048943584,0.002605400961087047,0.0008879422747896429
3118.0,0.1260808493732368,0.0037334173602294064,0.007712749631736172,0.002117237827985662,0.0007617319037846575
3119.0,0.12508495422937477,0.003084622814498835,0.006409361726863095,0.0017006782516596098,0.0006451917774162217
3120.0,0.12408905908551277,0.0025203587634914848,0.005260165573522919,0.0013497945428971338,0.0005395475722194321
3121.0,0.12309316394165072,0.0020360880242024574,0.004263100954738042,0.0010581985385763363,0.0004454637319771811
3122.0,0.1220972687977887,0.0016259977176108636,0.0034116297611353126,0.0008192262262375292,0.00036309958249613106
3123.0,0.12110137365392669,0.001283374547560018,0.0026957601336360516,0.0006261525420450326,0.00029218646045018156
3124.0,0.12010547851006467,0.0010009746266462108,0.0021031004596980814,0.0004724054002654774,0.0002321165608803839
3125.0,0.11910958336620264,0.0007713646078687839,0.0016198583129279907,0.00035175527796231786,0.0001820350144933758
3126.0,0.11829374037082821,0.0005872170945016496,0.0012317226395105062,0.0002584650165065153,0.00014092811709013359
3127.0,0.1176409880896636,0.0004415497579961156,0.0009245910766234718,0.00018739256280003784,0.00010770239403334644
3128.0,0.11698823580849901,0.000327903707156963,0.0006851258378847349,0.00013404620801158167,8.125104826050633e-05
3129.0,0.11633548352733442,0.00024046195424125185,0.0005011394821883647,9.459696565162077e-05,6.0506104877055696e-05
3130.0,0.1156827312461698,0.0001741129994249365,0.0003618252331870757,6.585591986525261e-05,4.447607773483634e-05
3131.0,0.1150299789650052,0.00012446745157772453,0.00025785516527904493,4.522581620146128e-05,3.227015356045831e-05
3132.0,0.11437722668384062,8.78372215855168e-05,0.00018137388743816034,3.063619322358346e-05,2.3110684934395897e-05
3133.0,0.11372447440267602,6.118729289259459e-05,0.00012591607019362484,2.0470379782970943e-05,1.6336220501208466e-05
3134.0,0.11298167936449781,4.206960991518561e-05,8.627418964826238e-05,1.3491125562795108e-05,1.1397429341803322e-05
3135.0,0.11223107069864487,2.8547492457006485e-05,5.83391521665228e-05,8.769851009912538e-06,7.848166358628064e-06
3136.0,0.11148046203279192,1.9117453649979744e-05,3.893187488700865e-05,5.622769374728955e-06,5.333653156654579e-06
3137.0,0.11072985336693895,1.263361477757069e-05,2.5639131768411164e-05,3.5556256755147927e-06,3.5773864501654366e-06
3138.0,0.10997924470108601,8.238269623112616e-06,1.6662541465338895e-05,2.217605741648512e-06,2.367994402914363e-06
3139.0,0.10922863603523307,5.300692915487518e-06,1.068578909290832e-05,1.364114913827645e-06,1.5468864368648008e-06
3140.0,0.10847802736938011,3.3650931192091535e-06,6.762187894699936e-06,8.275846720361654e-07,9.972140883905208e-07
3141.0,0.10766502500925203,2.1077094099273443e-06,4.222516731231171e-06,4.951832628325813e-07,6.34395282204458e-07
3142.0,0.10671671102298516,1.3024370118904374e-06,2.6016426707946357e-06,2.922195077170474e-07,3.9825617391525855e-07
3143.0,0.10576839703671831,7.939987182406077e-07,1.5816305483519912e-06,1.7007492740592494e-07,2.467094233945121e-07
3144.0,0.10482008305045144,4.775140304634126e-07,9.48708907136461e-07,9.762424385522122e-08,1.5080626979270426e-07
3145.0,0.10387176906418456,2.832978319525894e-07,5.614631498602238e-07,5.526626442091567e-08,9.096063513584083e-08
3146.0,0.10292345507791767,1.6579822320874307e-07,3.278386098183011e-07,3.0856491692876044e-08,5.413500810412148e-08
3147.0,0.1019751410916508,9.571628441263977e-08,1.8886006031863947e-07,1.6990890780937323e-08,3.1789522956765776e-08
3148.0,0.10102682710538394,5.450696025453167e-08,1.0733771733183675e-07,9.227163751964899e-09,1.841881133228438e-08
3149.0,0.10023731432869717,3.0617519966118254e-08,6.018499311678105e-08,4.941994106582357e-09,1.0529359153727316e-08
3150.0,0.09951234108103756,1.696416699574734e-08,3.329197184269668e-08,2.610463793597731e-09,5.938766860707652e-09
3151.0,0.09878736783337794,9.271134116860014e-09,1.8167637908794055e-08,1.3599226430509717e-09,3.3047311898330615e-09
3152.0,0.09806239458571832,4.9976400168415955e-09,9.780422869936364e-09,6.987012317008261e-10,1.8143177440115334e-09
3153.0,0.0973374213380587,2.657195171684293e-09,5.1940958895490776e-09,3.5403755662735126e-10,9.826978727910705e-10
3154.0,0.09661244809039908,1.3934887300803075e-09,2.7211266577600893e-09,1.7692429666960722e-10,5.251078999669706e-10
3155.0,0.09588747484273946,7.207765154723784e-10,1.4062665919926492e-09,8.719784867615478e-11,2.7681630068767566e-10
3156.0,0.09519609253962613,3.677147420060586e-10,7.169034154463341e-10,4.238420828564102e-11,1.4396016621158336e-10
3157.0,0.09478663423538365,1.8502533017490888e-10,3.60513910398152e-10,2.0318061973650782e-11,7.385737663234583e-11
3158.0,0.09437717593114119,9.182436098744016e-11,1.788324802887941e-10,9.605949413501112e-12,3.738004772754516e-11
3159.0,0.09396771762689873,4.494572542635734e-11,8.750415492980663e-11,4.478968871753885e-12,1.8662684707560885e-11
3160.0,0.09355825932265625,2.1698019283769243e-11,4.22341775044323e-11,2.059659675423633e-12,9.191593609288817e-12
3161.0,0.09314880101841379,1.0331199081739263e-11,2.010703150138318e-11,9.34098149778845e-13,4.465646506678771e-12
3162.0,0.09273934271417134,4.851525014540131e-12,9.442264175974268e-12,4.178006774946791e-13,2.1401754025336207e-12
3163.0,0.09232988440992886,2.246988746606721e-12,4.373655512723008e-12,1.842999923146506e-13,1.0117677099059526e-12
3164.0,0.09192214585462885,1.0264007495642846e-12,1.9982482361347458e-12,8.017907031822508e-14,4.718172889231307e-13
3165.0,0.09151611401987024,4.624076360967013e-13,9.005071523613166e-13,3.4401407771588533e-14,2.1703205537068321e-13
3166.0,0.09111008218511163,2.0545830141314002e-13,4.002712471113212e-13,1.4556966930186334e-14,9.847512723943588e-14
3167.0,0.09070405035035302,9.003510411399041e-14,1.7548821580412862e-13,6.074982654905437e-15,4.4073517467002955e-14
3168.0,0.09029801851559441,3.89124410563839e-14,7.588656349004843e-14,2.500337552688982e-15,1.9456890835682398e-14
3169.0,0.08989198668083581,1.6586416348893766e-14,3.2366995312514325e-14,1.0149197164556998e-15,8.472469570814718e-15
3170.0,0.0894859548460772,6.972737017544396e-15,1.3616259873479676e-14,4.0629752023083413e-16,3.639015563804746e-15
3171.0,0.08907992301131856,2.89094538406873e-15,5.649743929068109e-15,1.6041171562149898e-16,1.5416713087743015e-15
3172.0,0.08858705036216173,1.1821203345492304e-15,2.3121333196042144e-15,6.246078239642148e-17,6.44214491702768e-16
3173.0,0.08808424253508648,4.767251686939571e-16,9.332714673375901e-16,2.3986019157067543e-17,2.655198694428598e-16
3174.0,0.08758143470801122,1.8960881418874497e-16,3.715455636508559e-16,9.084234754199038e-18,1.0794153091731292e-16
3175.0,0.08707862688093596,7.437594966828547e-17,1.4588923313463885e-16,3.3931099641477026e-18,4.3281515991460196e-17
3176.0,0.08657581905386068,2.877329846160555e-17,5.649886016934626e-17,1.2499335670929108e-18,1.7117336093665213e-17
3177.0,0.08607301122678543,1.0978158869188156e-17,2.1580412453362457e-17,4.541040098902753e-19,6.677091621618807e-18
3178.0,0.08557020339971015,4.130967294498171e-18,8.129836976925013e-18,1.6270584318135563e-19,2.568938403918662e-18
3179.0,0.08503994390962749,1.5330491315906428e-18,3.0206785114728565e-18,5.749503845489735e-20,9.748395179677332e-19
3180.0,0.08444337261020232,5.611024715742035e-19,1.1069458405256298e-18,2.003719813378922e-20,3.6485780628983174e-19
3181.0,0.08384680131077717,2.0253954523366415e-19,4.0007936209574e-19,6.886888005085531e-21,1.3468627947167458e-19
3182.0,0.08325023001135201,7.210390657471218e-20,1.4261415393743908e-19,2.334470830396816e-21,4.903774506561243e-20
3183.0,0.08265365871192684,2.531563790260129e-20,5.01388867146907e-20,7.80428796292181e-22,1.7609352008070658e-20
3184.0,0.08205708741250167,8.765968186189045e-21,1.738526295273653e-20,2.573105077475383e-22,6.236780080475282e-21
3185.0,0.08146051611307652,2.9935855868611202e-21,5.945404032750962e-21,8.366834139100987e-23,2.1786134114047367e-21
3186.0,0.08086394481365135,1.0082404058618366e-21,2.005275700747022e-21,2.6831453476252e-23,7.505872868686668e-22
3187.0,0.08033961600677401,3.349014422357322e-22,6.670502523352535e-22,8.486070590726396e-24,2.5504816806983963e-22
3188.0,0.07984801584292943,1.0971103770899208e-22,2.1884364998049584e-22,2.646966725601706e-24,8.547555838782293e-23
3189.0,0.07935641567908484,3.544572876531011e-23,7.081080396577558e-23,8.1427241897234635e-25,2.825265412005491e-23
3190.0,0.07886481551524023,1.1294257531511797e-23,2.2597197057835122e-23,2.470417573501486e-25,9.210284166615643e-24
3191.0,0.07837321535139564,3.54920896020186e-24,7.11210944516077e-24,7.391803479489763e-26,2.9612989031544697e-24
3192.0,0.07788161518755105,1.0999817623335047e-24,2.207651323835844e-24,2.1812721611794954e-26,9.39043973684248e-25
3193.0,0.07739001502370646,3.3621676569317767e-25,6.758497346689533e-25,6.3481722403702585e-27,2.9368594936482894e-25
3194.0,0.0768988273286701,1.0135219392995027e-25,2.0405953267129585e-25,1.822077926902473e-27,9.058850770364496e-26
3195.0,0.07641215804194185,3.0131919304137085e-26,6.076453759932504e-26,5.157801126608048e-28,2.7558459112324196e-26
3196.0,0.0759254887552136,8.834871620057026e-27,1.7845536329081236e-26,1.4399308574350695e-28,8.268522018872083e-27
3197.0,0.07543881946848537,2.5547796837764007e-27,5.168858802840967e-27,3.964588207639494e-29,2.4467593735114313e-27
3198.0,0.07495215018175712,7.285953409865802e-28,1.476539185931116e-27,1.0765493207759274e-29,7.140759085102209e-28
3199.0,0.07446548089502888,2.0492692190003888e-28,4.159873699720612e-28,2.883030108425283e-30,2.0553539316190084e-28
3200.0,0.07397881160830065,5.684487349028865e-29,1.155845568089466e-28,7.614542669608455e-31,5.834684530506439e-29
3201.0,0.07349214232157242,1.5551175586201416e-29,3.16740532370147e-29,1.983434538826137e-31,1.6335638314801977e-29
3202.0,0.0730537737593455,4.195799765375545e-30,8.56034605316003e-30,5.09531829433037e-32,4.510682761911623e-30
3203.0,0.07266792265153672,1.1164669475646457e-30,2.2817210860514416e-30,1.2909343766741371e-32,1.2283875696341879e-30
3204.0,0.07228207154372794,2.929925340527443e-31,5.998146533948475e-31,3.2256438418631864e-33,3.2992485517242667e-31
3205.0,0.07189622043591916,7.583100067143344e-32,1.555086716162033e-31,7.948918802236198e-34,8.739381854523791e-32
3206.0,0.07151036932811036,1.9356041921859667e-32,3.97626149152317e-32,1.931875382002231e-34,2.283137401783155e-32
3207.0,0.0711245182203016,4.872656997160649e-33,1.0027157225915826e-32,4.630517778307161e-35,5.882590960690701e-33
3208.0,0.0707386671124928,1.2097472269952852e-33,2.4938082949221076e-33,1.0946099807091172e-35,1.494824352505445e-33
3209.0,0.07035281600468402,2.962121890480518e-34,6.116887080691948e-34,2.5519293783541773e-36,3.746245642282215e-34
3210.0,0.06996962714416997,7.153040796766403e-35,1.4797209995000997e-34,5.867556762081928e-37,9.259479905727434e-35
3211.0,0.06958682025826776,1.7035620443730904e-35,3.530295151303327e-35,1.3305320724795345e-37,2.2571524634657168e-35
3212.0,0.06920401337236556,4.0013328319920904e-36,8.30661040140246e-36,2.9755879811188495e-38,5.426488370785513e-36
3213.0,0.06882120648646337,9.268956875200357e-37,1.9276055349125837e-36,6.562958289283089e-39,1.2866495585359299e-36
3214.0,0.06843839960056117,2.1175637838306035e-37,4.411576826865464e-37,1.4275978738266197e-39,3.008741283358139e-37
3215.0,0.06805559271465897,4.771133727377813e-38,9.957510164259147e-38,3.0626089046872478e-40,6.938927576832972e-38
3216.0,0.06767278582875676,1.0601959043522705e-38,2.2166073983899936e-38,6.479725219088894e-41,1.5782746718581158e-38
3217.0,0.06729078790068906,2.3234326855868263e-39,4.8663998934342547e-39,1.3520757950207935e-41,3.5404245067720496e-39
3218.0,0.06691097757690621,5.0217316648184975e-40,1.0536774830291096e-39,2.782434097622971e-42,7.832680595985357e-40
3219.0,0.06653116725312337,1.0704252431810134e-40,2.2500304525386763e-40,5.647134551753533e-43,1.7090219623815567e-40
3220.0,0.06615135692934053,2.250290622388695e-41,4.738597183320208e-41,1.1303443933416707e-43,3.677619976638629e-41
3221.0,0.06577154660555769,4.6655226688445775e-42,9.842191279562436e-42,2.231376389679335e-44,7.804909591827423e-42
3222.0,0.06539173628177485,9.539847235613862e-43,2.0161105550204142e-42,4.344244725925679e-45,1.6336182484415237e-42
3223.0,0.065011925957992,1.9238090217403514e-43,4.073027510519688e-43,8.341326707711996e-46,3.3722115243193367e-43
3224.0,0.06463211563420916,3.8261492952814525e-44,8.11522810435079e-44,1.5795572852665452e-46,6.865314582307619e-44
3225.0,0.06419188075323724,7.504837334794529e-45,1.594646566941696e-44,2.9499525490553525e-47,1.3784383753685353e-44
3226.0,0.06372126095207882,1.4517775274480506e-45,3.0903553070570386e-45,5.43343004198858e-48,2.7295775140147724e-45
3227.0,0.06325064115092038,2.7697353167323745e-46,5.906532405278613e-46,9.869894924917329e-49,5.3307039474411e-46
3228.0,0.06278002134976195,5.211417651798499e-47,1.1133633444270062e-46,1.7681958982193826e-49,1.0267262110296185e-46
3229.0,0.06230940154860352,9.670588442416155e-48,2.069766474494886e-47,3.124119434044901e-50,1.9503187357913653e-47
3230.0,0.06183878174744508,1.7698209513944958e-48,3.794773266442179e-48,5.443826535759278e-51,3.653737185359251e-48
3231.0,0.06136816194628665,3.194369653438912e-49,6.861677911635355e-49,9.355356208615588e-52,6.750713891358958e-49
3232.0,0.06090346659732566,5.686177576174808e-50,1.223643184091369e-49,1.5856078162893656e-52,1.2301064756465478e-49
3233.0,0.06053022997916265,9.982402385567888e-51,2.1520838870730136e-50,2.6503951492916967e-53,2.2106309142730127e-50
3234.0,0.06015699336099965,1.728339803771174e-51,3.732875404644401e-51,4.369229710302049e-54,3.918052360123389e-51
3235.0,0.059783756742836654,2.9512268755092826e-52,6.3856874477681296e-52,7.103600487155771e-55,6.848644587232679e-52
3236.0,0.05941052012467365,4.969989455606458e-53,1.077337198754867e-52,1.13902059988832e-55,1.180645070221821e-52
3237.0,0.05903728350651065,8.254442410262997e-54,1.792567254966411e-53,1.801208671084711e-56,2.0073096177151578e-53
3238.0,0.05866404688834765,1.352070758672404e-54,2.94156900476356e-54,2.809156142633127e-57,3.3658100062186186e-54
3239.0,0.058290810270184644,2.1841904424812276e-55,4.760607496832821e-55,4.320829506253098e-58,5.566023078188242e-55
3240.0,0.0578768249368819,3.4798537149938748e-56,7.59845755401923e-56,6.5544730277667005e-59,9.077798415787243e-56
3241.0,0.057414280718037614,5.467778030098639e-57,1.1961019975482676e-56,9.805908384464376e-60,1.4601455454720344e-56
3242.0,0.05695173649919334,8.473057745867915e-58,1.8569092406661236e-57,1.446829256741315e-60,2.3162839674613486e-57
3243.0,0.05648919228034906,1.294937653198342e-58,2.8431044036052426e-58,2.105358863684653e-61,3.623826987895641e-58
3244.0,0.056026648061504786,1.9518073724111672e-59,4.293135437616281e-59,3.021442849825028e-62,5.591432322080574e-59
3245.0,0.0555641038426605,2.901378917085289e-60,6.393460782552716e-60,4.276436573381348e-63,8.508610031195791e-60
3246.0,0.05510155962381623,4.2535481112604125e-61,9.390247526394509e-61,5.969378076851244e-64,1.276950501273786e-60
3247.0,0.05463901540497195,6.150035878633409e-62,1.3601840554858736e-61,8.217799433308342e-65,1.8900329377540762e-61
3248.0,0.054180191298442815,8.76967200838475e-63,1.9431123391789285e-62,1.1157358528149768e-65,2.758954385341035e-62
3249.0,0.05372201489003999,1.2332992100990393e-63,2.737648699788875e-63,1.4939863869171232e-66,3.971910725938869e-63
3250.0,0.05326383848163717,1.710538907648875e-64,3.803970081664391e-64,1.9729282513787462e-67,5.6394171751426897e-64
3251.0,0.052805662073234345,2.3397898986742094e-65,5.212859534127715e-65,2.5695397668691347e-68,7.89675617752084e-65
3252.0,0.052347485664831515,3.1564591071676586e-66,7.045219000644292e-66,3.300492840453964e-69,1.0905434531809415e-65
3253.0,0.051889309256428685,4.19955113461388e-67,9.390581977322707e-67,4.181014240553047e-70,1.485309436161578e-66
3254.0,0.05143113284802586,5.5104235415371095e-68,1.2344401693153427e-67,5.223527658239711e-71,1.9951272710043388e-67
3255.0,0.05097401573966731,7.130935178275261e-69,1.600394686224711e-68,6.43614101020553e-72,2.643041309821955e-68
3256.0,0.05052012542221286,9.100964012369824e-70,2.046273435490004e-69,7.821077737303542e-73,3.453162064769356e-69
3257.0,0.050066235104758404,1.145533267363226e-70,2.5803566369263477e-70,9.373182104093433e-74,4.449483692645639e-70
3258.0,0.04961234478730396,1.4220256021688126e-71,3.2090412504342736e-71,1.1078651648851274e-74,5.654339882708495e-71
3259.0,0.04915845446984952,1.7409509102493867e-72,3.935957083653609e-72,1.2914159891440449e-75,7.086533100396122e-72
3260.0,0.04870456415239507,2.1020596500059156e-73,4.7610735753916035e-73,1.484652491742096e-76,8.759217993177623e-73
3261.0,0.04825067383494061,2.503127356176934e-74,5.679876722378819e-74,1.6833051958723438e-77,1.067766872037647e-73
3262.0,0.04779678351748617,2.9396813536192875e-75,6.682706686961991e-75,1.8822630485142248e-78,1.2837106115407312e-74
3263.0,0.047345596328435734,3.404842043947414e-76,7.754349262068075e-76,2.0757601448906634e-79,1.5220796864078097e-75
3264.0,0.046895912654592274,3.889314662083599e-77,8.873966403885262e-77,2.257633401703158e-80,1.779865595484234e-76
3265.0,0.046446228980748815,4.381558281471454e-78,1.0015431428048286e-77,2.4216371734065974e-81,2.0526579075931036e-77
3266.0,0.04599654530690535,4.8681449967501615e-79,1.1148103680923733e-78,2.5617935480653736e-82,2.3346699090606473e-78
3267.0,0.04554686163306189,5.3343046792631294e-80,1.2238037746286429e-79,2.672751491123328e-83,2.6188699196007178e-79
3268.0,0.04509717795921843,5.764631232312923e-81,1.3249577388001919e-80,2.750124997035635e-84,2.89722279283346e-80
3269.0,0.04464749428537497,6.143907143636646e-82,1.4147239609680653e-81,2.7907805446250354e-85,3.1610355188453443e-81
3270.0,0.04420134344532898,6.457986851883233e-83,1.489775522952382e-82,2.793047618046583e-86,3.401389510961412e-82
3271.0,0.043844573300358756,6.694668390576252e-84,1.547210483413341e-83,2.7568325843654984e-87,3.6096314635274764e-83
3272.0,0.04348780315538855,6.844478810600364e-85,1.5847377419215823e-84,2.6836251092391654e-88,3.777886062046741e-84
3273.0,0.043131033010418325,6.901303025171806e-86,1.6008286098727802e-85,2.5763964980820993e-89,3.899548616376899e-85
3274.0,0.042774262865448116,6.862797917893743e-87,1.5948201190990163e-86,2.4393996308442584e-90,3.9697148143552026e-86
3275.0,0.04241749272047791,6.730552633420928e-88,1.5669603388233182e-87,2.2778892624966477e-91,3.9855086617998426e-87
3276.0,0.042060722575507685,6.509979769399575e-89,1.5183913840928368e-88,2.0977883110685683e-92,3.946278053430247e-88
3277.0,0.041703952430537476,6.209947852035617e-90,1.4510717376214693e-89,1.9053296025751579e-93,3.853639441026021e-89
3278.0,0.041386585371568946,5.842189873438936e-91,1.3676452476116744e-90,1.7067030670886818e-94,3.7113673348636384e-90
3279.0,0.0411207188372868,5.420542852664506e-92,1.2712690116285075e-91,1.5077357167886606e-95,3.5251391651055494e-91
3280.0,0.04085485230300465,4.960087030722635e-93,1.1654157477618128e-92,1.313626427744445e-96,3.3021595369906796e-92
3281.0,0.0405889857687225,4.4762590446232505e-94,1.0536678372872838e-93,1.1287504364710275e-97,3.0506985233437394e-93
3282.0,0.04032311923444036,3.98401097773601e-95,9.395199006578055e-95,9.56540550034145e-99,2.779585161052811e-94
3283.0,0.040057252700158225,3.4970773748054086e-96,8.26204699746986e-96,7.99444354357111e-100,2.497699152040941e-95
3284.0,0.039791386165876075,3.027396862706959e-97,7.165537196047656e-97,6.589500485856239e-101,2.2135009596827768e-96
3285.0,0.03952551963159393,2.584716241204092e-98,6.128994951480558e-98,5.3566854989456845e-102,1.9346336901629696e-97
3286.0,0.03926085406274189,2.1763853159604324e-99,5.170221944703373e-99,4.2945652288992974e-103,1.6676204769577997e-98
3287.0,0.03899643639959792,1.8073326839817602e-100,4.301387047147762e-100,3.395640135742236e-104,1.4176699399444325e-99
3288.0,0.03873201873645393,1.480198016855004e-101,3.529289399162025e-101,2.647911787963727e-105,1.1885911126829496e-100
3289.0,0.038467601073309945,1.1955863103007226e-102,2.8559160154233265e-102,2.0364078752613324e-106,9.828093076923854e-102
3290.0,0.03820318341016597,9.524045233192118e-104,2.279202974121908e-103,1.544562273588757e-107,8.014666864544787e-103
3291.0,0.03793876574702198,7.482407646961615e-105,1.7939072459744655e-104,1.155381682459696e-108,6.445863733700615e-104
3292.0,0.037674348083878005,5.797498982664903e-106,1.3925037540103452e-105,8.523636747077404e-110,5.112769265739511e-105
3293.0,0.037410251929254984,4.430159853051612e-107,1.0660367437095479e-106,6.201600531879071e-111,3.99954598615927e-106
3294.0,0.037147267431212945,3.3387008924503542e-108,8.04873042076805e-108,4.450020827263101e-112,3.085635488975248e-107
3295.0,0.036884282933170906,2.481504284767718e-109,5.993244519906937e-109,3.149196056963406e-113,2.3477830950808664e-108
3296.0,0.03662129843512887,1.8189968446814466e-110,4.4012498111603684e-110,2.1979446648592757e-114,1.761776222493837e-109
3297.0,0.03635831393708683,1.3150075978594987e-111,3.1876413266013805e-111,1.512910406141749e-115,1.3038359122792102e-110
3298.0,0.03609532943904478,9.375705959895402e-113,2.2768912291753563e-112,1.0270440377185887e-116,9.516440875877655e-112
3299.0,0.03583234494100274,6.592635962004957e-114,1.6039636636643813e-113,6.876133841378519e-118,6.850236851513608e-113
3300.0,0.035569360442960704,4.5718672520792385e-115,1.1143616875605818e-114,4.5402417434039864e-119,4.863131800016137e-114
3301.0,0.03530725460359206,3.126853460375638e-116,7.635495478931248e-116,2.9566031361564474e-120,3.4049121345905275e-115
3302.0,0.035045687818624265,2.1091178410238834e-117,5.159738373365305e-117,1.8988317691690832e-121,2.3511221592462367e-116
3303.0,0.034784121033656475,1.4030513382129306e-118,3.4387257627343345e-118,1.2027056338377326e-122,1.6011200484059567e-117
3304.0,0.034522554248688685,9.205039985174631e-120,2.2601996732451137e-119,7.5129690807286055e-124,1.0753553768773241e-118
3305.0,0.034260987463720895,5.956034386738921e-121,1.465127692825013e-120,4.6285318631948424e-125,7.122944166525676e-120
3306.0,0.033999420678753105,3.8007395810908965e-122,9.366633991975956e-122,2.812252517015519e-126,4.653143888276674e-121
3307.0,0.033737853893785315,2.391984884601347e-123,5.905695171368491e-123,1.6851740802265544e-127,2.9978702818683395e-122
3308.0,0.03347630843976212,1.4846638987626137e-124,3.6722979169137527e-124,9.958974655122533e-129,1.9048404430761537e-123
3309.0,0.03321614416440135,9.08818723438023e-126,2.2520819455994058e-125,5.8044875462978895e-130,1.1936686306571778e-124
3310.0,0.032955979889040574,5.486631383458253e-127,1.3621027646985492e-126,3.3365108421063286e-131,7.377145836897767e-126
3311.0,0.03269581561367981,3.2667334606389374e-128,8.124842716808365e-128,1.8914749639532628e-132,4.496476906255692e-127
3312.0,0.03243565133831905,1.91823150114095e-129,4.7796869505793854e-129,1.057518696125176e-133,2.702936077531465e-128
3313.0,0.03217548706295827,1.1108815055415882e-130,2.7730860487815166e-130,5.831159368575014e-135,1.6024282474511367e-129
3314.0,0.031915322787597504,6.344740357658037e-132,1.5867431821796208e-131,3.1710359680891562e-136,9.369163498294485e-131
3315.0,0.03165515851223673,3.5738751140004046e-133,8.954252523133876e-133,1.7006965286616957e-137,5.4025954906320236e-132
3316.0,0.03143092300321568,1.9853829615252762e-134,4.983465280221845e-134,8.995636179910893e-139,3.072440588294943e-133
3317.0,0.0312582519273674,1.087748789409872e-135,2.7353502107478636e-135,4.692630292479415e-140,1.7232327635945833e-134
3318.0,0.031085580851519124,5.877495792155852e-137,1.4807230599862995e-136,2.414238643595388e-141,9.531994870740315e-136
3319.0,0.03091290977567086,3.132098742852368e-138,7.905223332473411e-138,1.2249643641453076e-142,5.199996647839788e-137
3320.0,0.030740238699822585,1.6461066281642048e-139,4.1623045059336294e-139,6.129797282086318e-144,2.797703808164024e-138
3321.0,0.03056756762397431,8.532177507631429e-141,2.161389094592899e-140,3.0251587501805577e-145,1.4844986626634315e-139
3322.0,0.030394896548126035,4.361553467140185e-142,1.1069078410396283e-141,1.4724129472823247e-146,7.768502207570267e-141
3323.0,0.030222225472277757,2.1988819760338785e-143,5.590740996759286e-143,7.067901451750327e-148,4.0093519580059246e-142
3324.0,0.029911844296564346,1.0933067721227647e-144,2.784881264419093e-144,3.3460370337170653e-149,2.0407531542813005e-143
3325.0,0.029568334747770143,5.361194422038351e-146,1.3681174895762696e-145,1.5622495253848566e-150,1.0244391712891892e-144
3326.0,0.029224825198975936,2.59274900346421e-147,6.628564814580401e-147,7.1936525784674935e-152,5.071790210434586e-146
3327.0,0.028881315650181722,1.2366272009515482e-148,3.1673424435836956e-148,3.266840399499875e-153,2.4763714651038436e-147
3328.0,0.028537806101387515,5.81696584995641e-150,1.4926223415276723e-149,1.46313963788212e-154,1.1924761613710756e-148
3329.0,0.028194296552593312,2.698569660555356e-151,6.937225598712216e-151,6.462834494248517e-156,5.663214683998749e-150
3330.0,0.02785078700379911,1.2346678873501818e-152,3.185565869489277e-152,2.8153973190559e-157,2.6525021796340515e-151
3331.0,0.027524903277753265,5.571165654108304e-154,2.7524315433255855e-153,1.209583213920363e-158,1.2252589340722125e-152
3332.0,0.02726885771731419,2.4792561060683274e-155,2.9572393473882537e-152,5.125204630585832e-160,5.581866052907336e-154
3333.0,0.027012812156875118,1.0881182918133217e-156,6.530529489892174e-151,2.1417366502136085e-161,2.5079007620497412e-155
3334.0,0.026756766596436044,4.7098842137898164e-158,1.4253717485645308e-149,8.826739860153674e-163,1.1112728095857793e-156
3335.0,0.02650072103599697,2.010591075211937e-159,3.0682388520180625e-148,3.587682367831796e-164,4.8563550757269245e-158
3336.0,0.02624467547555789,8.464799393338555e-161,6.513727515282684e-147,1.4381594693451806e-165,2.0930498955943978e-159
3337.0,0.025988629915118817,3.514705897839535e-162,1.363795990234922e-145,5.685641916490208e-167,8.896683354295703e-161
3338.0,0.025732584354679747,1.4392648203204807e-163,2.816103624100633e-144,2.2168247592473205e-168,3.729547042487102e-162
3339.0,0.025477341152215893,5.812618639300949e-165,5.734918544932542e-143,8.524376488533372e-170,1.5419257060184073e-163
3340.0,0.025222639669149328,2.3151671435212227e-166,1.1518217531169941e-141,3.2327586457515547e-171,6.287097733026569e-165
3341.0,0.024967938186082766,9.094362698928836e-168,2.2815116924380524e-140,1.2091031183988147e-172,2.5282288196102225e-166
3342.0,0.0247132367030162,3.52323483246638e-169,4.456968056104376e-139,4.459978865620367e-174,1.0026790640458253e-167
3343.0,0.02445853521994963,1.3461402543556659e-170,8.586886927595622e-138,1.6224886234554516e-175,3.9218133408827223e-169
3344.0,0.02420383373688307,5.072457674596073e-172,1.6315912474907174e-136,5.821165140562924e-177,1.5128340655130111e-170
3345.0,0.023949132253816504,1.8850633616176457e-173,3.057499465575535e-135,2.059764551581861e-178,5.7553941901871e-172
3346.0,0.023694430770749942,6.908963100064572e-175,5.650681288304207e-134,7.187943248607462e-180,2.159425651050065e-173
3347.0,0.023357525265554617,2.4973487440247406e-176,1.0299464281521706e-132,2.47383721871978e-181,7.99062667449763e-175
3348.0,0.023019989844480924,8.90276510328673e-178,1.8514323972185068e-131,8.397213511498742e-183,2.916102790408779e-176
3349.0,0.022682454423407234,3.130041067700495e-179,3.2823166983007183e-130,2.919946929491679e-184,1.0495526248398153e-177
3350.0,0.022344919002333548,1.085311879699385e-180,5.738950851784482e-129,3.420064724457499e-184,3.725503816015184e-179
3351.0,0.02200738358125985,3.711406105806634e-182,9.896096666048432e-128,1.001087364957902e-182,1.30420304203702e-180
3352.0,0.021669848160186165,1.2517044582877073e-183,1.682963714016547e-126,2.970364674241385e-181,4.502822296461472e-182
3353.0,0.021332312739112475,4.163365320765703e-185,2.8227016422522243e-125,8.692406796376778e-180,1.5332176485142874e-183
3354.0,0.02106057087720597,1.3657356366325905e-186,4.669115310427449e-124,2.508705767920751e-178,5.148754850979775e-185
3355.0,0.020892679633200475,4.418431874517943e-188,7.616994172410371e-123,7.140667551433125e-177,1.7052184434229883e-186
3356.0,0.02072478838919499,1.409772662654121e-189,1.225496420715971e-121,2.0045057200561207e-175,5.5697696075869325e-188
3357.0,0.020556897145189497,4.436182521805299e-191,1.9445533871249014e-120,5.549516995929981e-174,1.7942123570654047e-189
3358.0,0.02038900590118401,1.3767311158728519e-192,3.0430360340211e-119,1.5152436469692085e-172,5.700196909845447e-191
3359.0,0.02022111465717852,4.213744997516075e-194,4.696493430348459e-118,4.0802724020563426e-171,1.7860157149840255e-192
3360.0,0.020053223413173032,1.2719404293518888e-195,7.14857936787298e-117,1.0836155886168948e-169,5.5189962113799e-194
3361.0,0.019885332169167543,3.786558700777337e-197,1.073112287221311e-115,2.838185195194343e-168,1.6819547918323811e-195
3362.0,0.01965253810997066,1.1117368876920493e-198,1.5887296178939158e-114,7.331378079305165e-167,5.055311759515157e-197
3363.0,0.01940178550482275,3.219131650307713e-200,2.3197127865885265e-113,1.8677119740468078e-165,1.4985145740173061e-198
3364.0,0.019151032899674847,9.192949201501829e-202,3.340395122797629e-112,4.69260057630256e-164,4.3807997441478605e-200
3365.0,0.018900280294526936,2.589109288717011e-203,4.7439583290013254e-111,1.1627776518793103e-162,1.263063640895768e-201
3366.0,0.018649527689379025,7.191600394850344e-205,6.644515061821873e-110,2.8415752596559334e-161,3.591504942187033e-203
3367.0,0.01839877508423112,1.971610553302929e-206,9.178360572992639e-109,6.848588144161919e-160,1.0071800288846503e-204
3368.0,0.01814802247908321,1.1220034853301827e-207,1.250392441855109e-107,1.6278798090318648e-158,2.785589683460231e-206
3369.0,0.01789750026725147,2.2148160318169884e-206,1.6799910374830684e-106,3.8161287924233314e-157,7.598127683342869e-208
3370.0,0.017648036884277008,8.192679438409548e-205,2.226111893034078e-105,8.822732472812615e-156,2.0439743046250414e-209
3371.0,0.01739857350130254,2.9906903010773875e-203,2.90915201176278e-104,2.0116971361799448e-154,5.4228011398683825e-211
3372.0,0.01714911011832808,1.0767044791097509e-201,3.7494299160342215e-103,4.523780090332071e-153,1.4188984942525589e-212
3373.0,0.01689964673535361,3.822970945467186e-200,4.7658839777065065e-102,1.0032744957285486e-151,3.661494442905881e-214
3374.0,0.01665018335237915,1.3387049682328693e-198,5.974493471755785e-101,2.1944084127257742e-150,9.318474759241321e-216
3375.0,0.01640071996940468,4.623258246610457e-197,7.386490037243265e-100,4.7336325979725875e-149,2.3388948055428162e-217
3376.0,0.01615125658643022,1.574674631511482e-195,9.006468656388003e-99,1.0070500018406194e-147,5.789698493766836e-219
3377.0,0.015997441730777606,5.289479142322264e-194,1.0830546407936501e-97,2.112938819844644e-146,1.413450515818898e-220
3378.0,0.01591457147817163,1.7523239108596327e-192,1.284474814928916e-96,4.372222048173784e-145,3.40317805272215e-222
3379.0,0.015831701225565653,5.725260675694191e-191,1.5023814724117368e-95,8.922712459727378e-144,8.081056387978281e-224
3380.0,0.015748830972959673,1.8448265641318042e-189,1.733062579740921e-94,1.7958538319427483e-142,1.8924787205953724e-225
3381.0,0.015665960720353696,5.862666931910627e-188,1.971640230086718e-93,3.5647122099065536e-141,4.370924198294603e-227
3382.0,0.01558309046774772,1.8374447971536184e-186,2.212180181088411e-92,6.978424139471425e-140,9.956230606439049e-229
3383.0,0.015500220215141743,5.679534982286413e-185,2.447894651040523e-91,1.347316566695288e-138,2.2366396612032876e-230
3384.0,0.015417349962535767,1.7313730673107932e-183,2.6714333882573506e-90,2.5654369062220514e-137,4.955374693296643e-232
3385.0,0.015334616708264694,5.205326029168001e-182,2.8752484363505962e-89,4.8176187288197684e-136,1.0827704071688072e-233
3386.0,0.015251887751980607,1.543421746199698e-180,3.0520089466192237e-88,8.922425182660692e-135,2.333327282544881e-235
3387.0,0.015169158795696512,4.51336746446501e-179,3.1950350654022847e-87,1.6297192802477424e-133,4.959002676879648e-237
3388.0,0.015086429839412425,1.3016558448901714e-177,3.298715457162263e-86,2.935770431649032e-132,1.039423253963204e-238
3389.0,0.015003700883128331,3.702295267610314e-176,3.35887221759767e-85,5.215678110565818e-131,2.1486709726101502e-240
3390.0,0.014920971926844244,1.0385450283483751e-174,3.3730401363659863e-84,9.138583187355575e-130,4.3805314954168106e-242
3391.0,0.01483824297056015,2.873154698869844e-173,3.3406342992550344e-83,1.5791608128928826e-128,8.807711888410702e-244
3392.0,0.014725470398554909,7.839206226251132e-172,3.262990149964129e-82,2.691245070380142e-127,1.7465410387530036e-245
3393.0,0.014560434453368052,2.109427332508585e-170,3.1432721876058292e-81,4.5233431593747965e-126,3.415654165146526e-247
3394.0,0.014395398508181195,5.598045815438642e-169,2.9862599991253426e-80,7.497996363893165e-125,6.587921132387186e-249
3395.0,0.014230362562994339,1.465169022831399e-167,2.7980317881204007e-79,1.22577374436584e-123,1.2531477913387562e-250
3396.0,0.014065326617807482,3.7819728580300855e-166,2.5855745924448846e-78,1.9763087978421286e-122,2.3509077999302123e-252
3397.0,0.013900290672620625,9.627831645228277e-165,2.3563559687232523e-77,3.1425246527093543e-121,4.349589814807588e-254
3398.0,0.013735254727433768,2.417229953943526e-163,2.1178935431139038e-76,4.928128039005156e-120,7.936708163834139e-256
3399.0,0.013570218782246912,5.98531273290385e-162,1.8773565138618975e-75,7.62192502442944e-119,1.428275287715431e-257
3400.0,0.013405608270486091,1.461622188336594e-160,1.6412274857432819e-74,1.162590479063197e-117,2.5349116938859124e-259
3401.0,0.013241131770254471,3.520163271900224e-159,1.415044863543343e-73,1.7489131843843952e-116,4.437038018349504e-261
3402.0,0.013076655270022853,8.361224559356995e-158,1.2032366090456436e-72,2.5947118877017583e-115,7.659543152730166e-263
3403.0,0.012912178769791232,1.9586478844711264e-156,1.0090466966354408e-71,3.796552689107199e-114,1.304043223972933e-264
3404.0,0.012747702269559612,4.525038182617575e-155,8.345471780782553e-71,5.478594049282536e-113,2.1895784425934135e-266
3405.0,0.012583225769327992,1.0310210414465778e-153,6.807222106752224e-70,7.797012159702732e-112,3.625838303905647e-268
3406.0,0.012418749269096373,2.3168195495003685e-152,5.476061907110267e-69,1.0943763563347819e-110,5.921554883419367e-270
3407.0,0.01225435939343262,5.134477910267577e-151,4.34456378230592e-68,1.5149021847774829e-109,9.537674291454259e-272
3408.0,0.01209043855811193,1.1222245636547537e-149,3.3994088897728634e-67,2.0681492758262897e-108,1.5150557640671108e-273
3409.0,0.011926517722791246,2.419037780702715e-148,2.623252130338669e-66,2.7845727749350555e-107,2.3735268611219264e-275
3410.0,0.011762596887470562,5.142625892772609e-147,1.9964390809631132e-65,3.6975551743029904e-106,3.66723791557445e-277
3411.0,0.01159867605214988,1.0782180877441134e-145,1.4984818648713793e-64,4.842282846593244e-105,5.5880904044750695e-279
3412.0,0.011434755216829191,2.229501116384929e-144,1.1092420378311988e-63,6.254103216276583e-104,8.397831630890497e-281
3413.0,0.011270834381508507,4.546614946413865e-143,8.0980517691537e-63,7.966349121277209e-103,1.244658774235665e-282
3414.0,0.011106913546187825,9.144249274309466e-142,5.830612477164656e-62,1.0007671149779724e-101,1.8193357316075884e-284
3415.0,0.01094329700304247,1.813791397683516e-140,4.1402561085433656e-61,1.2398984498154393e-100,2.622737316218605e-286
3416.0,0.010779928090770836,3.5481830690230104e-139,2.899476783432241e-60,1.5150208441771739e-99,3.728860565613462e-288
3417.0,0.010616559178499203,6.845483069931825e-138,2.002587332841791e-59,1.8257045553047532e-98,5.22849738004534e-290
3418.0,0.010453190266227569,1.3025115475830412e-136,1.3640889596929984e-58,2.1698104195181402e-97,7.230312158241089e-292
3419.0,0.010289821353955937,2.4442097036536356e-135,9.163751914614697e-58,2.543270077459834e-96,9.860901097734149e-294
3420.0,0.010126452441684303,4.523501573124439e-134,6.071323199586581e-57,2.9399677945994876e-95,1.3263421166354163e-295
3421.0,0.00996308352941267,8.256394341270675e-133,3.9670966574970424e-56,3.3517534454783666e-94,1.7594378078272857e-297
3422.0,0.009799714617141035,1.486228241053381e-131,2.5564753624553827e-55,3.7686079160879055e-93,2.3018217108531325e-299
3423.0,0.009713876795352768,2.6385175756765528e-130,1.624762329497717e-54,4.1789699445073606e-92,2.9699480049988586e-301
3424.0,0.009632398151342697,4.619701061965942e-129,1.0183978435213521e-53,4.570218241267981e-91,3.77924817955093e-303
3425.0,0.009550919507332627,7.977138928452609e-128,6.2954169760849785e-53,4.92928616233342e-90,4.742871749131936e-305
3426.0,0.009469440863322551,1.3585006106773078e-126,3.838052673740993e-52,5.243370219498063e-89,5.870252092163083e-307
3427.0,0.009387962219312481,2.2816652091841555e-125,2.3076862411314503e-51,5.500680434608732e-88,7.16558290427601e-309
3428.0,0.00930648357530241,3.7794047344279776e-124,1.368428122573339e-50,5.691171947402321e-87,8.6263226966853e-311
3429.0,0.00922500493129234,6.174108898889803e-123,8.00288582456633e-50,5.8071948640788976e-86,1.024187044476e-312
3430.0,0.009171408712989132,9.947285155826324e-122,4.615838988692522e-49,5.844003825386778e-85,1.1992569877e-314
3431.0,0.009171408712989132,1.580571878115813e-120,2.6256333591456233e-48,5.800080001099317e-84,1.38491986e-316
3432.0,0.009171408712989132,2.476870686754793e-119,1.4729802098963297e-47,5.677235062349776e-83,1.57731e-318
3433.0,0.009171408712989132,3.827999005416512e-118,8.149653467918871e-47,5.480487212910208e-82,1.7717e-320
3434.0,0.009171408712989132,5.834715694455081e-117,4.446934913573951e-46,5.217721101197464e-81,2e-322
3435.0,0.009171408712989132,8.77095700821838e-116,2.3931052731857296e-45,4.8991637326807735e-80,0.0
3436.0,0.009171408712989132,1.3003302488269513e-114,1.2701126295080748e-44,4.5367249177434986e-79,0.0
3437.0,0.009171408712989132,1.9012522833003705e-113,6.648169221102551e-44,4.1432614542932604e-78,0.0
3438.0,0.009111407353352325,2.741607199782904e-112,3.431952720794237e-43,3.731828117740692e-77,0.0
3439.0,0.009030065303947794,3.898971990657094e-111,1.747269625962432e-42,3.314975519928704e-76,0.0
3440.0,0.008948723254543258,5.468577846817719e-110,8.773198555376543e-42,2.9041458186949913e-75,0.0
3441.0,0.008867381205138728,7.564462641406459e-109,4.344455865242201e-41,2.509203657605917e-74,0.0
3442.0,0.008786039155734197,1.03195596568616e-107,2.121740278246082e-40,2.1381235903835772e-73,0.0
3443.0,0.008704697106329661,1.3884289155923521e-106,1.0219471863877652e-39,1.7968387239988762e-72,0.0
3444.0,0.00862335505692513,1.8423219802793773e-105,4.8544952867304544e-39,1.4892403410874269e-71,0.0
3445.0,0.00854203112466306,2.4109423043149098e-104,2.2742547754599824e-38,1.2173063446296534e-70,0.0
3446.0,0.008460825212643328,3.111626786776781e-103,1.050784231462551e-37,9.813284260731135e-70,0.0
3447.0,0.008379619300623595,3.960660212336185e-102,4.788145936462417e-37,7.802041803149343e-69,0.0
3448.0,0.008298413388603862,4.9719536316343324e-101,2.1517935950516125e-36,6.11760689585078e-68,0.0
3449.0,0.008217207476584127,6.155537111866294e-100,9.537032055484839e-36,4.730796432241225e-67,0.0
3450.0,0.00813600156456439,7.515956162467782e-99,4.1687444623074815e-35,3.607998552124977e-66,0.0
3451.0,0.008054795652544659,9.050694853790547e-98,1.7971184647024258e-34,2.7138000657532903e-65,0.0
3452.0,0.007973589740524926,1.0748775872818792e-96,7.6406013096550326e-34,2.0131157321953153e-64,0.0
3453.0,0.007892455539004672,1.2589703203455891e-95,3.203743741611526e-33,1.4727839308046917e-63,0.0
3454.0,0.007811385309440794,1.4542912014745555e-94,1.3248521142592996e-32,1.062646292561131e-62,0.0
3455.0,0.007730315079876912,1.656786935932037e-93,5.403267087386819e-32,7.561671835903308e-62,0.0
3456.0,0.007649244850313034,1.8614927378875616e-92,2.1733259622770025e-31,5.3067217942439354e-61,0.0
3457.0,0.0075681746207491565,2.0626969728541497e-91,8.621298866795375e-31,3.672943221758945e-60,0.0
3458.0,0.007487104391185275,2.2541816819233915e-90,3.372872568764232e-30,2.5071568780355986e-59,0.0
3459.0,0.0074060341616213965,2.4295274001941076e-89,1.301387305597496e-29,1.687828066056744e-58,0.0
3460.0,0.007324963932057516,2.5824628732774517e-88,4.952136407926504e-29,1.1206094980095228e-57,0.0
3461.0,0.007169362931762497,2.707233851881532e-87,1.858480599384844e-28,7.337697335326248e-57,0.0
3462.0,0.007007627711654206,2.7989610653413287e-86,6.878644499005254e-28,4.738541506018596e-56,0.0
3463.0,0.006845892491545917,2.8539564570269165e-85,2.5108865943929884e-27,3.0179287627011876e-55,0.0
3464.0,0.0066841572714376254,2.869969149428534e-84,9.039215309649018e-27,1.895626098654692e-54,0.0
3465.0,0.006522422051329334,2.8463382825071955e-83,3.209325482424612e-26,1.1742911142735095e-53,0.0
3466.0,0.006360686831221046,2.7840382625042004e-82,1.123766801233108e-25,7.17427913359093e-53,0.0
3467.0,0.0061989516111127544,2.685612103614426e-81,3.8807711344278738e-25,4.322750457713449e-52,0.0
3468.0,0.006063109257188383,2.5549992174046125e-80,1.3217194008853665e-24,2.5687477628485638e-51,0.0
3469.0,0.005982443368108316,2.3972739019458258e-79,4.439559679880485e-24,1.5054355124826358e-50,0.0
3470.0,0.005901777479028249,2.2183187167721167e-78,1.4706859118163196e-23,8.701262132501957e-50,0.0
3471.0,0.005821111589948182,2.0244620018604306e-77,4.804844819817785e-23,4.96000081806973e-49,0.0
3472.0,0.005740445700868115,1.8221105216984524e-76,1.5481684040987913e-22,2.7884357621823405e-48,0.0
3473.0,0.005659779811788048,1.617406567688188e-75,4.919675228714741e-22,1.5460336418395017e-47,0.0
3474.0,0.005579113922707977,1.4159342555191982e-74,1.5418213952860001e-21,8.453890845561217e-47,0.0
3475.0,0.00549844803362791,1.2224929836720901e-73,4.765528839108833e-21,4.559043459524075e-46,0.0
3476.0,0.005475444453091779,1.0409480640632433e-72,1.4526719018146785e-20,2.4247682035312767e-45,0.0
3477.0,0.005475444453091779,8.741604397058803e-72,4.367202909474896e-20,1.271879960528823e-44,0.0
3478.0,0.005475444453091779,7.2399011282978e-71,1.2948474475844421e-19,6.579629227578698e-44,0.0
3479.0,0.005475444453091779,5.913621472730733e-70,3.786284464748782e-19,3.3568823267922235e-43,0.0
3480.0,0.005475444453091779,4.763803170320468e-69,1.0919110829383382e-18,1.6890799790871437e-42,0.0
3481.0,0.005475444453091779,3.784717742547603e-68,3.105565609639874e-18,8.381923848511434e-42,0.0
3482.0,0.005475444453091779,2.9654635021508456e-67,8.711110916534634e-18,4.1021978967270795e-41,0.0
3483.0,0.005475444453091779,2.2915591430624648e-66,2.4098265140764982e-17,1.980016933501312e-40,0.0
3484.0,0.005475444453091779,1.7464210515571155e-65,6.574722289289981e-17,9.425417607326005e-40,0.0
3485.0,0.005475444453091779,1.312641846115271e-64,1.7690839742453075e-16,4.424983935667436e-39,0.0
3486.0,0.005475444453091779,9.730226113185249e-64,4.694603124078582e-16,2.0488124072730006e-38,0.0
3487.0,0.005475444453091779,7.113429312057884e-63,1.2286515097042758e-15,9.355609639160867e-38,0.0
3488.0,0.005475444453091779,5.128785166593153e-62,3.171304573786284e-15,4.213290362577507e-37,0.0
3489.0,0.005475444453091779,3.646946526881698e-61,8.072844539609782e-15,1.8713287388422335e-36,0.0
3490.0,0.005475444453091779,2.5575473526385063e-60,2.0267240670904298e-14,8.197061335206402e-36,0.0
3491.0,0.005394061315257353,1.7688759257510256e-59,5.018131759426816e-14,3.541161079363795e-35,0.0
3492.0,0.005233130749464421,1.2065642668029622e-58,1.2253746620727134e-13,1.508733661013425e-34,0.0
3493.0,0.005072200183671491,8.116764533822394e-58,2.951040240446494e-13,6.339556512313604e-34,0.0
3494.0,0.004911269617878559,5.385113181337977e-57,7.009075972328882e-13,2.627148217768044e-33,0.0
3495.0,0.004750339052085629,3.5235961252663797e-56,1.641820988600329e-12,1.0737166142828652e-32,0.0
3496.0,0.004589408486292698,2.273823821818508e-55,3.792889926671797e-12,4.3278696434598055e-32,0.0
3497.0,0.004428477920499765,1.4471278463101685e-54,8.641598315843303e-12,1.7204342083502269e-31,0.0
3498.0,0.004267547354706835,9.083147966708193e-54,1.941767873597706e-11,6.744990889828927e-31,0.0
3499.0,0.00417930730572629,5.622704729777285e-53,4.303085225599392e-11,2.607978853523871e-30,0.0
3500.0,0.004099041743822213,3.432681949235432e-52,9.404635845141245e-11,9.945031520865283e-30,0.0
3501.0,0.004018776181918136,2.0668133355933868e-51,2.0271384926470827e-10,3.740138307337449e-29,0.0
3502.0,0.003938510620014059,1.2272932451115127e-50,4.3092754668056455e-10,1.3872302831191212e-28,0.0
3503.0,0.003858245058109983,7.187449939593789e-50,9.034507722718698e-10,5.074448618698056e-28,0.0
3504.0,0.0037779794962059035,4.151267523654324e-49,1.8680312195811173e-09,1.83066364952294e-27,0.0
3505.0,0.003697713934301827,2.3646453316143318e-48,3.809282371344873e-09,6.513398605215481e-27,0.0
3506.0,0.0036174876870243007,1.328405607569396e-47,7.66093193376807e-09,2.2855259447241458e-26,0.0
3507.0,0.0035373546859764193,7.359948738144072e-47,1.5194955783345073e-08,7.909409379566646e-26,0.0
3508.0,0.003457221684928535,4.021594505581403e-46,2.9723276235452478e-08,2.699487703717323e-25,0.0
3509.0,0.0033770886838806534,2.1672108601831596e-45,5.7342063159768104e-08,9.086529746553024e-25,0.0
3510.0,0.0032969556828327693,1.1518169304324984e-44,1.0910115591942679e-07,3.016436253996603e-24,0.0
3511.0,0.003216822681784888,6.037333232364483e-44,2.0472212894031572e-07,9.875740078255622e-24,0.0
3512.0,0.0031366896807370035,3.1209458769392285e-43,3.7886076037760877e-07,3.188779948592949e-23,0.0
3513.0,0.0030565566796891225,1.5911338938964307e-42,6.914708301259412e-07,1.0154507154322084e-22,0.0
3514.0,0.002976515110266342,8.000306341131345e-42,1.2446507396645624e-06,3.1891323974592556e-22,0.0
3515.0,0.0028965142329404436,3.967216549188479e-41,2.209533238609843e-06,9.877923286759822e-22,0.0
3516.0,0.0028165133556145483,1.9401914973457385e-40,3.868414271734948e-06,3.017436564835695e-21,0.0
3517.0,0.002736512478288653,9.357992378874123e-40,6.679513234100158e-06,9.09054766958611e-21,0.0
3518.0,0.002656511600962755,4.451436447639421e-39,1.1374597888110589e-05,2.70097987586236e-20,0.0
3519.0,0.00257651072363686,2.0883200960304496e-38,1.910322498295875e-05,7.914656087359621e-20,0.0
3520.0,0.0024965098463109645,9.662140717161364e-38,3.164147559499787e-05,2.2872948304223906e-19,0.0
3521.0,0.0024165204854914124,4.408887819101025e-37,5.168757614474431e-05,6.519160127175649e-19,0.0
3522.0,0.0023366512969119953,1.9841026595683457e-36,8.327123483956551e-05,1.8324855080451608e-18,0.0
3523.0,0.0022567821083325757,8.805998962022563e-36,0.0001323071282878863,5.0800600860962275e-18,0.0
3524.0,0.0021769129197531556,3.854539678979923e-35,0.0002073246217071959,1.388917818297011e-17,0.0
3525.0,0.002097043731173736,1.6639712241127408e-34,0.00032040399323285656,3.745101995637945e-17,0.0
3526.0,0.002017174542594319,7.084325421624174e-34,0.0004883423161548121,9.959330634405098e-17,0.0
3527.0,0.001937305354014899,2.9746138349175592e-33,0.0007340576978417687,2.612017312775118e-16,0.0
3528.0,0.001857436165435479,1.2318053461053682e-32,0.0010882168245125166,6.756182182055697e-16,0.0
3529.0,0.0018161349880712117,5.030752779538072e-32,0.0015910362508790058,1.723479224974275e-15,0.0
3530.0,0.0018161349880712117,2.026297772927632e-31,0.0022941621685663833,4.336008787145184e-15,0.0
3531.0,0.0018161349880712117,8.049204447260977e-31,0.0032624777076463557,1.0758547821983331e-14,0.0
3532.0,0.0018161349880712117,3.153421686029745e-30,0.004575624660096018,2.6326707952027074e-14,0.0
3533.0,0.0018161349880712117,1.2184018267822077e-29,0.006328964083921989,6.353585182951001e-14,0.0
3534.0,0.0018161349880712117,4.6427835083155264e-29,0.008633646652075283,1.5122394318905047e-13,0.0
3535.0,0.0018161349880712117,1.7448002902952568e-28,0.011615430477089095,3.549781809029475e-13,0.0
3536.0,0.0018161349880712117,6.466844477481696e-28,0.015411884624787786,8.217924764459776e-13,0.0
3537.0,0.0018161349880712117,2.3638423469060257e-27,0.02016766360345975,1.876299066409185e-12,0.0
3538.0,0.0018161349880712117,8.521656034752448e-27,0.026027642225267513,4.2249479610203796e-12,0.0
3539.0,0.0018161349880712117,3.02976463916352e-26,0.03312786654961772,9.38253224818525e-12,0.0
3540.0,0.0018161349880712117,1.0623636067726974e-25,0.04158450227676208,2.054935370829329e-11,0.0
3541.0,0.0018161349880712117,3.673811564965997e-25,0.05148123391916741,4.4386987349568304e-11,0.0
3542.0,0.0018161349880712117,1.2529679704282497e-24,0.0628558621425989,9.455675754984598e-11,0.0
3543.0,0.0018161349880712117,4.2144650990434235e-24,0.07568712830123822,1.9865928745360157e-10,0.0
3544.0,0.0018161349880712117,1.3980553127157946e-23,0.08988302245423031,4.11627684021022e-10,0.0
3545.0,0.0018161349880712117,4.5738892729915574e-23,0.1052719597895564,8.411620635695142e-10,0.0
3546.0,0.0018161349880712117,1.4757960358612431e-22,0.1215982006013948,1.6952516668394497e-09,0.0
3547.0,0.0018161349880712117,4.696198356433977e-22,0.1385227130027284,3.369520341030603e-09,0.0
3548.0,0.0018161349880712117,1.4738250204108012e-21,0.15563032672969332,6.605130231960014e-09,0.0
3549.0,0.0018161349880712117,4.561680016389293e-21,0.17244351621827697,1.276950573476608e-08,0.0
3550.0,0.0018161349880712117,1.3924612266690946e-20,0.1884425230809479,2.434704117069914e-08,0.0
3551.0,0.0018161349880712117,4.191995464679354e-20,0.20309084715187595,4.5782309066493246e-08,0.0
3552.0,0.0017627742422580493,1.2446232150573285e-19,0.21586448294944321,8.490408689374264e-08,0.0
3553.0,0.0016830363095940934,3.64447009201456e-19,0.22628274210943927,1.552883582857802e-07,0.0
3554.0,0.0016032983769301377,1.0524713536136755e-18,0.23393816225863598,2.8010999230573216e-07,0.0
3555.0,0.0015235604442661818,2.9975440739477293e-18,0.23852291871130138,4.983078223207561e-07,0.0
3556.0,0.0014438225116022258,8.41977082890945e-18,0.23984935569975183,8.742712717298866e-07,0.0
3557.0,0.00136408457893827,2.3324608588893284e-17,0.23786272910591977,1.5127742069321923e-06,0.0
3558.0,0.001284346646274314,6.372470861093448e-17,0.23264495481728326,2.5815551921387093e-06,0.0
3559.0,0.0012046171699930683,1.7170413423326652e-16,0.224409005037983,4.344783273773521e-06,0.0
3560.0,0.0011250100625439898,4.56281694754932e-16,0.21348448677331722,7.211643030024876e-06,0.0
3561.0,0.0010454029550949111,1.1958170462163524e-15,0.20029576341171404,1.1805373312187012e-05,0.0
3562.0,0.0009657958476458325,3.0908350892045202e-15,0.18533464266752242,1.905919830071393e-05,0.0
3563.0,0.0008861887401967539,7.8789134204738e-15,0.1691300770877884,3.0346522591757785e-05,0.0
3564.0,0.0008065816327476753,1.980779909247027e-14,0.15221746628740623,4.765326218043574e-05,0.0
3565.0,0.0007269745252985966,4.911176210755949e-14,0.1351100114035358,7.379989437836006e-05,0.0
3566.0,0.000647367417849518,1.2009203692226709e-13,0.11827418733391643,0.0001127192899325115,0.0
3567.0,0.0006043856335994457,2.8961583632839424e-13,0.10211083199150485,0.00016979314335132946,0.0
3568.0,0.0006043856335994457,6.888264263583816e-13,0.08694268678099695,0.00025224435310190497,0.0
3569.0,0.0006043856335994457,1.6157594135752177e-12,0.07300854599600186,0.0003695746352317198,0.0
3570.0,0.0006043856335994457,3.737859643432387e-12,0.06046356383331945,0.0005340258270797215,0.0
3571.0,0.0006043856335994457,8.528029312473092e-12,0.0493847869110023,0.0007610299801484657,0.0
3572.0,0.0006043856335994457,1.9189063471345458e-11,0.03978066389543915,0.0010695982171051094,0.0
3573.0,0.0006043856335994457,4.2583198050754194e-11,0.031603142498917096,0.001482582860006305,0.0
3574.0,0.0006043856335994457,9.31970508129581e-11,0.024760984718411747,0.002026733657147438,0.0
3575.0,0.0006043856335994457,2.0116177759256388e-10,0.019133082975936522,0.002732459820162777,0.0
3576.0,0.0006043856335994457,4.2822119583768104e-10,0.01458080150839533,0.003633208231167608,0.0
3577.0,0.0006043856335994457,8.990218671036653e-10,0.010958654650508928,0.0047643778227138625,0.0
3578.0,0.0006043856335994457,1.8614516095576258e-09,0.008122925758948135,0.0061617134765852115,0.0
3579.0,0.0006043856335994457,3.801129329551009e-09,0.0059380948054514725,0.007859161343623943,0.0
3580.0,0.0006043856335994457,7.655136549749494e-09,0.004281157154182066,0.009886220893104735,0.0
3581.0,0.0006043856335994457,1.5204517318204038e-08,0.003044069850384151,0.012264894454605794,0.0
3582.0,0.0006043856335994457,2.978322575292186e-08,0.002134653831017434,0.015006406985014358,0.0
3583.0,0.0006043856335994457,5.75373994946346e-08,0.0014763172715998437,0.018107939139800112,0.0
3584.0,0.0006043856335994457,1.0962462613444563e-07,0.0010069579713470537,0.021549675347832985,0.0
3585.0,0.0006043856335994457,2.0598966025478594e-07,0.000677364431327574,0.025292504588574648,0.0
3586.0,0.0006043856335994457,3.8173512012987467e-07,0.00044937906025725553,0.02927671487934188,0.0
3587.0,0.0006043856335994457,6.976831168635577e-07,0.0002940239282329817,0.0334219857020362,0.0
3588.0,0.0006043856335994457,1.257574463658093e-06,0.00018972821443736677,0.03762890278875093,0.0
3589.0,0.0006043856335994457,2.235571716088946e-06,0.00012074261114740176,0.041782099701178015,0.0
3590.0,0.0006043856335994457,3.9194299134717445e-06,7.578244407379849e-05,0.04575497971780212,0.0
3591.0,0.0006043856335994457,6.776986171396191e-06,4.690898672255584e-05,0.04941580486529378,0.0
3592.0,0.0006043856335994457,1.1556589741522643e-05,2.8636695143239166e-05,0.05263477607726745,0.0
3593.0,0.0006043856335994457,1.9435789772408512e-05,1.724126553632041e-05,0.05529159090125163,0.0
3594.0,0.0006043856335994457,3.2236960693197514e-05,1.0237520514535613e-05,0.057282873104625466,0.0
3595.0,0.0006043856335994457,5.273335302522515e-05,5.995146906078656e-06,0.05852883761022341,0.0
3596.0,0.0006043856335994457,8.507384930789793e-05,3.462456087914985e-06,0.0589785927196102,0.0
3597.0,0.0006043856335994457,0.000135358701875802,1.972187123570383e-06,0.05861358869051848,0.0
3598.0,0.0006043856335994457,0.0002124005700074026,1.1078765343243978e-06,0.057448887004640944,0.0
3599.0,0.0006043856335994457,0.00032870368675190595,6.137818031007439e-07,0.05553212929187048,0.0
3600.0,0.0006043856335994457,0.0005016870289243835,3.353637009206925e-07,0.05294030427836771,0.0
3601.0,0.0006043856335994457,0.0007551627685067502,1.807163717891705e-07,0.049774618516341705,0.0
3602.0,0.0006043856335994457,0.001121056929509759,9.604136942615592e-08,0.04615394703526754,0.0
3603.0,0.0006043856335994457,0.0016413234148359623,5.03383051550592e-08,0.04220745387960697,0.0
3604.0,0.0006043856335994457,0.002369954797976327,2.6020655595320604e-08,0.03806701839072707,0.0
3605.0,0.0006391948250695793,0.0033749345936144024,1.3265306223350738e-08,0.03386007917886627,0.0
3606.0,0.000718801932518658,0.004739909595952648,6.669537602551189e-09,0.029703421418023616,0.0
3607.0,0.0007984090399677366,0.006565293659343839,3.307147545568803e-09,0.025698299390481516,0.0
3608.0,0.0008780161474168152,0.008968455436078063,1.617300857105564e-09,0.02192712498554862,0.0
3609.0,0.0009576232548658938,0.012082604296107996,7.800230967294818e-10,0.018451785607617944,0.0
3610.0,0.0010372303623149724,0.01605398492558026,3.710252858356608e-10,0.01531350158153227,0.0
3611.0,0.001116837469764051,0.02103703595212197,1.7405197444255496e-10,0.012534009388296834,0.0
3612.0,0.0011964445772131298,0.027187272960947514,8.052556863766701e-11,0.010117772819092001,0.0
3613.0,0.0012761606227688945,0.03465182768020528,3.674244446479083e-11,0.00805488291239791,0.0
3614.0,0.0013558985554328505,0.04355781084564375,1.6534143122081106e-11,0.0063243069464812745,0.0
3615.0,0.0014356364880968064,0.05399895349783045,7.337949843266073e-12,0.004897179786972349,0.0
3616.0,0.0015153744207607623,0.06602129549966852,3.2117903232840055e-12,0.0037398876577608856,0.0
3617.0,0.0015951123534247182,0.07960899490778509,1.3864334623026748e-12,0.002816764023142179,0.0
3618.0,0.0016748502860886739,0.09467158316255336,5.902422294713212e-13,0.0020922894907129796,0.0
3619.0,0.0017545882187526298,0.11103414143215488,2.4782260909239765e-13,0.001532754085117259,0.0
3620.0,0.0018161349880712117,0.12843187940464207,1.0261975457652979e-13,0.0011073950834062992,0.0
3621.0,0.0018161349880712117,0.14651042798560476,4.19083361228249e-14,0.0007890637639660396,0.0
3622.0,0.0018161349880712117,0.16483280010059342,1.687909919226334e-14,0.0005544993082635683,0.0
3623.0,0.0018161349880712117,0.18289344298708007,6.704671626754958e-15,0.00038429905602401155,0.0
3624.0,0.0018161349880712117,0.2001391426626519,2.6265468963685855e-15,0.00026267396321125034,0.0
3625.0,0.0018161349880712117,0.21599581399132176,1.0147807181319616e-15,0.00017706965287384163,0.0
3626.0,0.0018161349880712117,0.22989950394710512,3.866683755105795e-16,0.00011772010617761042,0.0
3627.0,0.0018161349880712117,0.24132934484994345,1.453063190337621e-16,7.718564798306139e-05,0.0
3628.0,0.0018161349880712117,0.24983980581676624,5.385298102091711e-17,4.991164272371712e-05,0.0
3629.0,0.0018161349880712117,0.2550894712232489,1.968404712465307e-17,3.183072813930951e-05,0.0
3630.0,0.0018161349880712117,0.25686375880928414,7.095752251513498e-18,2.002030470012426e-05,0.0
3631.0,0.0018161349880712117,0.2550894712232489,2.5226784157558235e-18,1.2418644432036316e-05,0.0
3632.0,0.0018161349880712117,0.24983980581676624,8.845140567222176e-19,7.597261975594775e-06,0.0
3633.0,0.0018161349880712117,0.24132934484994345,3.0586303032784186e-19,4.583734055079538e-06,0.0
3634.0,0.0018161349880712117,0.22989950394710512,1.0431064597490801e-19,2.7274771580898004e-06,0.0
3635.0,0.0018161349880712117,0.21599581399132176,3.508404690301264e-20,1.600597861052134e-06,0.0
3636.0,0.0018161349880712117,0.2001391426626519,1.16377796782135e-20,9.263662886845132e-07,0.0
3637.0,0.0018161349880712117,0.18289344298708007,3.807237585724891e-21,5.287649414024362e-07,0.0
3638.0,0.0018161349880712117,0.16483280010059342,1.228370074196886e-21,2.976610180423797e-07,0.0
3639.0,0.0018161349880712117,0.14651042798560476,3.908659833585813e-22,1.652573076980443e-07,0.0
3640.0,0.0018161349880712117,0.12843187940464207,1.226608371424947e-22,9.048545688250129e-08,0.0
3641.0,0.0018161349880712117,0.11103414143215488,3.796324895045346e-23,4.886256870870089e-08,0.0
3642.0,0.0018161349880712117,0.09467158316255336,1.1587779472523707e-23,2.6022750914949304e-08,0.0
3643.0,0.0018161349880712117,0.07960899490778509,3.488321223220341e-24,1.3668143050540851e-08,0.0
3644.0,0.0018161349880712117,0.06602129549966852,1.035647876566181e-24,7.080195118081447e-09,0.0
3645.0,0.0018161349880712117,0.05399895349783045,3.0324047478914053e-25,3.61709851352957e-09,0.0
3646.0,0.0018161349880712117,0.04355781084564375,8.756723100240576e-26,1.8224467524612487e-09,0.0
3647.0,0.0018161349880712117,0.03465182768020528,2.4938795040958097e-26,9.05584038491459e-10,0.0
3648.0,0.0018161349880712117,0.027187272960947514,7.004686697828134e-27,4.437946580544198e-10,0.0
3649.0,0.0018161349880712117,0.02103703595212197,1.9403557609289793e-27,2.144938188979069e-10,0.0
3650.0,0.0018161349880712117,0.01605398492558026,5.300946409624392e-28,1.0224142476692857e-10,0.0
3651.0,0.0018161349880712117,0.012082604296107996,1.428252073146547e-28,4.8063833252471546e-11,0.0
3652.0,0.0018161349880712117,0.008968455436078063,3.795209134421057e-29,2.228380327533984e-11,0.0
3653.0,0.0018161349880712117,0.006565293659343839,9.945942913831839e-30,1.0189189218068925e-11,0.0
3654.0,0.0018161349880712117,0.004739909595952648,2.5706065622824173e-30,4.594828847733834e-12,0.0
3655.0,0.0018161349880712117,0.0033749345936144024,6.552464272760978e-31,2.043517921481154e-12,0.0
3656.0,0.0018161349880712117,0.002369954797976327,1.647225707448212e-31,8.963279984726634e-13,0.0
3657.0,0.0018161349880712117,0.0016413234148359623,4.083955125540767e-32,3.877348830065217e-13,0.0
3658.0,0.0018325339849658351,0.001121056929509759,9.985922965196575e-33,1.6541777943660648e-13,0.0
3659.0,0.001912403173545255,0.0007551627685067502,2.4081019065787372e-33,6.959994536137584e-14,0.0
3660.0,0.001992272362124675,0.0005016870289243835,5.727181040894477e-34,2.8881185160908314e-14,0.0
3661.0,0.0020721415507040917,0.00032870368675190595,1.3433412845602825e-34,1.1819538595552913e-14,0.0
3662.0,0.002152010739283512,0.0002124005700074026,3.107500537127567e-35,4.770516864617753e-15,0.0
3663.0,0.002231879927862932,0.000135358701875802,7.08949764909273e-36,1.8989334640725734e-15,0.0
3664.0,0.0023117491164423515,8.507384930789793e-05,1.5951411303905384e-36,7.454756467816116e-16,0.0
3665.0,0.0023916183050217716,5.273335302522515e-05,3.539665019623663e-37,2.8862674598125413e-16,0.0
3666.0,0.0024235052434280037,3.2236960693197514e-05,7.746483759443436e-38,1.1020951363338819e-16,0.0
3667.0,0.0024235052434280037,1.9435789772408512e-05,1.6719622419646615e-38,4.15031441340658e-17,0.0
3668.0,0.0024235052434280037,1.1556589741522643e-05,3.5589977742244584e-39,1.5414246914156313e-17,0.0
3669.0,0.0024235052434280037,6.776986171396191e-06,7.471509747382221e-40,5.646027959216199e-18,0.0
3670.0,0.0024235052434280037,3.9194299134717445e-06,1.5469220088524215e-40,2.039591237602903e-18,0.0
3671.0,0.0024235052434280037,2.235571716088946e-06,3.1586962846630437e-41,7.266456041798391e-19,0.0
3672.0,0.0024235052434280037,1.257574463658093e-06,6.361019410410754e-42,2.5531807647919436e-19,0.0
3673.0,0.0024235052434280037,6.976831168635577e-07,1.2633537451384245e-42,8.847485859277494e-20,0.0
3674.0,0.002343939739976257,3.8173512012987467e-07,2.4745864100692483e-43,3.023692276473702e-20,0.0
3675.0,0.0022640705513968374,2.0598966025478594e-07,4.780349777423701e-44,1.0191420102073985e-20,0.0
3676.0,0.0021842013628174174,1.0962462613444563e-07,9.10743597006547e-45,3.3877489367745498e-21,0.0
3677.0,0.0021043321742379973,5.75373994946346e-08,1.71124415708741e-45,1.1106241974262043e-21,0.0
3678.0,0.0020244629856585776,2.978322575292186e-08,3.1710802299096498e-46,3.5908928402348147e-22,0.0
3679.0,0.0019445937970791606,1.5204517318204038e-08,5.795379522013146e-47,1.1450307737576434e-22,0.0
3680.0,0.0018647246084997407,7.655136549749494e-09,1.0445661156794429e-47,3.6009017577793404e-23,0.0
3681.0,0.0017849068243282796,3.801129329551009e-09,1.8568182064787018e-48,1.1168241251662555e-23,0.0
3682.0,0.001705168891664321,1.8614516095576258e-09,3.2552341871051483e-49,3.416156049071e-24,0.0
3683.0,0.001625430959000365,8.990218671036653e-10,5.628264386121833e-50,1.0305522482898577e-24,0.0
3684.0,0.001545693026336409,4.2822119583768104e-10,9.597235291964926e-51,3.0660676248372655e-25,0.0
3685.0,0.0014659550936724532,2.0116177759256388e-10,1.6139764545391926e-51,8.996484659092037e-26,0.0
3686.0,0.0013862171610084975,9.31970508129581e-11,2.676872259872919e-52,2.6034147325962153e-26,0.0
3687.0,0.0013064792283445416,4.2583198050754194e-11,4.378622452808356e-53,7.430076284847854e-27,0.0
3688.0,0.0012267412956805856,1.9189063471345458e-11,7.063610644372682e-54,2.0913300957647195e-27,0.0
3689.0,0.0010845524188344575,8.528029312473092e-12,1.1238165022784321e-54,5.805388683525317e-28,0.0
3690.0,0.0009254686005670521,3.737859643432387e-12,1.7633700402825444e-55,1.5893495262827378e-28,0.0
3691.0,0.0007663847822996438,1.6157594135752177e-12,2.7287950005285695e-56,4.291280781782083e-29,0.0
3692.0,0.0006073009640322387,6.888264263583816e-13,4.1646428540821223e-57,1.1427042605574271e-29,0.0
3693.0,0.0004482171457648304,2.8961583632839424e-13,6.268505579293706e-58,3.000959688852297e-30,0.0
3694.0,0.00028913332749742513,1.2009203692226709e-13,9.305284801790167e-59,7.772592099747871e-31,0.0
3695.0,0.0001300495092300169,4.911176210755949e-14,1.3623061685304197e-59,1.9854135981698754e-31,0.0
3696.0,0.0,1.980779909247027e-14,1.9669765231480995e-60,5.001675446138552e-32,0.0
3697.0,0.0,7.8789134204738e-15,2.8009349958671733e-61,1.242680326220968e-32,0.0
3698.0,0.0,3.0908350892045202e-15,3.933564567736943e-62,3.044968037228671e-33,0.0
3699.0,0.0,1.1958170462163524e-15,5.448148503458889e-63,7.358434930137875e-34,0.0
3700.0,0.0,4.56281694754932e-16,7.442022702755525e-64,1.7537495373470648e-34,0.0
3701.0,0.0,1.7170413423326652e-16,1.0025647811036013e-64,4.1222002491554676e-35,0.0
3702.0,0.0,6.372470861093448e-17,1.3320278285018178e-65,9.55586489858407e-36,0.0
3703.0,0.0,2.3324608588893284e-17,1.7453942948437526e-66,2.1846924959556986e-36,0.0
3704.0,4.593330815356298e-05,8.41977082890945e-18,2.2555538810985007e-67,4.925950381824014e-37,0.0
3705.0,0.00012541001897188963,2.9975440739477293e-18,2.874698220653089e-68,1.095390951346215e-37,0.0
3706.0,0.00020488672979021924,1.0524713536136755e-18,3.613355688103928e-69,2.402302345001168e-38,0.0
3707.0,0.0002843634406085459,3.64447009201456e-19,4.4792836877509145e-70,5.195957396580943e-39,0.0
3708.0,0.00036384015142687553,1.2446232150573285e-19,5.47628223990586e-71,1.1083652416374963e-39,0.0
3709.0,0.0004433168622452022,4.191995464679354e-20,6.603017942779091e-72,2.3317372691483165e-40,0.0
3710.0,0.0005227935730635318,1.3924612266690946e-20,7.851968197703076e-73,4.837887118100722e-41,0.0
3711.0,0.0006022702838818585,4.561680016389293e-21,9.208608013011353e-74,9.899454124673168e-42,0.0
3712.0,0.0006818739206981749,1.4738250204108012e-21,1.0650962147715263e-74,1.9977731140042948e-42,0.0
3713.0,0.0007614810281472505,4.696198356433977e-22,1.2149631223652663e-75,3.976129135968518e-43,0.0
3714.0,0.0008410881355963233,1.4757960358612431e-22,1.3668370767007281e-76,7.804663763643232e-44,0.0
3715.0,0.000920695243045396,4.5738892729915574e-23,1.5165258094553562e-77,1.5108707543320078e-44,0.0
3716.0,0.0010003023504944718,1.3980553127157946e-23,1.6594426998875156e-78,2.8845616928491454e-45,0.0
3717.0,0.0010799094579435444,4.2144650990434235e-24,1.7908289896905943e-79,5.431399511486888e-46,0.0
3718.0,0.001159516565392617,1.2529679704282497e-24,1.906010862074207e-80,1.008609527136641e-46,0.0
3719.0,0.001268629381351362,3.673811564965997e-25,2.0006726103822612e-81,1.8471994194265133e-47,0.0
3720.0,0.0014282365025947436,1.0623636067726974e-25,2.0711239081183327e-82,3.336444467847252e-48,0.0
3721.0,0.0015878436238381225,3.02976463916352e-26,2.1145382107865466e-83,5.943378902237001e-49,0.0
3722.0,0.001747450745081504,8.521656034752448e-27,2.129140852853963e-84,1.0441486608997748e-49,0.0
3723.0,0.001907057866324883,2.3638423469060257e-27,2.114329399764036e-85,1.8091336578448532e-50,0.0
3724.0,0.0020666649875682643,6.466844477481696e-28,2.070714880610455e-86,3.091422555142056e-51,0.0
3725.0,0.0022262721088116433,1.7448002902952568e-28,2.000079968586918e-87,5.2098532343413485e-52,0.0
3726.0,0.002385879230055025,4.6427835083155264e-29,1.905258097947453e-88,8.659085082656714e-53,0.0
3727.0,0.0024235052434280037,1.2184018267822077e-29,1.7899449409100268e-89,1.4193775276522132e-53,0.0
3728.0,0.0024235052434280037,3.153421686029745e-30,1.6584597210275934e-90,2.2945802069899414e-54,0.0
3729.0,0.0024235052434280037,8.049204447260977e-31,1.5154778196200123e-91,3.6583728152786206e-55,0.0
3730.0,0.0024235052434280037,2.026297772927632e-31,1.3657576466095579e-92,5.75243976103682e-56,0.0
3731.0,0.0024235052434280037,5.030752779538072e-32,1.2138837483793402e-93,8.920631463788533e-57,0.0
3732.0,0.0024235052434280037,1.2318053461053682e-32,1.0640448976396252e-94,1.36432713306658e-57,0.0
3733.0,0.0024235052434280037,2.9746138349175592e-33,9.198610082098722e-96,2.057883735678676e-58,0.0
3734.0,0.0024107504680655097,7.084325421624174e-34,7.842668650626079e-97,3.061276470025518e-59,0.0
3735.0,0.0023308812794860896,1.6639712241127408e-34,6.594546323908763e-98,4.4912132036368046e-60,0.0
3736.0,0.0022510120909066725,3.854539678979923e-35,5.4687161238538065e-99,6.498366342325632e-61,0.0
3737.0,0.002171142902327253,8.805998962022563e-36,4.472653321357799e-100,9.273082203506027e-62,0.0
3738.0,0.002091273713747833,1.9841026595683457e-36,3.607650802259473e-101,1.3050388144897764e-62,0.0
3739.0,0.002011404525168413,4.408887819101025e-37,2.8698761229619736e-102,1.8113490501913615e-63,0.0
3740.0,0.001931535336588996,9.662140717161364e-38,2.2515479903942464e-103,2.4794780434115835e-64,0.0
3741.0,0.001851666148009576,2.0883200960304496e-38,1.742122401788489e-104,3.347324267126233e-65,0.0
3742.0,0.0018161349880712117,4.451436447639421e-39,1.3293995353516577e-105,4.456713387004035e-66,0.0
3743.0,0.0018161349880712117,9.357992378874123e-40,1.0004877604682969e-106,5.8520903792918074e-67,0.0
3744.0,0.0018161349880712117,1.9401914973457385e-40,7.425871632478798e-108,7.578560888048644e-68,0.0
3745.0,0.0018161349880712117,3.967216549188479e-41,5.435787806137325e-109,9.679253490079302e-69,0.0
3746.0,0.0018161349880712117,8.000306341131345e-42,3.9242525823034404e-110,1.2192040127787423e-69,0.0
3747.0,0.0018161349880712117,1.5911338938964307e-42,2.7940283630851352e-111,1.514573323124598e-70,0.0
3748.0,0.0018161349880712117,3.1209458769392285e-43,1.9619325308333525e-112,1.85559683437595e-71,0.0
3749.0,0.0018161349880712117,6.037333232364483e-44,1.3586785722824498e-113,2.242107042731403e-72,0.0
3750.0,0.0018161349880712117,1.1518169304324984e-44,9.279589914127464e-115,2.671827790966897e-73,0.0
3751.0,0.0018161349880712117,2.1672108601831596e-45,6.250578910182341e-116,3.140074723066034e-74,0.0
3752.0,0.0018161349880712117,4.021594505581403e-46,4.152322727437445e-117,3.639576926330104e-75,0.0
3753.0,0.0018161349880712117,7.359948738144072e-47,2.720453823765388e-118,4.160458777825976e-76,0.0
3754.0,0.0018161349880712117,1.328405607569396e-47,1.7578063016106045e-119,4.69041147510124e-77,0.0
3755.0,0.0018161349880712117,2.3646453316143318e-48,1.1201600391457651e-120,5.215069062483787e-78,0.0
3756.0,0.0018161349880712117,4.151267523654324e-49,7.039933130988024e-122,5.718585050730811e-79,0.0
3757.0,0.0018161349880712117,7.187449939593789e-50,4.363514189913434e-123,6.184384816122343e-80,0.0
3758.0,0.0018161349880712117,1.2272932451115127e-50,2.6673723889320214e-124,6.596048281314954e-81,0.0
3759.0,0.0018161349880712117,2.0668133355933868e-51,1.6080898475106628e-125,6.938259622758117e-82,0.0
3760.0,0.0018161349880712117,3.432681949235432e-52,9.561287316742404e-127,7.197748497462526e-83,0.0
3761.0,0.0018161349880712117,5.622704729777285e-53,5.606629114049155e-128,7.3641425804433075e-84,0.0
3762.0,0.0018161349880712117,9.083147966708193e-54,3.2424007181995566e-129,7.430655200591232e-85,0.0
3763.0,0.0018161349880712117,1.4471278463101685e-54,1.849315228947771e-130,7.394544564469302e-86,0.0
3764.0,0.0018161349880712117,2.273823821818508e-55,1.0402425287247416e-131,7.257301264298912e-87,0.0
3765.0,0.0018161349880712117,3.5235961252663797e-56,5.770821811155702e-133,7.024546199340167e-88,0.0
3766.0,0.0018161349880712117,5.385113181337977e-57,3.157331074475243e-134,6.705648652661895e-89,0.0
3767.0,0.0018161349880712117,8.116764533822394e-58,1.703656299372168e-135,6.3131006881497205e-90,0.0
3768.0,0.0018161349880712117,1.2065642668029622e-58,9.06615715553579e-137,5.86170607260066e-91,0.0
3769.0,0.0018161349880712117,1.7688759257510256e-59,4.75821325665505e-138,5.36765703814835e-92,0.0
3770.0,0.0018161349880712117,2.5575473526385063e-60,2.4628840282620346e-139,4.847578837966283e-93,0.0
3771.0,0.0018161349880712117,3.646946526881698e-61,1.2572551468510582e-140,4.3176198600254216e-94,0.0
3772.0,0.001805220290063972,5.128785166593153e-62,6.329687687756884e-142,3.792654876355912e-95,0.0
3773.0,0.0017254823574000102,7.113429312057884e-63,3.142827481707035e-143,3.28565263086771e-96,0.0
3774.0,0.0016457444247360514,9.730226113185249e-64,1.5389985198826422e-144,2.807238870213198e-97,0.0
3775.0,0.0015660064920720897,1.312641846115271e-64,7.432505894762694e-146,2.365464805712677e-98,0.0
3776.0,0.001486268559408128,1.7464210515571155e-65,3.5400689638536803e-147,1.965771403854623e-99,0.0
3777.0,0.0014065306267441661,2.2915591430624648e-66,1.662905550473321e-148,1.6111238823147414e-100,0.0
3778.0,0.0013267926940802074,2.9654635021508456e-67,7.703761753506818e-150,1.3022796611001145e-101,0.0
3779.0,0.0012470547614162456,3.784717742547603e-68,3.519796084599317e-151,1.0381473037084352e-102,0.0
3780.0,0.001167386469551085,4.763803170320468e-69,1.5860306085684242e-152,8.16193445720656e-104,0.0
3781.0,0.0010877793621020093,5.913621472730733e-70,7.04831045593264e-154,6.328585117700579e-105,0.0
3782.0,0.0010081722546529364,7.2399011282978e-71,3.0891420976791128e-155,4.839489460499435e-106,0.0
3783.0,0.0009285651472038638,8.741604397058803e-72,1.3352732440041552e-156,3.6498235681072826e-107,0.0
3784.0,0.0008489580397547881,1.0409480640632433e-72,5.692221714642934e-158,2.7147109467549402e-108,0.0
3785.0,0.0007693509323057154,1.2224929836720901e-73,2.3931662457890895e-159,1.991382641767978e-109,0.0
3786.0,0.0006897438248566427,1.4159342555191982e-74,9.923007734406013e-161,1.4406724138009768e-110,0.0
3787.0,0.000610136717407567,1.617406567688188e-75,4.057823856276089e-162,1.0279101713984627e-111,0.0
3788.0,0.0006043856335994457,1.8221105216984524e-76,1.6365242775040175e-163,7.233100289872559e-113,0.0
3789.0,0.0006043856335994457,2.0244620018604306e-77,6.509252427806212e-165,5.019647383101698e-114,0.0
3790.0,0.0006043856335994457,2.2183187167721167e-78,2.5534018882438064e-166,3.4355900290877763e-115,0.0
3791.0,0.0006043856335994457,2.3972739019458258e-79,9.878400658694768e-168,2.319043297604324e-116,0.0
3792.0,0.0006043856335994457,2.5549992174046125e-80,3.769063882137228e-169,1.5438168645591065e-117,0.0
3793.0,0.0006043856335994457,2.685612103614426e-81,1.418272754813333e-170,1.0135895037383865e-118,0.0
3794.0,0.0006043856335994457,2.7840382625042004e-82,5.263388435734692e-172,6.563081968752798e-120,0.0
3795.0,0.0006301141664251867,2.8463382825071955e-83,1.9264178061465083e-173,4.191147566809837e-121,0.0
3796.0,0.0007097212738742654,2.869969149428534e-84,6.953683918483841e-175,2.639596089119602e-122,0.0
3797.0,0.0007893283813233439,2.8539564570269165e-85,2.475476500135036e-176,1.6395376731465727e-123,0.0
3798.0,0.0008689354887724225,2.7989610653413287e-86,8.691246551208376e-178,1.0043491687330496e-124,0.0
3799.0,0.0009485425962215011,2.707233851881532e-87,3.0094333698964413e-179,6.067746783301602e-126,0.0
3800.0,0.0010281497036705798,2.5824628732774517e-88,1.0277010367366602e-180,3.6153435530056717e-127,0.0
3801.0,0.0011077568111196583,2.4295274001941076e-89,3.461212448849195e-182,2.1244724200365135e-128,0.0
3802.0,0.001187363918568737,2.2541816819233915e-90,1.1496592013608752e-183,1.2312096816982267e-129,0.0
3803.0,0.001267065041096193,2.0626969728541497e-91,3.7660786211324314e-185,7.037077703329668e-131,0.0
3804.0,0.0013468029737601517,1.8614927378875616e-92,1.216715511720231e-186,3.9667247980908e-132,0.0
3805.0,0.0014265409064241135,1.656786935932037e-93,3.876752785528561e-188,2.205216310309386e-133,0.0
3806.0,0.0015062788390880753,1.4542912014745555e-94,1.2182223709884833e-189,1.209065198817953e-134,0.0
3807.0,0.001586016771752034,1.2589703203455891e-95,3.7754127087370394e-191,6.5377400099315805e-136,0.0
3808.0,0.0016657547044159958,1.0748775872818792e-96,1.1539359307443888e-192,3.4864622786547845e-137,0.0
3809.0,0.0017454926370799575,9.050694853790547e-98,3.4783906862940587e-194,1.8336721793550915e-138,0.0
3810.0,0.0018161349880712117,7.515956162467782e-99,1.0340806766183999e-195,9.511254904976922e-140,0.0
3811.0,0.0018161349880712117,6.155537111866294e-100,3.031865184958703e-197,4.8655657573950516e-141,0.0
3812.0,0.0018161349880712117,4.9719536316343324e-101,8.766873689363038e-199,2.454755669384978e-142,0.0
3813.0,0.0018161349880712117,3.960660212336185e-102,2.5001093993408658e-200,1.2214131662781622e-143,0.0
3814.0,0.0018161349880712117,3.111626786776781e-103,7.031576020543014e-202,5.993718232799811e-145,0.0
3815.0,0.0018161349880712117,2.4109423043149098e-104,1.9504092144693938e-203,2.9007443055484797e-146,0.0
3816.0,0.0018161349880712117,1.8423219802793773e-105,5.335537833521406e-205,1.384528736251034e-147,0.0
3817.0,0.0018161349880712117,1.3884289155923521e-106,1.4394946912762428e-206,6.5173928506672e-149,0.0
3818.0,0.0018161349880712117,1.03195596568616e-107,3.8301989375671924e-208,3.025695544662439e-150,0.0
3819.0,0.0018161349880712117,7.564462641406459e-109,1.0051063007015139e-209,1.3853386526421162e-151,0.0
3820.0,0.0018161349880712117,5.468577846817719e-110,2.601249798168463e-211,6.255558326693366e-153,0.0
3821.0,0.0018161349880712117,3.898971990657094e-111,6.639441117534867e-213,2.7858363700392987e-154,0.0
3822.0,0.0018161349880712117,2.741607199782904e-112,1.671322992811171e-214,1.2235579133982596e-155,0.0
3823.0,0.0018161349880712117,1.9012522833003705e-113,4.149240919718924e-216,5.299963229239053e-157,0.0
3824.0,0.0018161349880712117,1.3003302488269513e-114,1.0159125296013355e-217,2.2641259529453265e-158,0.0
3825.0,0.0018161349880712117,8.77095700821838e-116,2.4531459151114014e-219,9.539106761131511e-160,0.0
3826.0,0.001888412048458661,5.834715694455081e-117,5.842111557563762e-221,3.963640305292767e-161,0.0
3827.0,0.001968281237038081,3.827999005416512e-118,1.372131423815687e-222,1.624277254272929e-162,0.0
3828.0,0.0020481504256175008,2.476870686754793e-119,3.17834454896352e-224,6.56455799410074e-164,0.0
3829.0,0.002128019614196921,1.580571878115813e-120,7.260819491111347e-226,2.6165570979803524e-165,0.0
3830.0,0.002207888802776338,9.947285155826324e-122,1.6358734539456049e-227,1.0285711604203271e-166,0.0
3831.0,0.0022877579913557575,6.174108898889803e-123,3.6349058800429004e-229,3.987657688542702e-168,0.0
3832.0,0.0023676271799351776,3.7794047344279776e-124,7.965554898117361e-231,1.5246873508745867e-169,0.0
3833.0,0.0024716062943463636,2.2816652091841555e-125,1.7215446866450976e-232,5.749407941310679e-171,0.0
3834.0,0.002631740172720146,1.3585006106773078e-126,3.669441476510917e-234,2.1381828990338512e-172,0.0
3835.0,0.0027918740510939318,7.977138928452609e-128,7.7136695676279035e-236,7.842345637481507e-174,0.0
3836.0,0.002952007929467714,4.619701061965942e-129,1.5991952693405556e-237,2.8367855535239953e-175,0.0
3837.0,0.0031121418078414965,2.6385175756765528e-130,3.2698012983871096e-239,1.0120137987685942e-176,0.0
3838.0,0.003272275686215282,1.486228241053381e-131,6.593570096873455e-241,3.5606211052805975e-178,0.0
3839.0,0.0034324095645890643,8.256394341270675e-133,1.3112916426281398e-242,1.2355049492652136e-179,0.0
3840.0,0.0035925434429628497,4.523501573124439e-134,2.5719194281227233e-244,4.228074365216981e-181,0.0
3841.0,0.003697103549800668,2.4442097036536356e-135,4.975019931224005e-246,1.426987422162321e-182,0.0
3842.0,0.003777369111704747,1.3025115475830412e-136,9.4909938276206e-248,4.749819139046948e-184,0.0
3843.0,0.0038576346736088236,6.845483069931825e-138,1.785697773074477e-249,1.5592415572453913e-185,0.0
3844.0,0.0039379002355129,3.5481830690230104e-139,3.3134744274751333e-251,5.048113714449024e-187,0.0
3845.0,0.004018165797416977,1.813791397683516e-140,6.063713722857198e-253,1.61184864153953e-188,0.0
3846.0,0.004098431359321057,9.144249274309466e-142,1.0943926199808558e-254,5.075733200321267e-190,0.0
3847.0,0.0041786969212251335,4.546614946413865e-143,1.9479913413107473e-256,1.5763502293154164e-191,0.0
3848.0,0.004258974620026248,2.229501116384929e-144,3.4196392141123596e-258,4.828208794393318e-193,0.0
3849.0,0.004339373182093703,1.0782180877441134e-145,5.920425973029585e-260,1.4584742683784363e-194,0.0
3850.0,0.004419771744161155,5.142625892772609e-147,1.0108926104275522e-261,4.34501119749911e-196,0.0
3851.0,0.00450017030622861,2.419037780702715e-148,1.7023015267030714e-263,1.276622306912223e-197,0.0
3852.0,0.004580568868296062,1.1222245636547537e-149,2.827140261666577e-265,3.6992472326732947e-199,0.0
3853.0,0.004660967430363517,5.134477910267577e-151,4.630603784931168e-267,1.057167215589324e-200,0.0
3854.0,0.004741365992430968,2.3168195495003685e-152,7.480098028412925e-269,2.979568783091832e-202,0.0
3855.0,0.004821764554498423,1.0310210414465778e-153,1.1916709612206643e-270,8.282139564263743e-204,0.0
3856.0,0.0048239044401808505,4.525038182617575e-155,1.8723404665312937e-272,2.270445459724593e-205,0.0
3857.0,0.00474350587811339,1.9586478844711264e-156,2.9013003540103663e-274,6.138453962995536e-207,0.0
3858.0,0.004663107316045932,8.361224559356995e-158,4.433839400691286e-276,1.6367650104419858e-208,0.0
3859.0,0.004582708753978474,3.520163271900224e-159,6.682617840809949e-278,4.3042061320496435e-210,0.0
3860.0,0.004502310191911016,1.461622188336594e-160,9.933280360994432e-280,1.1162955447108514e-211,0.0
3861.0,0.004421911629843558,5.98531273290385e-162,1.4561903911320827e-281,2.8552538186291264e-213,0.0
3862.0,0.004341513067776101,2.417229953943526e-163,2.105343814436953e-283,7.202605871845648e-215,0.0
3863.0,0.00426111450570864,9.627831645228277e-165,3.0019765573352285e-285,1.791900870849048e-216,0.0
3864.0,0.004180833266979222,3.7819728580300855e-166,4.2215405414568155e-287,4.3966076416648134e-218,0.0
3865.0,0.004100567705075145,1.465169022831399e-167,5.854826533381596e-289,1.0639000771255768e-219,0.0
3866.0,0.004020302143171069,5.598045815438642e-169,8.008229310500862e-291,2.539003914379167e-221,0.0
3867.0,0.003940036581266989,2.109427332508585e-170,1.0802850564158153e-292,5.975927232900156e-223,0.0
3868.0,0.003859771019362912,7.839206226251132e-172,1.4372080357185633e-294,1.3871602355503898e-224,0.0
3869.0,0.0037795054574588354,2.873154698869844e-173,1.8857334510112666e-296,3.1756114641243213e-226,0.0
3870.0,0.003699239895554759,1.0385450283483751e-174,2.44017162931868e-298,7.169807432594996e-228,0.0
3871.0,0.0036190111281088626,3.702295267610314e-176,3.1141522549941166e-300,1.5964930121961116e-229,0.0
3872.0,0.003538878127060981,1.3016558448901714e-177,3.9195725775337144e-302,3.505951892518917e-231,0.0
3873.0,0.003458745126013097,4.51336746446501e-179,4.865382393606783e-304,7.593190281538442e-233,0.0
3874.0,0.0033786121249652157,1.543421746199698e-180,5.956273726450297e-306,1.6218923074066103e-234,0.0
3875.0,0.0032984791239173313,5.205326029168001e-182,7.191371370851402e-308,3.416639400137549e-236,0.0
3876.0,0.00321834612286945,1.7313730673107932e-183,8.56304420001587e-310,7.098321663730157e-238,0.0
3877.0,0.003138213121821566,5.679534982286413e-185,1.005597198427e-311,1.454425923375763e-239,0.0
3878.0,0.0030580801207736844,1.8374447971536184e-186,1.16466043944e-313,2.939049751822373e-241,0.0
3879.0,0.0030318769341192565,5.862666931910627e-188,1.330313485e-315,5.857356653988422e-243,0.0
3880.0,0.0030318769341192565,1.8448265641318042e-189,1.498608e-317,1.1512663215414367e-244,0.0
3881.0,0.0030318769341192565,5.725260675694191e-191,1.66495e-319,2.2316666922581496e-246,0.0
3882.0,0.0030318769341192565,1.7523239108596327e-192,1.823e-321,4.26640680170447e-248,0.0
3883.0,0.0030318769341192565,5.289479142322264e-194,2e-323,8.044046909850893e-250,0.0
3884.0,0.0030318769341192565,1.574674631511482e-195,0.0,1.4957751926147273e-251,0.0
3885.0,0.0030318769341192565,4.623258246610457e-197,0.0,2.743073584059057e-253,0.0
3886.0,0.0030318769341192565,1.3387049682328693e-198,0.0,4.961214332561078e-255,0.0
3887.0,0.0030318769341192565,3.822970945467185e-200,0.0,8.849483453134007e-257,0.0
3888.0,0.0030318769341192565,1.076704479109504e-201,0.0,1.5567800356279272e-258,0.0
3889.0,0.0030318769341192565,2.990690300111579e-203,0.0,2.700946523182352e-260,0.0
3890.0,0.0030318769341192565,8.192675711756209e-205,0.0,4.621512347352478e-262,0.0
3891.0,0.0030318769341192565,2.2133978677641793e-206,0.0,7.798869439590493e-264,0.0
3892.0,0.0030318769341192565,5.897563285689051e-208,0.0,1.2979518512841346e-265,0.0
3893.0,0.0030318769341192565,1.5497624455212954e-209,0.0,2.1304184502399533e-267,0.0
3894.0,0.0029947662609870955,4.016400898249891e-211,0.0,3.448662122362344e-269,0.0
3895.0,0.002914765383661197,1.0265695508349126e-212,0.0,5.505741026739766e-271,0.0
3896.0,0.0028347645063352958,2.5877308389044076e-214,0.0,8.6688265267606e-273,0.0
3897.0,0.002754763629009395,6.43323216401891e-216,0.0,1.3461214512308197e-274,0.0
3898.0,0.002674762751683494,1.5773161418646746e-217,0.0,2.0615201204291775e-276,0.0
3899.0,0.0025947618743575925,3.814061320155044e-219,0.0,3.1136537144806654e-278,0.0
3900.0,0.0025147609970316916,9.095697208479171e-221,0.0,4.6380181494711285e-280,0.0
3901.0,0.00243476011970579,2.1392607247657122e-222,0.0,6.813558308995749e-282,0.0
3902.0,0.0024235052434280037,4.962160890055251e-224,0.0,9.871767312360252e-284,0.0
3903.0,0.0024235052434280037,1.1351607468923409e-225,0.0,1.4105719496625868e-285,0.0
3904.0,0.0024235052434280037,2.5610808500762494e-227,0.0,1.9878104833099496e-287,0.0
3905.0,0.0024235052434280037,5.6986057585808474e-229,0.0,2.762702432563756e-289,0.0
3906.0,0.0024235052434280037,1.250527758826481e-230,0.0,3.786802399255001e-291,0.0
3907.0,0.0024235052434280037,2.7064341232596007e-232,0.0,5.11906421165814e-293,0.0
3908.0,0.0024235052434280037,5.776715569728085e-234,0.0,6.824768287223268e-295,0.0
3909.0,0.0024438856950661702,1.2160289343031623e-235,0.0,8.973557390425857e-297,0.0
3910.0,0.002523886572392065,2.5245631164684e-237,0.0,1.1636457255788283e-298,0.0
3911.0,0.0026038874497179604,5.169016961631826e-239,0.0,1.488182908743244e-300,0.0
3912.0,0.0026838883270438587,1.0437802659340667e-240,0.0,1.877030141236935e-302,0.0
3913.0,0.002763889204369754,2.0786894227065365e-242,0.0,2.3348854598858553e-304,0.0
3914.0,0.0028438900816956493,4.0827193840926284e-244,0.0,2.8644372638988454e-306,0.0
3915.0,0.002923890959021544,7.908404151795728e-246,0.0,3.4657118332594714e-308,0.0
3916.0,0.0030038918363474425,1.5108021012897872e-247,0.0,4.1354710371528e-310,0.0
3917.0,0.0030318769341192565,2.8464640622293463e-249,0.0,4.866726248795e-312,0.0
3918.0,0.0030318769341192565,5.289117680316265e-251,0.0,5.6484365244e-314,0.0
3919.0,0.0030318769341192565,9.692596978242449e-253,0.0,6.4654534e-316,0.0
3920.0,0.0030318769341192565,1.7517675618888756e-254,0.0,7.298763e-318,0.0
3921.0,0.0030318769341192565,3.122426364435088e-256,0.0,8.126e-320,0.0
3922.0,0.0030318769341192565,5.48892542831845e-258,0.0,8.94e-322,0.0
3923.0,0.0030318769341192565,9.516162640184894e-260,0.0,1e-323,0.0
3924.0,0.0030282267039751197,1.6271057558322958e-261,0.0,0.0,0.0
3925.0,0.0029482258266492188,2.743778867926515e-263,0.0,0.0,0.0
3926.0,0.0028682249493233174,4.5631193972926893e-265,0.0,0.0,0.0
3927.0,0.0027882240719974164,7.484347751097014e-267,0.0,0.0,0.0
3928.0,0.002708223194671515,1.2106691725846034e-268,0.0,0.0,0.0
3929.0,0.002628222317345614,1.9314186022323083e-270,0.0,0.0,0.0
3930.0,0.002548221440019713,3.038832314063471e-272,0.0,0.0,0.0
3931.0,0.002468220562693812,4.715377446857188e-274,0.0,0.0,0.0
3932.0,0.0024587908014880935,7.216150597242636e-276,0.0,0.0,0.0
3933.0,0.0025387916788139945,1.0891159401357453e-277,0.0,0.0,0.0
3934.0,0.002618792556139896,1.6211456700760184e-279,0.0,0.0,0.0
3935.0,0.002698793433465797,2.3798488075408715e-281,0.0,0.0,0.0
3936.0,0.0027787943107916977,3.4455304596433766e-283,0.0,0.0,0.0
3937.0,0.002858795188117599,4.919740776164333e-285,0.0,0.0,0.0
3938.0,0.0029387960654435,6.927997891317823e-287,0.0,0.0,0.0
3939.0,0.0030187969427694014,9.621719095054691e-289,0.0,0.0,0.0
3940.0,0.0030318769341192565,1.3178834386906322e-290,0.0,0.0,0.0
3941.0,0.0030318769341192565,1.78024890511265e-292,0.0,0.0,0.0
3942.0,0.0030318769341192565,2.3717223945797768e-294,0.0,0.0,0.0
3943.0,0.0030318769341192565,3.1162075930921597e-296,0.0,0.0,0.0
3944.0,0.0030318769341192565,4.038018540260132e-298,0.0,0.0,0.0
3945.0,0.0030318769341192565,5.16047449464569e-300,0.0,0.0,0.0
3946.0,0.0030318769341192565,6.504147226221524e-302,0.0,0.0,0.0
3947.0,0.0030504629153509095,8.08482252214598e-304,0.0,0.0,0.0
3948.0,0.003130595916398785,9.911286226864625e-306,0.0,0.0,0.0
3949.0,0.0032107289174466633,1.198309344193173e-307,0.0,0.0,0.0
3950.0,0.0032908619184945417,1.428852087311126e-309,0.0,0.0,0.0
3951.0,0.00337099491954242,1.6802929351223e-311,0.0,0.0,0.0
3952.0,0.0034511279205902985,1.94877692795e-313,0.0,0.0,0.0
3953.0,0.003531260921638177,2.22904408e-315,0.0,0.0,0.0
3954.0,0.0036113939226860552,2.514517e-317,0.0,0.0,0.0
3955.0,0.003691610089290102,2.7975e-319,0.0,0.0,0.0
3956.0,0.003771875651194179,3.07e-321,0.0,0.0,0.0
3957.0,0.003852141213098258,3.5e-323,0.0,0.0,0.0
3958.0,0.003932406775002335,0.0,0.0,0.0,0.0
3959.0,0.004012672336906412,0.0,0.0,0.0,0.0
3960.0,0.004092937898810488,0.0,0.0,0.0,0.0
3961.0,0.0041732034607145675,0.0,0.0,0.0,0.0
3962.0,0.004249806715611624,0.0,0.0,0.0,0.0
3963.0,0.004169541153707547,0.0,0.0,0.0,0.0
3964.0,0.004089275591803471,0.0,0.0,0.0,0.0
3965.0,0.0040090100298993915,0.0,0.0,0.0,0.0
3966.0,0.003928744467995315,0.0,0.0,0.0,0.0
3967.0,0.0038484789060912383,0.0,0.0,0.0,0.0
3968.0,0.0037682133441871617,0.0,0.0,0.0,0.0
3969.0,0.003687947782283082,0.0,0.0,0.0,0.0
3970.0,0.0036077376640831164,0.0,0.0,0.0,0.0
3971.0,0.0035276046630352354,0.0,0.0,0.0,0.0
3972.0,0.003447471661987351,0.0,0.0,0.0,0.0
3973.0,0.0033673386609394695,0.0,0.0,0.0,0.0
3974.0,0.0032872056598915855,0.0,0.0,0.0,0.0
3975.0,0.003207072658843704,0.0,0.0,0.0,0.0
3976.0,0.0031269396577958196,0.0,0.0,0.0,0.0
3977.0,0.003046806656747938,0.0,0.0,0.0,0.0
3978.0,0.0030318769341192565,0.0,0.0,0.0,0.0
3979.0,0.0030318769341192565,0.0,0.0,0.0,0.0
3980.0,0.0030318769341192565,0.0,0.0,0.0,0.0
3981.0,0.0030318769341192565,0.0,0.0,0.0,0.0
3982.0,0.0030318769341192565,0.0,0.0,0.0,0.0
3983.0,0.0030318769341192565,0.0,0.0,0.0,0.0
3984.0,0.0030318769341192565,0.0,0.0,0.0,0.0
3985.0,0.0030486347860494063,0.0,0.0,0.0,0.0
3986.0,0.0031287677870972877,0.0,0.0,0.0,0.0
3987.0,0.0032089007881451717,0.0,0.0,0.0,0.0
3988.0,0.003289033789193053,0.0,0.0,0.0,0.0
3989.0,0.0033691667902409376,0.0,0.0,0.0,0.0
3990.0,0.003449299791288819,0.0,0.0,0.0,0.0
3991.0,0.003529432792336703,0.0,0.0,0.0,0.0
3992.0,0.0036095657933845845,0.0,0.0,0.0,0.0
3993.0,nan,0.0,0.0,0.0,0.0
3994.0,nan,0.0,0.0,0.0,0.0
3995.0,nan,0.0,0.0,0.0,0.0
3996.0,nan,0.0,0.0,0.0,0.0
3997.0,nan,0.0,0.0,0.0,0.0
3998.0,nan,0.0,0.0,0.0,0.0
3999.0,nan,0.0,0.0,0.0,0.0
4000.0,nan,0.0,0.0,0.0,0.0
